num,id,intitule,description
1,213QCQS,CONSEILLER SERVICE APRES VENTE (H/F),"Le groupe familial Bigot Automobiles, acteur reconnu dans le secteur automobile en région Centre, recherche pour sa concession OPEL à Blois un Conseiller Service Après Vente (H/F) afin de renforcer son équipe après-vente.

En tant que Conseiller service après-vente, vous êtes le premier interlocuteur de nos clients et garantissez leur satisfaction tout au long de leur parcours en atelier.

Vos principales missions sont :

Accueillir nos clients avec professionnalisme et convivialité
Identifier leurs besoins et établir les ordres de réparation
Planifier et coordonner les interventions atelier
Assurer le suivi des travaux et tenir le client informé de leur évolution
Rédiger les devis et expliquer les prestations réalisées
Restituer les véhicules et garantir une expérience client irréprochable
Participer à la fidélisation de notre clientèle par un service de qualité

Profil recherché

Vous justifiez idéalement d'une première expérience en réception atelier ou dans le secteur automobile
Vous avez le sens du service, un excellent relationnel et aimez travailler en équipe
Vous êtes organisé(e), rigoureux(se) et à l'aise avec les outils informatiques
Vous appréciez le contact client et savez gérer les priorités
Une connaissance de la marque OPEL ou du réseau constructeur serait un plus"
2,7095683,CHARGE.E DE RELATION CLIENT (H/F),"L'Agence Start People Lyon recherche pour son client basé à Dardilly, un.e Chargé.e de relation client particuliers. Dans le cadre de vos missions, vous serez amené.ePrendre en charge et traiter toutes les demandes « multicanal » des clients existants (Explication de facture, mise à jour des coordonnées, résolution de litige etc),Relayer les demandes clients auprès des services concernés (prise d'information ou transfert d'activité / appel),Analyser les dossiers clients pour proposer la solution adéquate,Négocier les conditions commerciales avec les clients existants de façon réactive ou pro-active,Gestion des appels entrants et si besoin sortant pour certains dossiers (entre 1h00 à 2h00 de traitement back-office, le reste de la journée en appel entrant) => en fonction de l'activité, vous pouvez être amené.e à faire des journées complètes d'administratif. CONDITIONS DU CONTRAT : IntérimLieu de mission : DardillyRémunérationbrutHoraires de travail : 9hh00 / 14hh00 ou 8hh00 / 13hh00 (une semaine sur deux)Tickets restaurants 10 € dont 5.6 € pris en charge par la société Renouvellement possible en fonction de l'activité "
3,7031192,Chargé Relation Client H/F,"Poste à pourvoir en CDI.Parce que la qualité de nos prestations et la satisfaction de nos clients sont nos valeurs cardinales, nos services clients sont au coeur de notre réseau d'agences. Composées d'experts.es en expérience clients nos équipes sont présentes au quotidien pour répondre à leurs demandes.Vous aimez bâtir un véritable partenariat avec vos clients ? Contribuer à la stratégie de fidélisation de nos clients ?Au sein de notre agence de Bruz spécialisée dans le transport européen de fret industriel par la route, vous serez directement sous la responsabilité de Murielle au sein de notre équipe composée de professionnels de la Relation client.Par une attitude positive et enthousiaste, votre mission principale sera d'assurer la satisfaction et la fidélisation de nos clients en appliquant la stratégie de relation client au sein de l'entreprise.En tant que Chargé(e) Relation Client H/F, vos objectifs seront de :Fidéliser nos clients :"
4,213QPTY,Chargé(e) relation client - CDD (H/F),"* Assurer l'accueil téléphonique des locataires présentant une réclamation technique,       
* Assurer le traitement des réclamations techniques des locataires selon les procédures en vigueur,       
* Emettre les bons de travaux,       
* Transmettre les bons de travaux aux entreprises,       
* Traiter l'envoi aux entreprises des devis acceptés, assurer le classement       
* Réaliser le classement et la gestion administrative des Bons de Travail (B.T.)       
* En cas d'incompréhension de la réclamation, faire un bon d'intervention au ""Responsable entretien bâtiment"" pour analyse de la panne,       
* Assurer le comptage et la relance des bons de travaux, de régie ou d'intervention non clôturés (Hors EDL et travaux commandés par gestionnaires locatifs),       
* Assurer le suivi de l'exécution effective des travaux émis (hors EDL et travaux commandés par gestionnaires locatifs),       
* Faire respecter les délais d'intervention, par nos prestataires, conformes à ce qui est noté sur le bon d'intervention et les relancer (hors EDL et travaux commandés par les gestionnaires locatifs)       
* Participer, à tour de rôle, aux commissions techniques,       
* Traiter les sollicitations par mail de la la boîte générique (locataires, entreprises, Agences,.)       
* Effectuer des enquêtes prestataires en appels sortants auprès des locataires,       
*Assurer un reporting pertinent et régulier de l'état de la clôture des bons de travaux à son responsable hiérarchique et des raisons qui s'opposent à ces clôtures,       
* Faire le suivi administratif des bons de travaux, devis et factures et le classement."
5,213ZKKQ,Attaché commercial (H/F),"Pour un client spécialiste de l'assurance et de la mutuelle et leader sur son marché, vos missions seront les suivantes:
 Etablit et réalise un plan de prospection pour la recherche de nouveaux clients.
. Vérifie la solvabilité des clients prospectés.
. Anime le portefeuille des clients existants dont il a la charge, et recherche de nouveaux marchés.
  Négocie les conditions de vente et les révisions tarifaires.
 Réalise le suivi administratif de son périmètre (visites d'entretien, courriers, etc.).
 Renseigne et actualise les outils de suivi des forces de vente
 Assure une veille commerciale et participe à toute action de promotion (salons, journées portes ouvertes, réunions
 etc.) à laquelle il lui est demandé de prendre part.
 Rend compte de son activité selon un échéancier et des critères précis, fixés avec le Directeur de l'établissement ou
 son référent.
 Prend part à l'élaboration de la stratégie commerciale.
 Réalise les devis
le poste etant à pourvoir au sein d'une entreprise adaptée, le recrutement est reservé à un béneficiaire de l'obligation de l'emploi (RQTH,AAH, pension d'invalidité et Rente ATMP)
 possibilitté de prolongation et pérenisation en CDI"
6,207WCJF,Chargé / Chargée de relation client (H/F),"Rattaché(e) à la Direction Force de Ventes, au sein du service commercial, vous travaillerez en collaboration avec les équipes et apporterez votre contribution sur l'ensemble des tâches du service.
Vos missions seront les suivantes :
1 - Développement des clients Actifs :
- Préparer vos visites clients en analysant le comportement d'achat afin de proposer la gamme de produits et les services les plus adaptés
- Argumenter les ventes en informant et en conseillant au mieux le client sur les produits et les services
- Optimiser la rentabilité en développant la marge du client et en limitant les coûts annexes
2 - Prospection nouveaux clients :
- Détecter lors de la première visite de découverte le potentiel du client, les attentes en matière de produits et services, pour réaliser une proposition concrète dès la seconde visite
- Optimiser vos plans de tournées en prospectant de nouveaux clients à fort potentiel
3 - Suivi des ventes et performances commerciales :
- Instaurer une relation de « business Partner » avec les acteurs en interne (Directeurs et Directrice de Halles, Conseillers et conseillères de vente et/ou Experts produits, Chef des Ventes)
- Analyser toutes les fins de semaine le chiffre d'affaires et la marge de votre périmètre pour amender des actions et le planning prioritaires
- Remonter à votre Chef des ventes toute information relative à des clients potentiels ou actuels, susceptible d'améliorer la performance commerciale
- Réaliser des comptes rendus de visites synthétiques
Vos apprentissages au CFA :
Véritable levier de poursuite d'étude ou de reconversion et de formation, le CFA METRO souhaite révéler le M en vous afin de transformer votre apprentissage en réussite professionnelle en mettant en avant :
- Une formation sur mesure : visite des plateformes, MasterClass, etc.
- Un suivi individualisé : one to one mensuel.
- Un accompagnement vers une carrière évolutive au sein de METRO France
- La cohérence entre le diplôme préparé et les missions confiées
- Une formation et une alternance clés en main : METRO France en collaboration avec son CFA, vous offre l'opportunité de préparer en alternance, sur une année, un Bachelor avec une spécialisation CAC (Chargé d'Affaires Commerciale) - Titre RNCP niveau VI (équivalent à licence/BUT).
Informations complémentaires : - Permis B obligatoire : Mise à disposition d'un véhicule de service
- Vos week-ends seront libres
- Un plan d'intégration complet sur plusieurs semaines, une formation continue, un accompagnement quotidien
- Un CDI à la clé et des possibilités d'évolution internes à 2/3 ans
Le CFA dans le cadre de votre apprentissage est à NANTERRE : le groupe prend en charge vos frais de transport, d'hébergement et de restauration."
7,6710585,CONSEILLER DE VENTE (H/F),"Acteur(trice) de la réussite du projet d'habitat de nos clients
Vous mettez à profit votre expertise auprès de nos clients afin de les conseiller et favorisez la coopération avec l'équipe pour apporter la meilleure réponse à leurs besoins et la réussite de leurs projets.
Vous êtes rattaché à l'un des univers du point de vente et vous contribuez à fluidifier et rendre agréable le parcours d'achat de nos clients.
Vous êtes garant(e) de l'approvisionnement et de la qualité de la tenue de votre espace de vente et vous n'hésitez pas à prendre des initiatives au quotidien pour mettre en valeur vos produits et les services.
Vous êtes une Femme ou un Homme doté(e) d'un excellent relationnel vous permettant de concrétiser vos ventes et ainsi contribuer à la performance du magasin.


Esprit d'équipe, passionné(e) par le commerce et la relation client, fédérateur(trice) avec le goût du terrain, vous avez déjà éprouvé ces qualités dans une expérience significative sur un poste similaire. Vous avez une bonne maîtrise des différentes techniques de vente et vous avez également à cœur d'intégrer un point de vente qui place le client au cœur de ses préoccupations.


 Conseiller(e) de Vente Bois/ Menuiserie, avec découpe de Bois et de Verre ; 35h par semaine , et jour de repos fixe 
Salaire : 1780.00 brut
Contrat : CDI
Niveau d'expérience minimum requis : Confirmé
Niveau d'études minimum requis : CAP / BEP
Temps de travail : Temps plein
Statut : Non cadre"
8,5677580,Technicien back office pour notre Service Après-Ventes (m/f/d) (H/F),"Technicien back office pour notre Service Après-Ventes (m/f/d) Voici ce qui vous attend Vous allez établir des offres et enregistrer les commandes dans notre système informatiqueVous allez être en contacts avec nos clients en France et vous allez clarifier les demandesVous allez suivre les commandes jusqu'à la facturationVous allez assister à la coordination et le planning des maintenances à réaliser, inclus la préparation des documents d'accèsVous pourrez être amené à faire des visites chez les clients avec le Area Sales ManagerOccasionnellement vous pourrez participer aux réunions techniques et aux négociations commerciales, toujours soutenu par le Area Sales ManagerToutes les activités se font toujours en étroite collaboration avec notre société mère en Allemagne basée à Regensburg. De plus vous serez également en contact avec nos collègues Espagne et/ou autres succursales Ce qui vous distingue Vous avez un Diplôme de Brevet Technicien Supérieur ou vous êtes un dynamique ingénieur en électrotechnique ou vous avez une formation industrielle comparable et éventuellement une premier/ière expérience professionnelle dans le domaine de l'énergie électrique et la haute tensionVous avez une compréhension facile pour des appareils électromécaniques et des composants analogiques et digitauxVous maîtrisez le Français (parlé et écrit) et l'Anglais ou l'AllemandVous êtes capable de travailler d'une façon indépendant/ante et en équipe et de respecter des deadlinesVous communiquez d'une façon claire, structurée et courtoiseVous avez des connaissances informatiques basique MS-Office (Word, Excel) Our Benefits: Flexible Working Models & Work-Life-BalanceWe attach great importance to flexibility and modern working. That is why we offer the opportunity to organize working hours individually and to use up to % of working hours as part of Smart Working for employees and managers. Sustainability and Environmental AwarenessWe focus not only on sustainability but also on environmental protection with our internal waste separation system. We also have accessible water dispensers. Training and DevelopmentOur learning platform and external training courses offer you unique opportunities to develop your skills in a targeted manner and realize your full potential. Work EnvironmentA positive working atmosphere is important to us. That's why we encourage communication through regular company meetings and celebrate the end of the year together at a festive Christmas party."
9,213MNPD,Chargé de clientèle - Coordination / Planification (H/F),"Depuis plus de 130 ans, Intertek, Groupe International, a pour objectif de devenir le partenaire le plus fiable au monde en matière d'assurance qualité en dépassant les attentes de nos clients à travers la mise en œuvre de solutions innovantes d'assurance qualité, de test, d'inspection et de certification pour leurs opérations et leurs chaînes d'approvisionnement.

Nous rejoindre c'est faire partie d'une famille mondiale qui défend la diversité, choisit toujours l'option la plus juste et agit avec précision, dynamisme et passion. Nous nous faisons confiance et prenons plaisir à gagner ensemble. Notre futur nous appartient et nous le façonnons. Nous créons de la croissance durable, pour tous.

Venez donner vie à la qualité et la sécurité, durablement.

L'activité Audits Pharma, leader Mondial dans son domaine, travaille avec 130 auditeurs basés dans plus de 30 pays. Notre cœur de métier est d'accompagner nos clients, laboratoires pharmaceutiques et cosmétiques dans la réalisation de leurs audits de fournisseurs et sous-traitants selon les règlementations Européennes et Américaines. Par son action, l'activité Audits Pharma intervient dans l'amélioration de la sécurité des produits de santé distribués dans le monde.

Pour renforcer son équipe, l'activité Audits Pharma recherche son futur Chargé de clientèle - Coordination / Planification F/H.

Vos principales missions seront les suivantes :
Être l'interlocuteur privilégié des clients, des sites audités et des auditeurs pour les activités post-audit, dans un environnement international.
Coordonner les activités post-audit afin de garantir la qualité des livrables clients dans le respect des délais contractuels, et assurer les relances nécessaires.
Vérifier la qualité des livrables incluant les rapports d'audit transmis aux clients et les mettre en forme si nécessaire afin de garantir le niveau de qualité attendu.
Préparer et émettre les factures clients dans le respect des processus établis.

Nous allons aimer chez vous :
De formation BAC+2 vous justifiez d'une première expérience significative et réussie dans un environnement international.
Une expérience en assurance qualité dans l'industrie sera très appréciée.

Les clés de réussite sur ce poste ?
Vous êtes organisé, rigoureux, proactif, et réactif.
Vous êtes orienté client avec une excellente élocution et une communication efficace.
Vous êtes dynamique, volontaire avec un esprit de synthèse.

Vous avez en plus, le goût du challenge, une forte capacité à travailler en équipe ainsi qu'à gérer les priorités.

Impératifs sur ce poste
Votre anglais est courant (échanges quotidiens avec l'étranger, écrit et oral) et vous maitrisez impérativement l'outil informatique, notamment Word et Excel.

Pourquoi nous rejoindre : Vous bénéficierez d'un plan d'intégration complet, d'une formation continue, d'un accompagnement quotidien, de possibilités d'évolution internes et d'une politique salariale annuelle
Accord télétravail et horaires flexibles, 12j RTT, prime de vacances, accord de participation aux bénéfices et d'intéressement, prise en charge de 60% de la mutuelle, 60% de vos titres restaurants, de 50% de votre abonnement transport en commun, prévoyance, Comité Social et Economique

Venez partager une expérience multiculturelle et internationale sur ce poste à pourvoir dès septembre 2026 en CDI dès maintenant sur notre site de Dardilly (69)"
10,214BPMD,Chargé / Chargée de relation client (H/F),"Chez Ymanci, nous accompagnons chaque jour nos clients dans la réalisation de leurs projets grâce à des solutions de financement personnalisées.

Depuis plus de 25 ans, l'expertise et l'engagement de nos collaborateurs nous permettent de proposer un accompagnement de qualité, centré sur la satisfaction de nos clients.

 

En nous rejoignant, vous bénéficierez :

Une véritable école du courtage et de la performance commerciale, pour développer votre expertise et faire évoluer votre carrière
Des outils et méthodes éprouvés depuis plus de 25 ans pour accompagner votre réussite
Une rémunération attractive, complétée par des challenges commerciaux réguliers
De réelles perspectives d'évolution, dans un groupe qui valorise les talents et la promotion interne
Un esprit d'équipe fort, porté par la proximité managériale, l'entraide et la réussite collective
Un Groupe engagé en faveur de la diversité, de l'égalité des chances et de l'emploi des personnes en situation de handicap, reconnu employeur handi-engagé par le label Handi'Match

Afin de poursuivre notre développement, nous recherchons un(e) Commercial Sédentaire (F/H) pour notre centre d'appel situé à notre siège de Gondreville (54).
Poste à pourvoir le 2 novembre 2026.

Premiers interlocuteurs de nos prospects, vous êtes au cœur de la relation client et contribuez activement à la concrétisation de leurs projets.
Au sein des équipes de Maryline (40 collaborateurs), vous qualifiez les projets de nos clients, analysez leurs besoins et contribuez à la réussite de leur parcours.


Vos missions

Contacter nos prospects par téléphone pour comprendre leurs besoins et construire une relation de confiance

Analyser la faisabilité des projets dans le respect des critères de nos partenaires bancaires

Qualifier les opportunités commerciales et organiser les rendez-vous pour nos conseillers spécialisés

Assurer un suivi rigoureux des dossiers et garantir la qualité des informations transmises

Ce que nous offrons

Rémunération : salaire mensuel fixe 1867,06€ + variable selon votre performance (jusqu'à 500€ bruts / mois) + challenges bimensuels (pouvant représenter 150€ bruts)
Avantages : titres restaurant, mutuelle, RTT, CSE
Prise en charge des transports en commun à hauteur de 75%
Possibilité de télétravail à raison d'1 jour par semaine
Votre profil

Goût du challenge et de la performance
Aisance relationnelle et téléphonique
Persévérance, curiosité et sens du service
Esprit d'équipe et goût de la réussite collective
 

Vous avez déjà une fibre commerciale et souhaitez franchir un cap dans votre carrière ? Rejoignez Ymanci et développez pleinement votre potentiel au sein d'un groupe qui mise sur la montée en compétences, l'accompagnement et l'évolution de ses talents.

Une information collective aura lieu dans nos locaux pour vous échanger sur le poste et l'entreprise, ensuite viendra la Méthode Recrutement par Simulation (recrutement sans CV).

Un premier entretien téléphonique avec Adeline ou Justine (20 min) nous permettra d'échanger sur les attentes respectives. Si concluant, vous rencontrerez ensuite le manager."
11,213XBNB,Chargé(e) de relations abonnés et facturation h/f (H/F),"LA REGIE PUBLIQUE EAU CŒUR D'ESSONNE 
RECHERCHE UN(E) CHARGE(E) DE RELATION ABONNES ET FACTURATION (H/F)
Etablissement public à caractère industriel et commercial, la Régie Eau Cœur d'Essonne 
exerce la compétence de distribution de l'eau potable sur l'ensemble du territoire de Cœur 
d'Essonne Agglomération. Elle dessert ainsi en eau près de 200 000 habitants et facture 
annuellement plus de 10 000 000 de m³ d'eau potable.
Constituée d'une équipe d'une quarantaine de collaborateurs, elle exerce toutes les missions 
d'un service public d'eau potable (relève des compteurs, exploitation du réseau, facturation 
des abonnés, et recouvrement des deniers publics). A l'heure où la préservation de la 
ressource en eau constitue un enjeu majeur de son activité de service public, la Régie est un 
acteur indispensable à la qualité de l'eau potable distribuée sur son territoire.
DESCRIPTION DU POSTE
Sous la direction de la Responsable du service relation abonnés, vous aurez en charge 
la gestion des missions quotidiennes réparties en 3 thématiques principales : 
- Facturation de l'eau potable
o Gestion des contrats d'abonnement au service (création résiliation, mise à 
jour) ;
o Intégration des relevés de compteurs et traitement d'anomalies diverses ;
o Maîtrise, validation et application des redevances de la facture d'eau potable ;
o Contrôle et analyse des factures, et traitement des anomalies signalées 
(notamment calculs d'échéanciers et contrôle de cohérence des volumes 
facturés) ;
o Gestion des échéanciers et des prélèvements.
- Relation avec les abonnés
o Identification des demandes et programmation des interventions terrain à 
réaliser par le service technique ; 
o Liaison téléphonique directe avec les abonnés ;
- Information de l'abonné sur toute question relative au petit cycle de 
l'eau ;
- Traitement des anomalies de facturation- Gestion des réclamations (notamment calculs de dégrèvements et mise 
en place d'échelonnements de paiements).
o Accueil physique des abonnés au sein du service.
- Gestion de l'astreinte
o Réception des demandes des abonnés en dehors des heures d'ouverture de la 
Régie ;
o Analyse des demandes et qualification de l'urgence (intervention immédiate ou 
différée) ;
o Contact régulier avec le technicien d'astreinte en cas d'intervention ;
o Liaison opérationnelle avec les abonnés et services publics ;
o Transcription de l'ensemble des interventions dans le cahier d'astreinte.
Pour mener à bien l'ensemble de ces missions, une période de formation initiale sera 
mise en place. Celle-ci devra vous permettre de maîtriser le fonctionnement de la suite 
logicielle OMEGA, au cœur du système de facturation de la Régie.
PROFIL
En contact constant auprès des abonnés de la Régie, vous faites preuve d'un excellent 
relationnel, d'une bonne capacité d'adaptation et êtes rigoureux(se). Vous appréciez le contact 
humain, êtes méthodique et êtes reconnu(e) pour votre esprit d'analyse.
Titulaire d'un niveau BAC+2, vous êtes apte à travailler en autonomie, en suivant des 
procédures définies par votre hiérarchie que vous contribuerez ponctuellement à construire.
Vous maîtrisez les fonctionnalités de la suite office, et êtes à l'aise dans la rédaction de 
courriers ainsi que dans les fonctions de calcul de base.
Une expérience préalable dans un service de facturation ou/et dans le domaine de l'eau ou de 
l'assainissement seraient un atout.
HORAIRES : Du lundi au vendredi de 8h30 à 12h00 et 13h30 à 18h00. Le travail est 
aménagé de manière à récupérer une journée tous les 15 jours.
Avantages d'entreprise (Mutuelle et Tickets restaurant + 13e mois et comité d'entreprise
CNAS)
Gestion de l'astreinte après 1 trimestre de formation minimum
Poste à pourvoir en CDI.
Rémunération : 26 à 31K Annuel Brut"
12,214NPNF,Charge de clientele (H/F),"Le poste :
Dans le cadre du remplacement temporaire d'un salarié absent, nous recherchons pour l'un de nos clients, La Poste , un Chargé de Clientèle H/F en mission d'intérim. Véritable ambassadeur(rice) de l'enseigne, vous êtes le premier interlocuteur des clients particuliers et professionnels au sein du bureau de poste. Vous assurez un accueil de qualité, identifiez les besoins des usagers et les accompagnez dans leurs démarches et achats de produits ou services. Vos missions Accueillir, renseigner et orienter les clients. Identifier les besoins et proposer les services adaptés. Réaliser les opérations courantes liées aux activités courrier, colis et services de proximité. Promouvoir les offres et services du groupe. Accompagner les clients dans l'utilisation des automates et outils digitaux. Garantir la qualité de service et la satisfaction client. Participer au bon fonctionnement et à la bonne tenue de l'espace d'accueil.


Profil recherché :
Titulaire d'un Bac minimum. Première expérience en relation clientèle, commerce, vente ou accueil appréciée . Excellent sens du service client et aisance relationnelle . Dynamisme, rigueur et autonomie. Capacité à travailler en équipe et à gérer les situations avec professionnalisme. Maîtrise des outils informatiques de base 
Tous nos postes sont ouverts aux personnes en situation de handicap."
13,7476616,Chargé de Clientèle Télévente (H/F),"Description du poste :

Vous prenez en charge, par téléphone, les missions suivantes Contact des prospects pré-identifiés par le réseau client pour détecter et formaliser leurs besoins


Proposition de services tout en garantissant une satisfaction client


Contribution au développement du portefeuille client


Traitement des objections et prise des rendez-vous d'installation.


Service ouvert du lundi au vendredi de 8h à 19h30 et le samedi de 8h à 18h


Planning variable sur une base de 35h, communiqué 8 semaines à l'avance avec 5 jours travaillés par semaine.


1910 € brut + 13ème mois + TR + 60 % de l'abonnement de transport en commun pris en charge.

Description du profil :

Vous avez une excellente aisance téléphonique et une très bonne élocution.


Vous possédez une expérience dans le domaine de la négociation commerciale et vous maîtrisez les techniques de vente.


Bac+2 minimum, idéalement en commerce ou relation client.


Une formation complète aux offres et outils sera dispensée."
14,214NSZF,"Chargé(e) de Relation Client, Agence et Innovation IA (H/F)","Rejoins Maison Masséna à Nice

Chez Maison Masséna, nous ne faisons pas de l'immobilier comme les autres. Nous sommes un collectif immobilier moderne, premium et innovant, où l'excellence de l'expérience client rencontre les nouvelles technologies. Afin d'accompagner notre croissance et de poursuivre notre transformation digitale, nous recherchons notre futur(e) Chargé(e) de Relation Client, Agence et Innovation IA.

Votre mission au sein du collectif

Membre à part entière de l'équipe, vous occuperez un poste stratégique et polyvalent combinant relation client, coordination d'agence et développement des outils d'intelligence artificielle.

1. Relation client & accueil d'excellence
Assurer l'accueil physique et téléphonique des clients, prospects et partenaires.
Garantir une expérience client premium à chaque interaction.
Répondre aux demandes entrantes avec réactivité et professionnalisme.
Assurer le suivi et la satisfaction de notre clientèle.

2. Support opérationnel & vie d'agence
Participer à l'organisation quotidienne de l'agence.
Assurer le suivi administratif des dossiers.
Coordonner les différents intervenants pour garantir la fluidité des opérations.
Veiller au bon fonctionnement des outils et espaces de travail.

3. Innovation & Intelligence Artificielle
Participer à l'intégration de solutions d'IA au sein de l'agence.
Identifier les tâches pouvant être automatisées afin d'améliorer la productivité.
Accompagner les équipes dans l'utilisation des nouveaux outils digitaux.
Réaliser une veille permanente sur les innovations technologiques et immobilières.
Participer à l'amélioration continue des process internes.

4. Communication & développement
Contribuer à la création de contenus pour les réseaux sociaux et les supports de communication.
Participer à la valorisation de la marque Maison Masséna.
Aider à l'organisation d'événements clients et partenaires.
Participer aux projets de développement de l'entreprise.

Le profil que nous recherchons : 

Formation  Bac+5.
Excellentes qualités relationnelles et rédactionnelles.
Sens du service client et de l'accueil haut de gamme.
Organisation, autonomie et esprit d'initiative.
Forte appétence pour les outils numériques et l'Intelligence Artificielle.
Maîtrise des outils bureautiques et collaboratifs.
Une expérience dans l'immobilier, l'administration ou la relation client serait appréciée.
La maîtrise de l'anglais constitue un véritable atout.

- Marketing digital et contenu 
- AI et outils digitaux 
- Communication multilingues

Pourquoi nous rejoindre ?

Un cadre de travail exceptionnel au cœur de Nice.
Une équipe ambitieuse, bienveillante et dynamique.
Un poste innovant au croisement de l'humain, de l'immobilier et de l'IA.
De réelles perspectives d'évolution au sein d'un collectif en pleine croissance.
Informations complémentaires

 Lieu : Nice
 Contrat : CDI
 Temps plein
 Rémunération : selon profil et expérience

Prêt(e) à participer à l'immobilier de demain ? Rejoignez Maison Masséna et contribuez à faire rayonner l'expérience client grâce à l'innovation et à l'intelligence artificielle."
15,7665690,Technicien Service Après-Vente F/H,"Conditions :- CDI à pourvoir immédiatement- Salaire fixe entre EUR et EUR brut/mois selon expérience, base 39h- Heures supplémentaires rémunérées- Véhicule atelier équipé et départ depuis le domicile- En moyenne 2 à 3 découchages par semaine- Indemnité repas grand déplacement : 21,40 EUR midi + 21,40 EUR soir- Indemnité de découchage : 122 EUR par nuit- Fonds de roulement mis à disposition pour les déplacements- Formation et accompagnement à la prise de posteRejoignez une entreprise à taille humaine qui accorde une réelle confiance à ses techniciens et leur offre autonomie, accompagnement et diversité des interventions.Secteurs d'intervention : Île-de-France, Hauts-de-France et Grand EstNotre client est un fabricant français spécialisé dans la conception, la fabrication et la maintenance d'équipements destinés à la collecte et à la gestion des déchets. Afin de renforcer son équipe SAV, nous recrutons un Technicien SAV Itinérant H/F.Vos missions :Après une formation complète au siège (Héricourt) et sur le terrain aux côtés d'un technicien expérimenté, vous intervenez directement chez les clients pour :- Réaliser les opérations de maintenance préventive et curative- Diagnostiquer les pannes mécaniques, hydrauliques et électriques- Effectuer les réparations et remises en service des équipements- Assurer la satisfaction client et le suivi de vos interventionsVous bénéficiez d'un véhicule atelier entièrement équipé, d'un support technique dédié et d'un planning d'interventions organisé par le siège."
16,7676278,APRIL - Chargé / Chargée de relation client (H/F),"Chez APRIL Partenaires, chaque contrat commence par une relation de confiance. Spécialiste de l'assurance dommages depuis plus de 30 ans, cette filiale se positionne aujourd'hui sur 3 univers : construction, immobilier et automobile.
Au quotidien, nos partenaires courtiers accompagnent leurs clients dans la recherche de la meilleure solution d'assurance. Pour concrétiser leurs projets, ils peuvent compter sur une équipe dédiée, réactive et engagée.
C'est précisément là que vous intervenez.
Dans le cadre du développement de notre activité, nous recrutons plusieurs Chargés de relation client F/H en CDD de 6 mois pour renforcer nos équipes.
Votre rôle ? Être l'interlocuteur privilégié de nos courtiers partenaires et contribuer à faire avancer chaque dossier dans les meilleures conditions et dans le respect des engagements.
Concrètement, vous :

Répondez aux sollicitations des courtiers par téléphone et par mail du devis jusqu'à la prise d'effet du contrat.
Apportez des conseils et des explications sur les produits, les garanties et les processus de gestion.
Vérifiez la conformité des informations et des pièces transmises.
Traitez les opérations administratives du devis d'affaire nouvelle à la gestion de la vie du contrat.
Effectuez les relances nécessaires pour garantir l'avancement des dossiers.
Contribuez activement à la satisfaction et à la fidélisation.

Ici, pas de journée monotone : le rythme alterne entre échanges téléphoniques et gestion administrative, avec un objectif commun : offrir une expérience fluide et efficace à nos partenaires.
Un poste où votre impact est mesurable
Vos indicateurs de réussite seront notamment :

60 appels par jour en moyenne pris en charge.
97% : c'est le taux de satisfaction de nos courtiers aujourd'hui !
Le respect des délais de traitement des demandes
La qualité et la conformité des dossiers.
Votre contribution au taux de validation des contrats.

Dès votre arrivée au sein d'une équipe soudée et bienveillante, vous bénéficierez d'un parcours d'intégration pour favoriser votre prise de poste.
Le profil que nous recherchons
Vous vous reconnaîtrez dans ce poste si :

Vous aimez être en contact avec les autres et décrocher votre téléphone ne vous fait jamais peur.
Vous appréciez accompagner, expliquer et trouver des solutions.
Vous disposez d'une excellente expression orale et écrite.
Vous êtes à l'aise dans un environnement où réactivité, rigueur et sens du service vont de pair.
Vous savez gérer plusieurs demandes en parallèle tout en gardant le souci de la qualité.

Une expérience en relation client, assurance, courtage, banque ou services sera appréciée.
Ce que vous trouverez chez nous

Une rémunération fixe à 24 000€ brut annuel + 1000€ brut annuel de prime sur objectifs (versé trimestriellement)
Des horaires fixes du lundi au vendredi (9h - 18h) - possibilité de travailler sur 4 jours et demi
Une activité variée mêlant relationnel et gestion.
Une équipe engagée et bienveillante dans des locaux lumineux et accueillants !
Un environnement où la qualité de service est au cœur des priorités.
Une mission qui vous permet d'avoir un impact concret sur l'expérience de nos partenaires.
Une formation à votre arrivée pour vous permettre d'exceller sur le poste
Un processus de recrutement efficace : Echange en visio avec la chargée de recrutement, et ensuite un échange physique avec la manager.

Avantages sociaux :

Mutuelle d'entreprise
Ticket restaurant (9€/jour)
Mobilité : Prime transport remboursé à 50% et accord mobilité durable
CSE avec avantages
"
17,6710841,CONSEILLER DE VENTE (H/F),"Acteur(trice) de la réussite du projet d'habitat de nos clients
Vous mettez à profit votre expertise auprès de nos clients afin de les conseiller et favorisez la coopération avec l'équipe pour apporter la meilleure réponse à leurs besoins et la réussite de leurs projets.
Vous êtes rattaché au secteur Bricolage et vous contribuez à fluidifier et rendre agréable le parcours d'achat de nos clients, des connaissances dans la menuiserie est un plus.
Vous serez, principalement, sur le rayon Bois, ce qui implique le remplissage des rayons, l'utilisation de la scie à panneaux et la satisfaction de nos clients.
Des formations sont mises en place pour vous accompagner dans la découverte ou l'approfondissement de vos connaissances dans ces domaines.
Vous êtes garant(e) de l'approvisionnement et de la qualité de la tenue de votre espace de vente et vous n'hésitez pas à prendre des initiatives au quotidien pour mettre en valeur vos produits et les services.
Vous êtes une Femme ou un Homme doté(e) d'un excellent relationnel vous permettant de concrétiser vos ventes et ainsi contribuer à la performance du magasin.


Esprit d'équipe, passionné(e) par le commerce et la relation client, fédérateur(trice) avec le goût du terrain, vous avez déjà éprouvé ces qualités dans une expérience significative sur un poste similaire. Vous avez une bonne maîtrise des différentes techniques de vente et vous avez également à cœur d'intégrer un point de vente qui place le client au cœur de ses préoccupations.
Contrat : CDD
Durée du CDD (en mois) : 2 mois
Temps de travail : Temps plein
Salaire : 1802
Niveau d'expérience minimum requis : Confirmé
Niveau d'études minimum requis : Bac à Bac +2
Temps de travail : Temps plein"
18,213SGDP,(73) Chargé/e de Contact Client F/H (H/F),"Dans le cadre d'une création de poste, nous recrutons pour notre siège à Albertville, un/e Chargé/e de Contact Client F/H en CDD au sein de notre service Acquéreurs du Pôle transaction.

Vous contribuez au développement et à la qualité de notre relation avec les acquéreurs, en assurant la gestion, la qualification et le suivi des prospects dans notre CRM. À l'interface entre les équipes commerciales et les clients, vous veillez à la fiabilité de la base de données et à la bonne identification des opportunités commerciales.

Vos missions principales sont :

1. Gestion et saisie des nouveaux leads

 * Vous accompagnez les conseillers immobiliers lors des pics d'activité en prenant en charge la saisie des nouvelles demandes entrantes dans notre CRM.
 * Vous renseignez les champs clés (coordonnées, origine du contact, statut client, etc.) afin de garantir une information fiable, complète et facilement exploitable par les conseillers.

2. Relance et suivi des acquéreurs

 * Vous contactez régulièrement les prospects pour faire le point sur l'évolution de leur projet immobilier et vous identifiez les besoins actualisés des acquéreurs et les qualifier dans la base de données.
 * Vous maintenez une relation de proximité en personnalisant les échanges et vous mettez à jour la base de données en fonction des retours clients.

3. Animation et segmentation de la base de données

 * Vous organisez et structurez la base de contacts selon des critères pertinents (typologie de projet, budget, secteur de recherche, etc.) et vous optimisez la segmentation pour améliorer l'efficacité des actions marketing et commerciales.

Vous êtes passionné/e par le secteur de l'immobilier et vous avez une excellente connaissance du marché, notamment dans les Alpes.

Vous êtes doté/e d'un excellent relationnel, d'un sens aigu du service client et d'une capacité à travailler en équipe. Vous êtes rigoureux/se, organisé/e et avez un bon sens de la communication. Vous êtes à l'aise avec les outils informatiques et les logiciels de gestion immobilière et marketing.

Vous êtes à l'aise en anglais.



 *  Ce que nous vous offrons
   Parce qu'un poste, c'est aussi un cadre de vie, des attentions et une ambiance. * 
    Un cadre de travail exceptionnel
   Entre lacs, sommets et villages d'altitude, vous évoluez dans un environnement rare, inspirant et préservé.
 *  Des bureaux implantés au cœur des Alpes
   À deux pas des pistes, en harmonie avec notre identité montagnarde.
 *  Une maison à taille humaine
   Bienveillance, respect, entraide. chez Cimalpes, l'esprit d'équipe est bien réel, des échanges directs et une vraie proximité avec les dirigeants.
 *  Un accompagnement sur-mesure
   Formations régulières, montée en compétences, suivi personnalisé. votre évolution est précieuse.
 *  Un univers haut de gamme stimulant
   Vous travaillez sur des biens d'exception, avec une clientèle exigeante, dans un environnement raffiné, en 39 heures par semaine.
 *  Un ensemble d'avantages pour vous accompagner
   Vous bénéficierez de tickets restaurant, d'un 13ème mois, d'une prime de participation, de réductions forfait de ski, de dispositifs d'épargne avec abonnement, . pour accompagner votre quotidien professionnel.



Poste ouvert à un travailleur en situation de Handicap, Permis B souhaité.

Rejoignez l'aventure Cimalpes !"
19,213TMMG,Chargé de clientèle Anglais & Allemand (H/F),"Vous maîtrisez l'allemand et l'anglais et souhaitez évoluer dans un environnement international ?

Notre agence, spécialisée dans les métiers de la relation client, recrute pour le compte d'un acteur majeur du secteur de l'assistance un(e) Customer Assistant Multilingue - Allemand / Anglais (H/F).

Vous souhaitez rejoindre une équipe internationale et avoir un impact direct sur la satisfaction des clients ? Cette opportunité est faite pour vous ! 

 Vos missions
Après une formation complète, vous accompagnerez des clients confrontés à des situations de sinistre, en France comme à l'international.

Votre rôle sera de comprendre leurs besoins, les accompagner et mettre en place les prestations d'assistance prévues dans leur contrat, tout en garantissant un service de qualité.

Vous serez notamment amené(e) à :

 Répondre aux appels entrants et recueillir les informations nécessaires à la prise en charge des demandes.
 Informer, accompagner et conseiller les clients tout en vérifiant leurs garanties.
 Mettre en œuvre les prestations d'assistance à l'aide des outils internes, dans le respect des conditions contractuelles.
 Assurer le suivi des opérations en collaboration avec les équipes françaises et internationales.
 Vos compétences linguistiques
 Maîtrise courante de l'allemand, à l'oral comme à l'écrit.
 Maîtrise courante de l'anglais, à l'oral comme à l'écrit.
 Capacité à communiquer avec aisance et clarté dans un environnement international.
 Organisation du travail
 Formation initiale : 2 semaines, du lundi au vendredi, de 9h00 à 17h00.

Après la formation :
 Horaires variables entre 6h00 et 23h30.
 Travail du lundi au dimanche.
 2 week-ends travaillés par mois, avec majoration.
 Télétravail possible après la phase de montée en compétences.
 Les avantages
En rejoignant cette entreprise, vous bénéficiez notamment de :
 Participation, intéressement et actionnariat salarié.
 Plan d'Épargne Entreprise et PERCO.
 Couverture santé et prévoyance.
 Offres préférentielles en assurance et services bancaires.
 Politique parentale avantageuse.
 Télétravail partiel possible.
 Prise en charge du titre de transport à 60 %.
 Comité d'entreprise.
 Des majorations selon vos horaires
Du lundi au vendredi :
 De 6h30 à 8h00 : +30 à +55 %
 De 20h00 à 23h30 : +30 à +55 %
Le week-end :
 Samedi : +60 %
 Dimanche : +75 %
 Date d'intégration
 Octobre 2026

 Le processus de recrutement
Un parcours en 4 étapes :

1 Entretien en visioconférence avec notre agence.
2 Échange téléphonique avec le manager.
3 Test linguistique par téléphone.
4 Entretien en présentiel avec mise en situation et double écoute.

 Vous aimez le contact client, maîtrisez l'allemand et l'anglais et souhaitez rejoindre un environnement international ?

 Postulez dès maintenant et donnez une nouvelle dimension à votre carrière !
                Personnalité impliquée, ouverte et orientée équipe .
Aisance téléphonique et maîtrise des outils informatiques .
Expérience en relation client et sens aigu du service client est un plus.
Maîtrise courante de l'anglais et de l'allemand.
Capacité à gérer le stress, polyvalence, rigueur dans le traitement des dossiers et empathie envers les clients ."
20,210SLYH,Agent de la relation client à la vente (H/F),"Missions générales :
Activités principales :
-Vente et commercialisation des titres de transport :
-Vendre en respectant les procédures et objectifs de vente.
-Informer les clients sur les différents produits et services
-Assurer la gestion des paiements et l'émission des titres de transport.
-Accueil et conseil aux voyageurs :
-Renseigner les clients sur les horaires, itinéraires et tarifs des trajets régionaux
-Accueillir et orienter
-Aider à la gestion de flux en situation normale ou perturbée.

Compétences requises :
-Compétences techniques :
-Connaissance des offres tarifaires et des services proposés par la société de transport.
-Compétences relationnelles :
-Excellent sens du service client, avec une capacité à répondre à des demandes variées.
-Aisance dans les échanges verbaux et capacité d'adaptation face à des situations imprévues.
-Compétences organisationnelles :
-Sens de l'organisation et capacité à gérer les priorités.
-Autonomie et responsabilité dans la gestion des opérations de vente.

Profil recherché :
-Expérience professionnelle : Une expérience dans la vente, le commerce ou le service client, idéalement dans le secteur du transport.
-Diplôme: Minimum Niveau Bac
-Langue : Maîtrise de l'anglais niveau B2
-Age requis : être majeur(e)
-Formation dans le domaine du commerce, de la vente ou du transport est appréciée.
-Qualités personnelles :
-Dynamisme et réactivité.
-Sens de l'écoute et du service.
-Bonnes capacités de communication.
-Aime travailler en équipe

Conditions de travail :
-Travail en guichet
-Horaires de journée en roulement pouvant inclure des jours fériés et week-ends (du lundi au samedi : 8h20/12h30 et 13h30/17h20 - dimanche/férié : 9h20/15h20)
-Formation en début de contrat.
"
21,3953545,Chargé / Chargée de relation client (H/F),"Dans le cadre d'un remplacement nous recherchons un Chargé de clientèle (H/F) sur l'agence d'Albi (81).Et si vous aviez le Profil + ?Rattaché au chef d'agence et en totale collaboration avec lui, vous êtes le Principal Acteur du développement des ventes de produits et services (Pneu et Entretien Automobile) et vous contribuez efficacement à la rentabilité de l'agence.Si vous aimez accueillir vos clients, les écouter, les conseiller pour proposer un produit adapté à leurs besoins.Si vous êtes animé par la vente et que le commerce signifie aussi, rendre service, satisfaire, et fidéliser,Alors ... Vous êtes notre Profil + !Votre mission, si vous l'acceptez :Accueillir le client professionnel et particulier au téléphone ou au comptoir en agence,Prendre en compte son besoin,Proposer les produits et services adaptés,Etre convaincant dans l'argumentation,Concrétiser la vente,Satisfaire le client pour le fidéliser."
22,214CFNL,Chargé(e) de la Relation Client (H/F),"Presqu'île Habitat, Office public de l'habitat de la communauté d'agglomération Le Cotentin, recrute sa/son sa/son Chargé(e) de la relation client (H/F).
Acteur majeur du logement social sur le territoire, Presqu'Île Habitat, fort de plus de 100 ans d'expérience depuis 1923, est le premier bailleur social du Cotentin. L'Office gère aujourd'hui près de 8 000 logements sociaux et locaux commerciaux, au service des habitants et du dynamisme local.
Engagé dans une démarche d'amélioration continue, Presqu'Île Habitat est certifié Qualibail, gage de son attachement à la qualité de service et à la satisfaction de ses locataires. Le développement d'un logement abordable là où les besoins sont identifiés, l'adaptation de son offre aux enjeux sociaux, sociétaux et environnementaux de demain, ainsi que la proximité avec les locataires, constituent les piliers de son ADN.
Pour mener à bien ses missions, l'Office s'appuie sur plus de 120 collaborateurs dont les expertises métiers, à la fois diverses et complémentaires, constituent une véritable richesse collective. 65 % des effectifs sont en contact direct avec les locataires et les demandeurs de logement, incarnant au quotidien les valeurs de service, d'écoute et de réactivité. Presqu'Île Habitat contribue également au maintien de l'emploi local grâce à ses marchés d'entretien et de travaux confiés à des entreprises du territoire afin de développer et pérenniser le parc locatif.
Rejoindre Presqu'Île Habitat, c'est exercer un métier porteur de sens au sein d'équipes engagées, passionnées et solidaires, dans une entreprise qui offre un environnement de travail épanouissant, favorable au développement des compétences et à l'évolution professionnelle. Le nouveau collaborateur y trouve les conditions pour s'investir durablement dans un projet collectif au service des locataires et du territoire. 

Intégrer Presqu'Île Habitat, c'est aussi vivre et travailler dans le Cotentin, un territoire attractif et dynamique entre mer et campagne. Partenaire d'Attitude Manche qui accompagne les nouveaux collaborateurs dans leur projet d'installation dans le Manche grâce au service « Hospitalité », pour une arrivée en toute sérénité. (Plus d'informations : attitude-manche.fr)

Dans le cadre du traitement de premier niveau des sollicitations, vous serez l'interlocuteur(rice) privilégié(e) des locataires et le relais auprès des services administratifs et techniques du siège en orientant les demandes vers les services compétents.

Vos Missions :
Avec le soutien de votre responsable et de vos collègues, vos missions seront les suivantes :
- Accueil physique et téléphonique :
- Assurer l'accueil physique et téléphonique des locataires,
- Veiller à garantir la satisfaction client et à présenter une image positive de l'entreprise,
- Réorienter les locataires vers les services concernés, en fonction de l'avancée du traitement des dossiers de réclamation, 
- Gérer le flux des appels, dans le respect du secret professionnel, de la confidentialité et des process établis.

- Gestion administrative :
- Réceptionner les informations émanant des sollicitations des locataires de type désordre technique, trouble de voisinage, signalement de nuisibles, déclaration de sinistres, demande de prestation .,
- Effectuer une première analyse des demandes et un premier niveau de renseignements,
- Saisir les éléments des réclamations dans le progiciel métier dédié,
- Mettre à jour les dossiers des demandes,
- Traiter et suivre directement les sollicitations qui relèvent de votre niveau d'intervention,
- Rédiger les courriers utiles au traitement des dossiers,
- Contribuer à la fourniture de badges ou de clés aux locataires : création, suivi de stock.,   
- Assurer le reporting de votre activité,
Vous contribuerez suivi des procédures répondant aux obligations de la certification Qualibail ."
23,6361514,Chargé / Chargée de relation client (H/F)," Le ou la Directeur-rice de clientèle senior accompagne les associations et fondations dans la définition et le déploiement de leurs stratégies de communication et de collecte de fonds.
Véritable partenaire conseil, il ou elle garantit la qualité de l'accompagnement, la pertinence des recommandations, la satisfaction client et le développement du portefeuille.
À l'interface entre les clients et les expertises d'Orixa, il ou elle transforme les enjeux de communication, de marque, de mobilisation et de collecte en stratégies et campagnes cohérentes, créatives et performantes.


Le poste repose sur quatre piliers :
Le conseil stratégique en communication et en collecte ;La satisfaction et la fidélisation des clients ;Le développement du chiffre d'affaires et de la marge ;La coordination des expertises internes.



Responsabilités principales : Conseil stratégique en communication et collecte
Saisir les enjeux de communication, de notoriété, de mobilisation et de collecte de vos clients et les traduire en stratégies cohérentes et performantes ;Accompagner les directions communication, marketing et développement des ressources dans leurs prises de décision stratégiques ;Élaborer des recommandations combinant marque, création, média, digital, data et performance ;Piloter les grands temps forts de collecte (fin d'année, IFI, urgences, acquisition, fidélisation, réactivation) en veillant à la cohérence des messages, des parcours donateurs et des dispositifs média ;Analyser les performances et formuler des recommandations d'optimisation continues.

Pilotage de la création et des campagnes
Traduire les enjeux clients en briefs stratégiques et créatifs clairs et actionnables ;Travailler en étroite collaboration avec les équipes créatives tout au long du processus, de l'idée au livrable ;Participer activement à la réflexion sur les concepts, les messages et les territoires de marque ;Présenter et défendre les recommandations auprès des clients, en garantissant cohérence et qualité sur l'ensemble des canaux.

Gestion et développement du portefeuille
Gérer et fidéliser un portefeuille d'associations et de fondations en installant une relation de confiance durable ;Identifier les besoins de vos clients, anticiper les risques d'insatisfaction et garantir la qualité des livrables et du suivi de compte ;Détecter les opportunités d'upsell et de cross-sell et piloter le développement du chiffre d'affaires et de la marge ;Construire et défendre propositions commerciales, budgets et honoraires ; participer aux appels d'offres et rendez-vous prospects.

Pilotage économique et coordination
Suivre le chiffre d'affaires, la marge et la rentabilité de votre portefeuille et anticiper les écarts pour proposer des actions correctrices ;Coordonner les expertises internes (création, média, SEA, Social Ads, SEO/GEO, data, programmatique, etc.) en garantissant le respect des calendriers, des budgets et des engagements ;Assurer le suivi administratif des comptes : contrats, bons de commande, facturation et renouvellements ;Accompagner la montée en compétences des profils juniors de l'équipe.

Contribution au rayonnement d'Alto (pôle Fundraising d'Orixa)
Représenter Alto lors d'événements et de rencontres professionnelles ;Contribuer aux contenus, études de cas, conférences et prises de parole de l'agence ;Participer activement au développement commercial et aux partenariats dans l'écosystème associatif.
Formation supérieure Bac +5 en communication, publicité, marketing, commerce ou équivalent ;Au moins 5 ans d'expérience en agence de communication, créative, média ou digitale ;Expérience confirmée dans le conseil, la gestion et le développement d'un portefeuille client ;Solide culture de la communication, de la marque, de la création et des médias ;Bonne maîtrise des stratégies digitales et multicanales ;Bonne compréhension des mécanismes de collecte de fonds, des parcours donateurs et des enjeux d'acquisition, de fidélisation et de réactivation ;Capacité à articuler enjeux de marque, communication, média et performance de collecte ;Maîtrise du pilotage budgétaire, de la marge et de la rentabilité ;Excellentes capacités rédactionnelles, commerciales et de présentation ;Anglais courant à l'écrit comme à l'oral ;La connaissance du secteur associatif, des fondations ou de l'ESS est indispensable.



Qualités attendues : Posture de conseil, sens du service, leadership, esprit commercial, sensibilité créative, rigueur, autonomie, agilité et capacité à fédérer des équipes pluridisciplinaires.
 


Informations générales :  Localisation du poste : Paris 10ème
  Télétravail : Partiel (2 jours par semaine) 
  Mutuelle : Prise en charge à 100% pour le salarié
  Restauration : Carte tickets restaurant Swile (valeur faciale 10,5€) 
  Sport : Possibilité d'adhésion Wellpass (Ex-Gymlib)
  Cagnotte : Carte Mucho flex (versement mensuel net, utilisation possible en magasin -Darty, Fnac, Courir, Sephora, etc.- et en ligne -SNCF, booking, ..."
24,212QTWP,Conseiller de caisse en grande distribution (H/F),"Nous recrutons un(e) conseiller(e) de caisse.
Vous travaillez avec l'équipe chargée de l'accueil du magasin.

Les principales tâches sont :
- de gérer la ligne de caisse, le flux client, les pauses de l'équipe caisse, 
- d'effectuer le vidage des caisses libres services, 
- d'aider le pôle d'accueil si besoin.

Vous avez un bon relationnel et un bon contact client.
Vous travaillerez accompagné(e) de l'équipe d'accueil sous la responsabilité de la cheffe de caisse.
C'est un poste qui demande une vraie polyvalence et de la réactivité.

Ouvert du lundi au dimanche, planning en roulement, 2 jours de repos par semaine.

Nous ne demandons pas de diplôme particulier, c'est votre expérience et votre motivation qui nous intéresse.
Vous avez une première expérience réussie plus qu'un diplôme supérieur (qui reste un plus !)

Accompagnement à la prise de poste assuré.
Immersion de quelques jours avant embauche pour vous permettre de découvrir votre environnement de travail, l'équipe, le magasin."
25,214HRGL,Chargé de relation client - secteur musical (H/F),"Woodbrass : la musique à la portée de tous !

Passionnés de musique, commerçants dans l'âme et toujours prêts à relever de nouveaux défis ? Bienvenue chez Woodbrass ! 
Depuis plus de 25 ans, nous faisons grandir notre activité à travers 90 000 références, 940 marques et 4 magasins à Paris. Une belle aventure où la passion de la musique se mêle chaque jour au commerce, à la performance et à l'esprit d'équipe.

Chez Woodbrass, la musique se partage, l'humain s'écoute et les projets résonnent.
Prêt à accorder votre talent au nôtre ?

Votre mission :
Sous la responsabilité du Responsable du Call Center, vous assurez l'accueil et le suivi des clients, en apportant un service de qualité et un accompagnement personnalisé tout au long du processus de commande. Votre objectif : satisfaire et fidéliser nos clients passionnés de musique.

Vos principales activités :
- Accueillir et renseigner les clients par téléphone.
- Identifier l'objet de l'appel (commande, information, réclamation, devis.).
- Informer sur les produits, nouveautés, tarifs, promotions et disponibilités (stocks, délais, livraison, paiement).
- Conseiller le client dans son choix et l'assister dans la passation de commande.
- Saisir et suivre les commandes, établir des devis si nécessaire.
- Assurer le traitement administratif des appels d'offres.
- Mettre à jour la base de données clients.
- Contribuer au développement du portefeuille client et des demandes de devis.
- Se tenir informé de l'évolution des produits, des offres et des services de l'entreprise.

Vos atouts
Compétences techniques :
- Connaissance indispensable des instruments de musique
- Aisance avec les outils informatiques et bureautiques
- Maîtrise de la gestion des appels entrants et sortants
- Capacité à enregistrer les commandes et suivre les données clients
- Maîtrise de l'anglais est indispensable pour ce poste

Qualités humaines :
- Excellente aisance relationnelle et sens du service
- Écoute active, empathie et réactivité
- Goût prononcé pour la relation client et le commerce

Les conditions du poste
- Prise de poste : dès que possible
- CDI / CDD 6 mois - 39h/semaine
- Télétravail occasionnel
- Horaires : 9h-18h, avec 1 samedi sur 2 ou 3 travaillé en télétravail (10h-18h)
- Thouaré-sur-Loire (44) 
- Rémunération : 2000 € brut (39h) + variable

Nous vous offrons :
- Des locaux modernes et récents, dans un cadre verdoyant
- Une organisation du temps de travail flexible, du lundi au vendredi
- Une carte titres-restaurant
- Une prime d'intéressement
- Un CSE proposant de nombreux avantages
- Une salle de sport en entreprise
- Des tarifs préférentiels sur les produits de nos catalogues

Notre process de recrutement
- Un premier échange téléphonique avec la Chargée des ressources humaines,
- Un entretien en présentiel avec la Chargée des ressources humaines,
- Un second entretien avec le Responsable du call center et le Directeur Général,
- Et un retour systématique à la fin du process 

Postulez dès maintenant !"
26,214BFKB,Chargé(e) de relation clients (H/F),"BATISANTÉ accompagne les professionnels de l'habitat privé et public, les collectivités et les entreprises.

Rejoindre BATISANTÉ c'est choisir un Groupe qui :

- Est en pleine croissance
- A lancé son programme de transformation numérique
- Reconnait et recrute les futurs talents
- Accompagne la montée en compétence de ses collaborateurs
- Est pérenne avec 50 ans d'existence et plus de 1500 collaborateurs
- Est présent sur tout le territoire national

Dans le cadre de sa croissance, Batisanté renforce son pôle Satisfaction clients et recrute pour son service clients un(e) chargé(e) de relation clients en CDD de 3 mois (jusqu'à fin décembre 2025).

Au sein de notre service clients Groupe vous participez à la prise en charge des demandes de nos clients professionnels. Vos missions :

- Recevoir les demandes des Clients (appels entrants, mails),
- Analyser et enregistrer les demandes,
- Apporter des réponses immédiates aux clients,
- Suivre et assurer le traitement des demandes,
- Assurer la traçabilité des actions réalisées,
- Maintenir la plus haute qualité de service délivrée à la clientèle...
- Vous travaillez en étroite collaboration avec nos différents services internes afin d'assurer la satisfaction de nos clients.

Votre goût pour la relation client, votre sens du service, votre aisance téléphonique, orale, relationnelle et rédactionnelle vous permettront de mener à bien vos missions.

Profil :

- Vous avez idéalement une expérience en centre d'appels ou en téléprospection.
- Vous êtes autonome.
- Vous savez gérer un gros volume de mails et d'appels.
- Avez l'esprit d'équipe.
- Bonne maîtrise des outils informatiques.
- Poste ouvert aux profils débutants.

Ce que nous proposons :
- Prime mensuelle sur objectifs pouvant aller jusqu'à 300 euros bruts.
- Télétravail possible (le mardi et le jeudi) à l'issue de la période d'essai.
- Carte tickets restaurants (valeur de 8,50 euros, 60% pris en charge par l'entreprise).
- 12 RTT par an
- Mutuelle
- Remboursement de 50% du titre de transports sur justificatif.
- Comité d'entreprise (Chèques vacances, chèques cadeaux Noël)

Rejoignez notre service Clients !"
27,6945077,Conseiller de vente (H/F),"Description du poste :

Dans le cadre de son développement, notre magasin Chaussea situé dans le 95 sur la ville de Sarcelles  recherche un(e) alternant(e) motivé(e) pour préparer un diplôme dans le commerce: Titre pro conseiller de vente.

Le candidat évoluera au cœur du magasin, axé sur la qualité de service, la relation client et la bonne gestion opérationnelle du point de vente.

L'apprenti(e) sera formé(e) à la fois aux missions commerciales, à l'accueil clientèle Vos missions :

Accueillir, conseiller et accompagner les clients
Participer à la mise en rayon et au merchandising
Contribuer à la mise en valeur des collections
Gérer les cabines d'essayage
Participer aux encaissements
Réceptionner les livraisons et aider à la gestion des stocks
Veiller à la bonne tenue du magasin

Description du profil :

Profil recherché :

Sens du service client et bonne présentation
Dynamique, souriant(e), motivé(e) pour apprendre
Intérêt pour la mode et les tendances
Aisance relationnelle et esprit d'équipe


Conditions :

Contrat d'apprentissage
Rémunération selon la grille légale en vigueur.
Encadrement direct par la Direction et accompagnement dans la montée en compétences.
Rythme : 4jours entreprise/ 1 jour école"
28,7095825,CHARGE DE CLIENTELE (H/F),"Votre agence Start People recherche un chargé de clientèle (H/F) pour l'un de ses clients.Vous aurez pour principales missions :Accueil du public, Orientation vers les automates, Délivrance des colis, Opération courrier En fonction des besoins du bureaux : Encaissements, Gestion des virements, Suivi des comptes bancaires clients Renseignements sur les offres proposées et accroches commerciales Prise de poste rapide sur le secteur de Ussel. Horaires de journées du lundi au samedi (selon planning)  "
29,214KNSZ,Sales Development Representative en alternance (H/F),"Chez Grof, on part d'une conviction simple : le meilleur moyen de devenir libre, c'est de savoir vendre. La vente est partout. Ce n'est ni plus ni moins que le moyen d'obtenir ce que tu veux.

QUI ON EST ? 

Grof n'est pas une boîte de prospection. On est avant tout une boîte de coaching commercial. On forme des entrepreneurs du service B2B à devenir meilleurs en vente : plus de 250 entrepreneurs accompagnés, plus de 100 commerciaux formés. Pour certains clients, on va plus loin : on prospecte pour eux, au téléphone, avec la méthode qu'on enseigne.
On est 5, en plein centre de Paris. Équipe ambitieuse, dynamique, challengeante. Ici, on se pousse vers le haut et on progresse vite.

TA MISSION : 
Tu ouvres des portes au téléphone pour nos clients : des entreprises B2B de conseil, de tech et de services. Tu appelles des décideurs (DSI, directeurs financiers, DRH) et tu décroches des rendez-vous qualifiés.

La grande majorité de ton temps, tu appelles. Le reste du temps, tu vas :
- Construire et enrichir tes listes de prospection à partir de la cible du client
- Qualifier les numéros et les contacts avant d'appeler
- Relancer les prospects intéressés et rappeler la veille ceux qui ont rendez-vous
- Tenir le CRM et ton reporting à jour
- Réécouter tes appels, débriefer avec l'équipe, affiner ton discours
- Faire remonter ce que disent les prospects pour améliorer les scripts et le ciblage
Outils : Skipcall, Grof Enrich, Notion, HubSpot.

CE QUE TU Y GAGNES : 
- Un vrai métier : la vente, apprise par des gens dont le métier est de l'enseigner
- Une formation diplômante au choix : NTC ou bac+3 Assistant commercial et gestion
clientèle
- Du coaching collectif chaque mercredi après-midi avec l'équipe Grof
- Salaire apprenti + primes sur chaque rendez-vous que tu obtiens
- De vraies perspectives : CDI chez Grof, chef d'équipe, Head of SDR, coach. Chez nous,
un alternant est devenu chef d'équipe. Des clients qu'on formait sont devenus commerciaux
chez nous.
- Et si ton avenir est ailleurs, tu repars avec la compétence qui ouvre toutes les portes.

COMMENT ÇA SE PASSE : 

1. POEI d'environ 3,5 mois : une formation intensive pour être opérationnel(le) avant de
démarrer. Pendant la POEI, tu es rémunéré(e) par France Travail selon ta situation.
2. Contrat d'apprentissage de 12 mois chez Grof. Le mercredi après-midi en formation,
le reste de la semaine au bureau (127 rue d'Aboukir ou 30 rue de Palestro, Paris 2e).
100 % présentiel.
Diplôme : aucun prérequis. Bac ou bac+5, ça nous est égal

CE QU'ON CHERCHE : 

Trois qualités, non négociables :

- Détermination : tu raccroches sur un non et tu recomposes le numéro suivant
- Ambition : tu veux plus, et tu es prêt(e) à aller le chercher
- Rigueur : tes listes sont propres, ton CRM est à jour, tu fais ce que tu dis
Pas besoin d'expérience en vente. Si tu as ces trois qualités, on s'occupe de tout le reste.
Si tu cherches un poste tranquille, cette offre n'est pas pour toi.

COMMENT POSTULER : 
Pas de lettre de motivation. Envoie-moi un message Whatsapp de 2 minutes maximum au
06 12 09 45 87.

Dedans, dis-moi :
- Qui tu es, en quelques phrases
- Ce que tu penses pouvoir apporter à l'équipe
- Ton ambition et ton projet
- Ce que tu attends de ce poste
- Comment je peux t'aider à devenir la meilleure version de toi-même
Ton vocal, c'est déjà ton premier test : c'est avec ta voix que tu vas vendre.

LES ÉTAPES : 

1. Ton message vocal
2. Un échange téléphonique de 15 minutes avec une mise en situation d'appel
3. Une demi-journée d'immersion au bureau avec l'équipe
4. Un entretien final avec les fondateurs
Réponse garantie sous 72 h à chaque étape."
30,214CKDY,CDD (2 mois) - Conseiller.ère clientèle: Enquête SLS (H/F),"Nous recherchons notre Conseiller clientèle en CDD de 2 mois du 19/10/2026 au 19/12/2026 au sein des agences d'ACM Habitat. 

Vous serez affecté-es sur 2 agences :

- Agence LEZ et MOSSON

- Agence MONTPELLIER SUD et BAGATELLE

- Agence LAS REBES et BACV

Accueil téléphonique:
- Assurer l'accueil téléphonique des locataires et qualifier leur demande en identifiant leurs attentes et leur niveau d'urgence.
- Fournir une réponse de premier niveau lorsque cela est possible, ou orienter la demande vers le bon interlocuteur interne selon les procédures établies.

Travail en équipe:
- Partager les informations utiles et/ou importantes.

Traitement et orientation des demandes
- Traiter les retours d'enquête SLS
- Accompagner à la complétude des dossiers dématérialisés
- Respecter le RGPD lors de l'enregistrement des affaires"
31,7389375,Chargé de secteur relation client F/H H/F,"Au sein d'une équipe pluridisciplinaire, vous assurez la gestion d'un patrimoine locatif immobilier en prenant en charge le traitement et le suivi des réclamations des locataires (recueil du dysfonctionnement, diagnostic, commande des interventions, suivi des entreprises et de la réalisation des travaux, saisie des factures, gestion des conflits et troubles de voisinage, suivi budgétaireSédentaire, vous travaillez en partenariat avec les chargés de secteurs gestion du patrimoine intervenant sur le terrain, ainsi qu'avec les partenaires externes. Professionnel de la relation clients, vous êtes garant de la satisfaction et du service rendu à nos locataires."
32,213HNVH,Chargé(e) de la Relation Clients CDI temps partiel (H/F),"Notre Entreprise :

Martin Brower, c'est environ 800 collaborateurs en France répartis sur 8 sites et plus de 13 000 dans le monde. 
Notre activité ? Présents dans 18 pays, nous sommes le prestataire logistique et Supply Chain du leader mondial de la restauration rapide.

Quelques bonnes raisons de nous rejoindre :
- Certifiés Top Employer depuis 10 ans et Happy Trainees
- Sécurité & bien-être placés au cœur de nos pratiques
- Leader de solutions durables : Les engagements et actions pour l'environnement de Martin Brower France ! - YouTube
 -Un parcours d'intégration et de formation dédié & un suivi de carrière régulier

Vous avez le sens du service et aimez créer une relation de confiance avec les clients ? Rejoignez nous et participez activement à leur satisfaction au quotidien ! 
Poste de Chargé(e) de la relation clients en CDI à temps partiel (24h/semaine) à pourvoir : 
- Statut Agent de maîtrise
- Amplitude horaire du service : de 8h à 19h du mardi au vendredi - de 8h30 à 16h30 le samedi

Les missions :
Rattaché(e) à la Responsable Adjointe Relation Clients, vous êtes le relais privilégié de nos clients, vous assurez le suivi de leurs commandes et veillez à leur satisfaction au quotidien.
- Gestion des échanges : prise en charge des appels (entrants & sortants) et traitement des mails
- Suivi commercial et administratif : saisie, contrôle et suivi des commandes jusqu'à la livraison
- Résolution de problèmes et suivi : gestion des anomalies, information des clients en cas d'indisponibilité du produit et relances préventives.
- Fidélisation : enquêtes de satisfaction à mener régulièrement afin de garantir un service irréprochable.

Votre profil :
- De formation Bac à Bac +2 dans le domaine commercial, relation client ou équivalent
- Première expérience réussie en relation clients, centre d'appels ou SAV.
- Maîtrise des outils bureautique (Excel, messagerie) et connaissances de logiciels de gestion de la relation client (CRM).
- Capacité à gérer les priorités et à travailler dans un environnement dynamique.
- Aisance téléphonique, sens de la relation client, réactivité et esprit d'équipe sont attendus pour ce poste.
- Le petit plus ? vous possédez des notions en gestion de stocks.

Au-delà de vos compétences, c'est votre personnalité et votre motivation qui feront la différence ! Engagés pour l'inclusion, nous accueillons toutes les candidatures, quels que soient notamment les parcours ou les situations de handicap.

Rémunération & avantages financiers :
-  Salaire annuel sur 13 mois
 - Variable (prime sur objectifs) 
- Intéressement/participation
- Plan Epargne Entreprise (PEE)
- Tickets restaurants
- Mutuelle
- Plan Epargne Retraite (PER)
- CSE 
- 100% de prise en charge du titre de transport
- Aide aux devoirs pour les enfants des collaborateurs du CP à Post- BAC
- Accès à + de 1.300 formations via une Plateforme d'apprentissage en ligne

 Vous souhaitez nous connaître davantage, n'hésitez pas à consulter notre site Internet https://www.martinbrower.fr/

Process de recrutement :

Parce qu'il nous semble important de vous donner de la visibilité sur notre process recrutement, sachez que lorsque vous nous adressez votre candidature, vous recevez une réponse de notre part sous un délai maximum de 2 semaines.
Notre process de recrutement comprend 4 étapes clés - chaque étape validée déclenche la suivante :

1. Préqualification téléphonique si votre candidature correspond à l'opportunité proposée,
2. Entretiens physiques et/ou distanciels avec les Ressources Humaines et la ligne managériale du poste à pourvoir (maximum 3 entretiens),
3. Prise de références avec votre consentement et vérification de vos diplômes et documents d'identité,
4. Constitution de votre dossier administratif pour rejoindre nos équipes"
33,6591602,Conseiller de vente (H/F),"Description du poste :

Dans le cadre de son développement, notre magasin Chaussea situé dans le 93 sur la ville de Bobigny  recherche un(e) alternant(e) motivé(e) pour préparer un diplôme dans le commerce: Titre pro conseiller de vente.

Le candidat évoluera au cœur du magasin, axé sur la qualité de service, la relation client et la bonne gestion opérationnelle du point de vente.

L'apprenti(e) sera formé(e) à la fois aux missions commerciales, à l'accueil clientèle Vos missions :

Accueillir, conseiller et accompagner les clients
Participer à la mise en rayon et au merchandising
Contribuer à la mise en valeur des collections
Gérer les cabines d'essayage
Participer aux encaissements
Réceptionner les livraisons et aider à la gestion des stocks
Veiller à la bonne tenue du magasin

Description du profil :

Profil recherché :

Sens du service client et bonne présentation
Dynamique, souriant(e), motivé(e) pour apprendre
Intérêt pour la mode et les tendances
Aisance relationnelle et esprit d'équipe


Conditions :

Contrat d'apprentissage
Rémunération selon la grille légale en vigueur.
Encadrement direct par la Direction et accompagnement dans la montée en compétences.
Rythme : 4jours entreprise/ 1 jour école"
34,214DTZD,Chargé de clientèle  à temps partiel (H/F),"**** A compétences égales, poste ouvert en priorité aux bénéficiaires de l'obligation d'emploi ****

Qui sommes-nous ?
Dans le cadre d'une prestation chez l'un de nos clients, nous recherchons un(e) Chargé(e) de Clientèle afin d'assurer la gestion des demandes clients, le suivi des dossiers et la qualité de la relation client, au sein d'un environnement professionnel dynamique et bienveillant.

Vous êtes à l'écoute, organisé(e) et doté(e) d'un bon relationnel ? Ce poste est fait pour vous !

PRESENTATION DU POSTE : 
En tant que Chargé(e) de clientèle, vous êtes l'interlocuteur privilégié des collaborateurs et contribuez à offrir une expérience de service irréprochable au quotidien. Véritable ambassadeur(drice) de la qualité d'accueil et du sens du service, vous assurez la gestion de la conciergerie, répondez aux demandes avec réactivité et veillez à la satisfaction des utilisateurs.
Par votre professionnalisme, votre écoute et votre sens de l'organisation, vous participez activement au bon fonctionnement du site et à la valorisation de l'image de notre entreprise auprès du client.

I. MISSIONS ET OBJECTIFS DU POSTE
-Gérer une conciergerie au service des collaborateurs, afin de faciliter pour l'adéquation vie professionnelle et personnelle de ces derniers. Votre rôle sera central dans la satisfaction et l'expérience des collaborateurs, en assurant un service fluide et attentif.
-Accueillir les clients, les orienter et répondre à leurs demandes d'information, en assurant un service de haute qualité.
-Répondre efficacement aux appels, courriels et messages des clients, traiter leurs questions, demandes de renseignements ou plaintes.
-Assurer la gestion des entrées/sorties (badges, registre)
-Gérer le standard téléphonique et les communications entrantes
-Identifier les besoins des clients, les conseiller sur les produits ou services proposés, et conclure les ventes grâce à une écoute active, une argumentation pertinente, une gestion des objections, et un suivi après-vente soigné.
-Prendre en charge les réclamations clients, résoudre les problèmes rapidement et garantir leur satisfaction.
-Gérer les pré-commandes et commandes, assurer leur suivi et tenir les clients informés à chaque étape de la livraison.
-Gérer les stocks suivre les mouvements en temps réel, passer les commandes de réapprovisionnement, et veiller à une rotation efficace des produits.
-Maintenir une base de données client à jour pour garantir un suivi personnalisé et efficace.
-Optimiser la présentation des produits et l'aménagement de l'espace afin de maximiser les ventes et d'améliorer l'expérience client.
-Effectuer des tâches administratives diverses selon les besoins.
-Maintenir un espace d'accueil propre et ordonné

II. COMPETENCES SOUHAITE
-Adaptabilité aux différents interlocuteurs
-Sens du travail en équipe
-Excellent relationnel
-Capacité d'écoute et identification
-Autonome

III. PROFIL
-Au moins deux ans d'expérience dans le domaine de l'hôtellerie, l'accueil de la restauration ou du luxe
-Très bon sens du relationnel et excellentes compétences de communication;

IV. CONDITION DE TRAVAIL
Lieu : Rueil-Malmaison (92)
Horaires : Du lundi au jeudi de 8H30 - 12H30
Dispo : ASAP
Merci de préciser dans votre candidature que le temps partiel 16h00 vous convient."
35,6848264,Charge de clientele (H/F),"INTERACTION VILLENEUVE LA GARENNE recherche pour le compte de son client, spécialisé dans le transport de marchandise, un(e) Chargé(e) de clientèle en intérim. Vous êtes passionné(e) par la relation client et souhaitez évoluer dans un environnement dynamique ? Rejoignez notre équipe ! Vos missions : - Gérer les appels entrants et sortants des clients - Assurer le suivi des commandes et des livraisons - Résoudre les litiges et réclamations clients - Mettre à jour les bases de données clients - Participer à l'amélioration des processus internes - Gérer et organiser les planning des techniciens - Gérer la fidélisation et le service après-vente"
36,213RGCK,Chargé(e) de la relation client bilingue italien (H/F),"Votre mission

Rattaché(e) à la Directrice des opérations, vous serez l'interlocuteur privilégié de nos clients francophones et italophones.

Votre objectif : comprendre leurs besoins, les accompagner dans l'utilisation de nos solutions et développer avec eux une relation durable.

Au quotidien, vous serez amené(e) à :

Accompagner les clients et leur proposer des solutions adaptées à leurs besoins ;
Assurer l'intégration, l'onboarding et la formation des nouveaux clients ;
Suivre l'utilisation de nos outils et identifier les éventuelles difficultés rencontrées ;
Analyser les indicateurs de satisfaction et les signaux de désengagement ;
Mettre en place des actions afin de prévenir les risques de résiliation ;
Recueillir les retours des utilisateurs et contribuer à l'amélioration continue de nos outils et procédures ;
Assurer le suivi des échéances d'abonnement et identifier les opportunités commerciales ;
Présenter les nouvelles fonctionnalités, solutions et options disponibles ;
Développer et entretenir les relations avec nos partenaires ;
Garantir la qualité et la mise à jour de notre base de données prospects et clients ;
Participer à des réunions d'information, événements professionnels et congrès.
Votre profil

Vous maîtrisez parfaitement le français et l'italien, aussi bien à l'oral qu'à l'écrit. La pratique courante de l'italien est indispensable pour accompagner efficacement nos clients et partenaires italophones.

Vous êtes titulaire d'un diplôme de niveau Bac à Bac +2 et justifiez d'une première expérience d'au moins un an dans la relation client, le commerce, le customer success ou l'assistanat commercial.

Au-delà de votre parcours, nous recherchons une personne :

Dotée d'un excellent sens du service et de l'écoute ;
À l'aise dans les échanges téléphoniques et la relation client ;
Organisée, rigoureuse et capable d'assurer un suivi régulier ;
À l'aise avec les outils numériques ;
Dynamique, proactive et orientée solutions ;
Appréciant le travail en équipe et les missions transversales.

Une appétence pour l'univers des logiciels, du digital ou de l'immobilier constituera un véritable plus.

Pourquoi nous rejoindre ?
Un poste polyvalent au cœur de la relation client ;
Un parcours d'intégration et de formation à nos solutions ;
Des échanges réguliers avec les équipes commerciales, support et techniques ;
Une dimension internationale avec l'accompagnement de notre clientèle italophone ;
Un environnement dynamique, convivial et en constante évolution ;
Une rémunération fixe complétée par des commissions.

Vous êtes bilingue italien et avez envie de rejoindre l'aventure APIMO ? Envoyez-nous votre CV : nous serons ravis d'échanger avec vous !"
37,214DKVM,Conseiler(ère) Clientèle (H/F),"Sous la responsabilité du Responsable Boutique, vous avez la charge de :
- Accueillir les clients, identifier leurs besoins, et les conseiller dans leurs achats de matériel informatique ;
- Vendre des appareils reconditionnés en transmettant les valeurs de l'entreprise ;
- Installer et mettre en avant les produits tout en contrôlant la cohérence des prix et de l'étiquetage ;
- Veiller à la propreté et à la disponibilité des produits ;
- Participer à l'animation de la boutique ;
- Mettre en place les opérations commerciales et marketing ;
- Procéder à l'encaissement et éditer les factures clients ;
- Contribuer à la satisfaction et à la fidélisation des clients ;
- Gérer les réclamations clients ;
- Effectuer les diagnostics et résoudre les pannes de premier niveau ;

Horaire de travail
35h/semaine
Possibilité de négocier le temps de travail pour travailler sur un temps partiel de 28h par semaine répartie sur 4 ou 5 jours


Votre profil :
- Animé(e) par l'univers numérique, vous avez très envie de participer au développement d'un concept inclusif et écoresponsable ;
- À l'écoute, vous êtes à l'aise dans la vente et la relation client. Vous disposez idéalement d'une première expérience ;
- Vous disposez d'une appétence pour les aspects techniques ainsi que d'une expérience à minima d'autodidacte ;
- Vous êtes attaché(e) à la qualité de service et à la satisfaction client ;
- Vous êtes organisé(e), rigoureux(se) et savez faire preuve d'autonomie ;
- Vous avez le goût du travail en équipe et de la polyvalence, alliant conseil et technique."
38,7093523,Commis / Commise de salle (H/F),"Description de l'entrepriseCAFÉ JOYEUXPremière famille de cafés-restaurants qui emploie et forme des personnes en situation de handicap mental et cognitif. Notre mission est l'inclusion en milieu ordinaire : permettre l'emploi, la formation et l'épanouissement professionnel de personnes en situation de handicap mental ou cognitif.Avec 31 cafés aujourd'hui, Café Joyeux déploie une stratégie de développement ambitieuse.En août 2021, le CFAJ - Centre de Formation d'Apprentis Joyeux - a été lancé, permettant aux Équipiers Joyeux d'obtenir un titre professionnel d'Agent de restauration.Nous commercialisons également une marque de café d'exception et du thé, vendus aux particuliers et aux entreprises, dont les bénéfices contribuent à l'emploi et la formation de personnes en situation de handicap dans les cafés-restaurants Joyeux Servi avec le cœur.Description du posteLES MISSIONSAu sein d'un Café Joyeux implanté en entreprise (Café Joyeux Inside), vous êtes membre de l'équipe d'encadrement, sous la responsabilité du Manager les missions principales sont les suivantes :Service en salleAssurer et superviser l'ensemble des postes en salle : accueil des clients, encaissement, préparation et remise des commandes, vente de café et de goodies, réassort de la vitrine, mise en place d'un merchandising attractif et entretien des espaces.Garantir un accueil chaleureux et un service de qualité auprès des convives tout au long de la journée.Veiller au maintien d'une largeur d'offre contractuelle conforme aux engagements pris avec l'entreprise accueillante.Accompagner et encadrer les équipiers joyeux en situation de handicap mental ou cognitif : transmission des bons gestes, soutien au bien-être au travail, participation à la formation et au développement des compétences, animation de l'activité quotidienne. Contribuer à la bonne gestion administrative en appliquant et faisant appliquer les procédures préconisées ; Être garant de l'image de marque et des valeurs de Café Joyeux. Veiller aux bonnes relations entre Café joyeux et l'entreprise accueillanteCuisine & HygièneParticiper à l'assemblage des produits de la carte dans le respect des fiches recettes et des standards de qualité de Café Joyeux. Veiller au respect et à l'application des règles d'hygiène, de sécurité alimentaire et des normes HACCP.Assurer la réception, le stockage et le suivi des marchandises et des denrées dans le respect des procédures et des conditions de conservation.Superviser les opérations liées à la plonge et au maintien de la propreté des espaces de travail.QualificationsVOTRE JOYEUX PROFIL Vous avez une formation adaptée ainsi qu'une expérience dans une fonction similaire en restauration de 2 ans minimum ;Vous avez le sens du service authentique ;Vous disposez d'un vrai talent en animation et savez insuffler votre dynamisme à l'équipe ;Vous êtes force de proposition, organisé(e) et autonome ;Vous attachez une attention toute particulière à la satisfaction client, au respect des normes HACCP et à la qualité des produits proposés ;Vous êtes sensible au monde du handicap et à l'inclusion ;Vous êtes bienveillant(e), avez le souci de l'autre et de l'empathie ;Vous véhiculez des valeurs de joie et de partage ;Vous souhaitez donner du sens à votre vie professionnelle et travailler dans un cadre joyeux ?Informations supplémentairesAVANTAGES Mutuelle et Prévoyance75% du titre de transport pris en charge ou forfait mobilité durableCSE Joyeux25% de remise sur les produits joyeux et sur la commande dans un Café JoyeuxEvénements JoyeuxServi avec le coeur"
39,7516140,CONSEILLER DE VENTE SERVICE CLIENT H/F,"Nous recrutons pour une enseigne reconnue dans la vente de produits multimédias et culturels. Réputée pour son excellence en matière de conseil et de service client, cette enseigne offre un environnement de travail stimulant, dynamique et orienté satisfaction client.PRÉSENTATION DU POSTE ET DESCRIPTION DES TÂCHESNous recherchons des vendeurs conseiller pour le service client et la caisse H/Fen mission d'intérim pour rejoindre l'enseigne sur le renfort de fin d'année.Vos missions principales seront les suivantes :- Accueillir chaque client avec enthousiasme, courtoisie et professionnalisme- Proposer les services de l'enseigne (carte de fidélité, solutions de financement...) dans une logique de satisfaction et de fidélisation- Accompagner le client tout au long de son parcours d'achat en facilitant les étapes de passage en caisse- Gérer les opérations d'encaissement avec rigueur et rapidité- Traiter les documents administratifs liés aux ventes et au financement (poste nécessitant un travail régulier sur écran)TYPE DE CONTRAT ET DURÉE DE LA MISSIONDans le cadre d'une mission d'intérim pour un renfort de fin d'année. Les horaires sont variables du lundi au samedi, avec la possibilité de travailler le dimanche sur la base du volontariat. RÉMUNÉRATION ET AVANTAGESEUR BRUT/ heure + Prime de précarité 10% d'IFM et 10% d'ICP déposé sur Compte Epargne Temps+ Prime sur les ventes d'addtionnelles+ Tickets restaurant de 10 EUR par jour travaillé (prise en charge employeur à 60 %)+ Remboursement du titre de transport Navigo à hauteur de 5/7e/ jour travaillé"
40,213KHWB,Chargé(e) de relation clients H/F (H/F),"Rejoignez Cérélia, groupe alimentaire français, leader et acteur incontournable des pâtes boulangères réfrigérées.

Chez Cérélia, nous sommes fiers de dominer le marché des pâtes à tarte, pâte à pizza, pâte à viennoiseries et bien plus encore. Grâce à notre forte composante MDD (Marque de Distributeur) et à notre présence dans 18 pays européens, nous touchons tous les grands distributeurs du continent.

Avec un plan de croissance ambitieux, notre objectif est de devenir l'entreprise de référence non seulement en Europe, mais également autour du bassin méditerranéen et au-delà. Nous investissons dans de nombreux projets stratégiques, tels que l'ouverture de notre nouvelle usine à Saint Laurent Blangy, des transferts de ligne liés au rachat de marques, le développement des marques à l'international, et le déploiement de nouvelles technologies et logiciels informatiques. Dans ce contexte dynamique, nous vous offrons l'opportunité de rejoindre une équipe passionnée et de contribuer activement à notre succès.

 Missions et responsabilités principales :

- Vous gérez un portefeuille clients Fran ce et Belgique et vous travaillez en binôme,
- Vous êtes garant de la conformité du dossier ADV sur cette géographie, depuis la prise de commande jusque-là facturation :
o Vous communiquez sur les ruptures avec le Service Commercial Cérélia et les clients, 
o Vous gérez les tâches de coordination avec les services logistique, production et les prestataires logistiques. 
- Vous analysez des reliquats de commandes et proposez des relivraisons aux clients, 
- Vous gérez les aléas pré et post livraisons, 
- Vous analysez et traitez les réclamations clients, 
- Vous analysez les opérations promotionnelles et veillez à leur bon déroulement, 
- Vous analysez les pénalités clients,
- Vous serez un interlocuteur clé de nos clients, des services commerce et logistique. 
- Vous participerez également aux réunions de service et de coordination avec les autres services de l'entreprise. 
- Vous pourriez être amené à être solliciter sur des projets en lien avec votre domaine d'expertise. 
- Vous participerez également aux réunions de service et de coordination avec les autres services de l'entreprise, et vous pourrez être sollicité sur des projets ponctuels en lien avec votre expertise.
Profil :

Vous êtes issu(e) d'une formation de niveau Bac +2, type BTS, BUT ou licence en commerce,
Vous justifiez d'une première expérience réussie d'au moins 3 ans au sein d'un service client avec une expertise ADV
Vous maitrisez Excel, SAP 
Vous parlez anglais et vous pratiquez aussi une 2ème langue européenne,
Vous êtes reconnu(e) pour votre rigueur, votre autonomie et votre bonne organisation. Vous savez travailler en équipe et avez le sens du service client. 

Type d'emploi : 
CDI
Démarrage de l'aventure prévu à partir de janvier 2027

Conditions spécifiques de travail :
- Permanence de 7h du matin 1 fois par semaine
- Astreinte le samedi 1 fois par mois

Avantages :
- Salaire fixe brut annuel (sur 12 mois) : 28k - 34k
- 13e mois
- Ticket resto ou CESU
- RTT
- Intéressement et participation
- Télétravail possible

Rejoignez une entreprise dynamique et en pleine expansion, où l'humain est au cœur de notre développement ! Si vous êtes à la recherche de missions stimulantes, offrant à la fois autonomie et dimension internationale, ce poste est fait pour vous. De plus, nous croyons en la diversité et tous nos postes sont ouverts aux personnes en situation de handicap."
41,5882363,Conseiller de vente (H/F),"Description du poste :

Nous recrutons pour l'un de nos partenaires , acteur majeur dans le secteur de la chaussure, un(e) Conseiller de Vente en alternance pour rejoindre son équipe dynamique en magasin ! Si vous êtes passionné(e) par la mode, avez le sens du service client et souhaitez évoluer dans un environnement commercial stimulant, cette offre est faite pour vous !

Vos missions Accueillir et conseiller les clients : Vous serez le premier point de contact pour nos clients et les accompagnerez tout au long de leur parcours d'achat, en leur offrant des conseils personnalisés sur nos produits.
* Vente et fidélisation : Vous participerez activement à la vente de chaussures et d'accessoires, en veillant à répondre aux besoins et attentes de chaque client pour maximiser leur satisfaction et leur fidélité.
* Mise en rayon et merchandising : Vous contribuerez à la présentation et à l'organisation des produits en magasin, afin de garantir une mise en valeur optimale des collections.
* Gestion des stocks : Vous participerez à la gestion des stocks, au réassort des produits et à la réception des livraisons.
* Opérations commerciales : Vous serez impliqué(e) dans les animations commerciales et promotions, afin de dynamiser les ventes et contribuer à l'atteinte des objectifs du magasin.
* Respect des normes d'hygiène et sécurité : Vous veillerez à ce que le magasin respecte les normes d'hygiène et de sécurité en vigueur.

Description du profil Vous êtes passionné(e) par la mode, en particulier par l'univers de la chaussure et des accessoires.***Vous avez un excellent sens du service client, une grande écoute et un vrai goût du challenge.***Vous êtes dynamique, rigoureux(se) et aimez travailler en équipe."
42,6944111,Conseiller de vente (H/F),"Description du poste :

Vous êtes peut-être le talent que nous cherchons pour notre équipe de Lyon!***Pour donner le ""smile"" à nos clients de passage dans nos boutiques 1. Vous réservez un accueil personnalisé à nos clients
2. Vous écoutez, orientez et conseillez nos clients dans le cadre d'une vente
3. Vous présentez et mettez en valeur nos produits et nos engagements
4. Vous fidélisez notre clientèle à travers une expérience authentique et personnalisée.
5. Vous veillez à ce qu'il y ait toujours du stock pour satisfaire les envies des clients
6. Vous relevez les challenges pour développer le CA et réaliser les objectifs fixés !

Description du profil :

Qui êtes-vous Vendeur(se) dans l'âme, vous mettez tout en œuvre pour dépasser tes objectifs dans une ambiance conviviale où l'effort est récompensé Au delà de l'aventure professionnelle, la qualité des échanges et des moments passés avec les clients comme avec votre équipe sont importants pour vous
* Dynamique, fiable, et rigoureux(se), vous possédez des qualités relationnelles qui vous permettent d'établir un contact privilégié avec vos différents interlocuteurs
* Vous avez un excellent sens du service et vous n'avez pas peur de partir à la rencontre de nos clients
* La maitrise de l'anglais ou de l'espagnol est un plus

Vous vous reconnaissez ? Ce poste est fait pour vous Comme nous sommes convaincus que la diversité de nos équipes fait notre richesse, nous considérons toutes les candidatures et favorisons une culture de travail inclusive, où chaque personne peut se sentir à sa place."
43,212VWCK,Chargé(e) de développement et relation client (H/F),"Vous souhaitez évoluer dans un environnement convivial où votre expertise commerciale et votre sens du service client sont valorisés ? Vous avez envie de contribuer au développement d'une PME ambitieuse et en pleine croissance ? Rejoignez notre équipe !

CDD à temps plein (35h) du lundi au vendredi - Créancey
Poste à pourvoir du 1er octobre 2026 au 31 janvier 2027
Rémunération : 1930,59 € brut mensuel + primes variables selon performance

Rattaché (e) au Directeur Commercial, vous gérez la croissance d'un portefeuille clients de Viticulteurs et de Cavistes pour atteindre les objectifs prédéfinis.

Vos missions principales (évolutives selon les compétences) :
- Contacter et convertir des prospects afin d'élargir le portefeuille de clients viticulteurs et cavistes, tout en fidélisant les clients existants conformément aux stratégies commerciales de l'entreprise et dans le respect de ses valeurs.
- Créer de la proximité : être à l'écoute, identifier les opportunités de croissance, informer et conseiller sur les offres, tarifs, conditions de transport et réglementations douanières liés à leurs envois de colis. 
- Garantir une expérience fluide et positive à chaque étape du parcours client, en apportant un suivi personnalisé et en gérant efficacement les demandes de service après-vente.
- Guider les clients dans l'utilisation de la plate-forme extranet.
- Gérer les aspects administratifs avec rigueur : ouverture de comptes, constitution dossier de litiges transport, élaboration de devis personnalisés.
- Assurer les échanges quotidiens avec les transporteurs pour coordonner et suivre les opérations d'acheminement des colis.

 Compétences recherchées :
- Profil commercial et autonome, capable de s'organiser efficacement.
- Solides compétences en techniques de vente et relation client.
- Goût pour le travail en équipe, l'échange de bonnes pratiques, et la progression collective.
- Respect des valeurs de l'entreprise : transparence, écoute, qualité de service 
- Bonne capacité d'organisation, rigueur et adaptabilité.
- Aisance avec les outils informatiques.
- Une connaissance du milieu viticole français ou un réseau dans ce domaine sera fortement apprécié.

Pourquoi nous rejoindre ?
Une PME en croissance, à taille humaine, où chacun compte.
Un environnement de travail convivial et bienveillant
Des missions variées au cœur de la relation client.
Des journées ponctuées par des échanges réguliers avec les clients, les transporteurs et les équipes internes."
44,7399043,CDD - Superviseur Comptoir - - 35h - Nanterre (H/F),"Description de l'entreprise
CAFÉ JOYEUX
Première famille de cafés-restaurants qui emploie et forme des personnes en situation de handicap mental et cognitif.
Notre mission est l'inclusion en milieu ordinaire : permettre l'emploi, la formation et l'épanouissement professionnel de personnes en situation de handicap mental ou cognitif.
Avec 31 cafés aujourd'hui, Café Joyeux déploie une stratégie de développement ambitieuse.
En août 2021, le CFAJ - Centre de Formation d'Apprentis Joyeux - a été lancé, permettant aux Équipiers Joyeux d'obtenir un titre professionnel d'Agent de restauration.
Nous commercialisons également une marque de café d'exception et du thé, vendus aux particuliers et aux entreprises, dont les bénéfices contribuent à l'emploi et la formation de personnes en situation de handicap dans les cafés-restaurants Joyeux Servi avec le cœur.
Description du poste
LES MISSIONS
Au sein d'un Café Joyeux implanté en entreprise (Café Joyeux Inside), vous êtes membre de l'équipe d'encadrement, sous la responsabilité du Manager les missions principales sont les suivantes :
Service en salle
- Assurer et superviser l'ensemble des postes en salle : accueil des clients, encaissement, préparation et remise des commandes, vente de café et de goodies, réassort de la vitrine, mise en place d'un merchandising attractif et entretien des espaces.
- Garantir un accueil chaleureux et un service de qualité auprès des convives tout au long de la journée.
- Veiller au maintien d'une largeur d'offre contractuelle conforme aux engagements pris avec l'entreprise accueillante.
- Accompagner et encadrer les équipiers joyeux en situation de handicap mental ou cognitif : transmission des bons gestes, soutien au bien-être au travail, participation à la formation et au développement des compétences, animation de l'activité quotidienne.
- Contribuer à la bonne gestion administrative en appliquant et faisant appliquer les procédures préconisées ;
- Être garant de l'image de marque et des valeurs de Café Joyeux.
- Veiller aux bonnes relations entre Café joyeux et l'entreprise accueillante
Cuisine & Hygiène
- Participer à l'assemblage des produits de la carte dans le respect des fiches recettes et des standards de qualité de Café Joyeux.
- Veiller au respect et à l'application des règles d'hygiène, de sécurité alimentaire et des normes HACCP.
- Assurer la réception, le stockage et le suivi des marchandises et des denrées dans le respect des procédures et des conditions de conservation.
- Superviser les opérations liées à la plonge et au maintien de la propreté des espaces de travail.
Qualifications
VOTRE JOYEUX PROFIL
- Vous avez une formation adaptée ainsi qu'une expérience dans une fonction similaire en restauration de 2 ans minimum ;
- Vous avez le sens du service authentique ;
- Vous disposez d'un vrai talent en animation et savez insuffler votre dynamisme à l'équipe ;
- Vous êtes force de proposition, organisé et autonome ;
- Vous attachez une attention toute particulière à la satisfaction client, au respect des normes HACCP et à la qualité des produits proposés ;
- Vous êtes sensible au monde du handicap et à l'inclusion ;
- Vous êtes bienveillant(e), avez le souci de l'autre et de l'empathie ;
- Vous véhiculez des valeurs de joie et de partage ;
- Vous souhaitez donner du sens à votre vie professionnelle et travailler dans un cadre joyeux ?
Informations supplémentaires
AVANTAGES
- Mutuelle et Prévoyance
- 75% du titre de transport pris en charge ou forfait mobilité durable
- CSE Joyeux
- 25% de remise sur les produits joyeux et sur la commande dans un Café Joyeux
- Evénements Joyeux

Servi avec le coeur"
45,6576185,CHARGE RELATION CLIENTS H/F,"Supplay Grenoble recherche pour son client situé à St Egrève - un/e CHARGE DE RELATION CLIENTSNouvellement diplômé/s ou issu/e de la grande distribution?En tant que CRC, vous serez en charge de :-Répondre de façon précise aux demandes de renseignements/ services sur les prestations proposées.-Prendre en charge/traiter/répondre aux réclamations clients-Enregistrer les demandes d'avoirs et d'indemnisations-Conseiller le client sur les aspects techniques (conditions prise en charge, délai, taxation, manutention...)-Détecter les éventuels besoins clients, remonter l'information vers les équipes commerciales- Produire un E-reporting client dans le cadre contractuel défini avec le client-Assister les clients dans l'utilisation et la saisie des outils-Anticiper/corriger les anomalies selon les modalités validées dans la fiche de supervision-Informer les clients des anomalies d'acheminement selon les modalités validées dans la fiche de supervision-Assurer le suivi de la qualité de prestation rendue au client : analyser, rendre compte et proposer le cas échéant des solutions d'amélioration"
46,214CLMK,Chargé de Relation Client (H/F),"Ce que nous pouvons accomplir ensemble :

 

Sous la responsabilité du Chef d'équipe, le Chargé de relation client promeut l'image des clients donneur d'ordres et fidélise la clientèle par la qualité et la pertinence des réponses apportées, et ce quel que soit le canal utilisé (téléphone, courriel, courrier, chat.). Il assure aussi bien le front office que le back office. Il contribue à l'amélioration de la qualité de service et traite l'aspect administratif lié à ses missions.

 

Votre rôle :

 

1. Gestion des appels et interactions clients

Réceptionner les appels entrants et émettre des appels sortants.
Identifier l'objet de l'appel (information, réclamation, assistance, commande, vente, , etc.).
Répondre aux demandes des clients en fonction des procédures établies.
Rediriger les appels vers les services compétents si nécessaire.
Assurer un suivi efficace des interactions avec les clients.
 

2. Traitement administratif et suivi des dossiers

Saisir les informations et suivis des appels dans les outils dédiés.
Gérer et traiter les dossiers clients en back-office selon des procédures établies
Suivre les consignes et respecter les processus internes.
Appliquer les directives relatives aux certifications et labels en vigueur.
 

3. Formation et amélioration continue

Assister aux formations concernant les produits, services, campagnes promotionnelles, outils et procédures.
Respecter le discours client et les standards de qualité définis.
Connaître et appliquer les principes du système de management de la qualité.
Contribuer à l'amélioration continue du service client en signalant les dysfonctionnements
 

4. Utilisation quotidienne de l'IA comme appui au conseiller

S'appuyer sur des outils d'intelligence artificielle (assistants virtuels, suggestions de réponses, analyse de sentiment) pour préparer et personnaliser les réponses aux clients, tout en gardant la responsabilité finale du message envoyé.
Relire, vérifier et ajuster les réponses proposées par l'IA pour garantir leur conformité aux procédures internes, leur exactitude et leur adéquation au contexte client. 

Rémunération: 1870€"
47,214LYXK,Chargé de relation client et développement commercial (H/F),"RESUME DU POSTE

Savoie Hélicoptères recrute dès que possible un(e) Chargé(e) de relation client et développement commercial - activité Hélicoptères - dans le cadre d'un CDD saisonnier.

Dans le cadre de l'ouverture de notre nouvelle base à Megève, ce poste s'articulera autour de deux temps forts.

Dans un premier temps, le poste sera basé à Marnaz avec une forte dimension commerciale. Votre mission principale sera de préparer et accompagner le lancement de la nouvelle base de Megève : développer notre présence commerciale sur le secteur, identifier et prospecter de nouveaux partenaires.

À compter du 1er janvier, vous rejoindrez la nouvelle base de Megève pour toute la saison d'hiver. Vos missions évolueront alors vers une fonction davantage opérationnelle et terrain : accueil et accompagnement des clients, gestion des réservations, coordination des vols, relation avec les partenaires et suivi administratif, tout en poursuivant les actions commerciales et la fidélisation du réseau développé.

Véritable ambassadeur(rice) de Savoie Hélicoptères, vous contribuerez ainsi directement au lancement, au développement et au bon fonctionnement de notre nouvelle base de Megève, auprès d'une clientèle française et internationale.
Vous évoluerez dans un environnement où sens commercial, qualité de service, réactivité, polyvalence et esprit d'équipe sont essentiels.


VOS MISSIONS :

Participer activement au lancement commercial de la nouvelle base de Megève et au développement de son activité. 

Prospecter et développer un réseau de partenaires locaux, notamment auprès des hôtels, conciergeries, agences de voyages et acteurs touristiques de Megève et de sa région. 

Promouvoir les prestations de Savoie Hélicoptères, identifier de nouvelles opportunités commerciales et fidéliser les clients et partenaires. 
Accueillir, conseiller et accompagner les clients afin de leur offrir une expérience personnalisée et haut de gamme. 

Gérer les demandes de réservation, établir les devis et assurer le suivi commercial jusqu'à la confirmation. 

Organiser et optimiser le planning des vols en lien avec les pilotes et les équipes opérationnelles.
 
Coordonner les différentes parties prenantes : clients, pilotes, équipes au sol, aéroports et partenaires. 

Participer à l'accueil et à l'accompagnement des passagers, notamment lors des opérations d'embarquement et de débarquement. 

Gérer les imprévus et changements de dernière minute avec réactivité, en tenant compte des contraintes opérationnelles et météorologiques.
 
Assurer le suivi administratif des dossiers clients, préparer les éléments nécessaires à la facturation et veiller à la bonne circulation des informations entre les équipes.


VOTRE PROFIL :

- Formation Bac +2 souhaitée en commerce, tourisme, transport, gestion, relation client ou équivalent 
- Une expérience réussie dans le secteur d'activité des hélicoptère s
- Excellent sens du service et de la relation client 
- Très bonnes capacités d'organisation et de gestion des priorités 
- Aisance avec les outils bureautiques et informatiques 
- Bonne communication écrite et orale 
- Anglais courant indispensable 
- Intérêt pour le secteur aéronautique et capacité à assimiler rapidement ses spécificités 
- Permis B indispensable 
- Disponibilité les week-ends et jours fériés selon l'activité


QUALITES ATTENDUES :

Sens du service 
Excellent relationnel 
Réactivité 
Polyvalence 
Organisation 
Rigueur 
Adaptabilité 
Esprit d'équipe 
Autonomie 
Esprit commercial


ORGANISATION DU TRAVAIL

Poste au forfait jour, non-cadre 
Travail fréquent les WE 
Ajuster son planning en fonction de l'activité et des impératifs opérationnels (comme la météo)


AVANTAGES 

13ème mois
Tickets restaurants"
48,213DRFY,Responsable Relation Clients (H/F),"GERALS INTÉRIEUR, entreprise familiale spécialisée en second œuvre (cloisons, plafonds, doublages, isolation, peinture, menuiserie intérieure), travaille avec des clients grands comptes ainsi qu'avec des architectes et maîtres d'ouvrage en Île-de-France.
Dans le cadre de sa structuration et du développement de son portefeuille clients, le Groupe Tomasca recherche un(e) Responsable Relation Clients pour piloter et professionnaliser la fonction relation clients à l'échelle du groupe.
Missions principales
Piloter la stratégie de relation clients et en garantir la qualité dans la durée
Être l'interlocuteur(trice) de référence des clients grands comptes et donneurs d'ordre
Mettre en place des outils de suivi de la satisfaction client et des indicateurs de performance (reporting régulier)
Analyser les retours clients et proposer des plans d'actions d'amélioration continue
Coordonner les échanges entre les équipes opérationnelles, les chargés d'affaires et la direction
Contribuer au développement du portefeuille clients et à la fidélisation des comptes existants
Reporter directement à la direction du groupe"
49,6690894,Emploi Chargé.e de clientèle ADV MARCQ-EN-BAROEUL H/F,"Votre agence Temporis Experts & Cadres Roubaix recherche un(e) chargé(e) de clientèle ADV pour rejoindre une entreprise innovante, leader de la vente à domicile et présente depuis plus de 25 ans dans la cuisine des Français avec une gamme de produits modernes et sans cesse renouvelés.

Le poste:
Vous intégrerez une équipe de 7 personnes au service ADV. Après une période de passation, (e) à gérer un portefeuille clients et à contribuer au bon fonctionnement administratif et commercial du service.

Vos missions :
Sous la responsabilité du responsable de service, vous pourrez :
- Connaître les enjeux et les besoins de l'entreprise et y répondre efficacement.
- Assurer l'accueil téléphonique des clients et des conseillers de vente pour leur délivrer un suivi et cela de la commande à la livraison.
- Renseigner les clients et les conseillers avec des informations fournies et apporterez des réponses détaillées et complètes.
- Mettre à jour les bases de données clients et vendeurs
- Etablir les tâches administratives diverses (dossiers de financement, établissement de devis, suivi des dossiers).

Vous bénéficierez d'une formation en trois paliers :
- SAV téléphonique avec les problématiques de transport, de logistique, gestion des remboursements, avoirs.
- Suivi et gestion de la boutique en ligne : suivi et accompagnement des vendeurs indépendants.
- Gestion commerciale et ventes additionnelles.

Conditions de travail:
Contrat : intérim de 1 mois prolongeable 
Rémunération : 2 030 € bruts mensuels
Temps de travail : 37,5h par semaine, dont :
- 2 heures rémunérées,
- 2 heures alimentant un compteur RTT (11 jours de RTT/an).
Horaires : 8h-17h, du lundi au vendredi.

Avantages : titres-restaurant de 10,50 € pris en charge à 60 %, télétravail possible à partir du .

Profil recherché :
Expérience en ADV ou sur une fonction administrative/commerciale similaire.
Bonne maîtrise des outils bureautiques.
Rigueur, organisation et capacité à gérer plusieurs priorités.
Aisance relationnelle et sens du service client.
La pratique de l'anglais est un plus apprécié.

Alors, si vous vous sentez prêt.e à rejoindre cette équipe, ne laissez pas cette opportunité vous échapper ! Postulez dès maintenant en nous transmettant votre candidature.

L'équipe Temporis Experts & Cadres d'échanger avec vous sur votre projet professionnel.

Pour info voici notre processus de recrutement :

- Tout d'abord nous faisons un premier entretien téléphonique
- Nous vous faisons passer des tests de positionnement
- Nous vous proposons un entretien en agence ou en visio pour mieux vous connaître et discuter du poste
- Nous vous faisons rencontrer notre client et c'est à vous de jouer.

Sinon faites un tour sur notre page Linkedin pour en savoir plus sur nous : https://fr.linkedin.com/company/temporis-roubaix-experts-et-cadres"
50,6710693,CONSEILLER DE VENTE (H/F),"Acteur(trice) de la réussite du projet d'habitat de nos clients
Vous mettez à profit votre expertise auprès de nos clients afin de les conseiller et favorisez la coopération avec l'équipe pour apporter la meilleure réponse à leurs besoins et la réussite de leurs projets.
Vous êtes rattaché à l'un des univers du point de vente et vous contribuez à fluidifier et rendre agréable le parcours d'achat de nos clients.
Vous êtes garant(e) de l'approvisionnement et de la qualité de la tenue de votre espace de vente et vous n'hésitez pas à prendre des initiatives au quotidien pour mettre en valeur vos produits et les services.
Vous êtes une Femme ou un Homme doté(e) d'un excellent relationnel vous permettant de concrétiser vos ventes et ainsi contribuer à la performance du magasin.


Esprit d'équipe, passionné(e) par le commerce et la relation client, fédérateur(trice) avec le goût du terrain, vous avez déjà éprouvé ces qualités dans une expérience significative sur un poste similaire. Vous avez une bonne maîtrise des différentes techniques de vente et vous avez également à cœur d'intégrer un point de vente qui place le client au cœur de ses préoccupations.


Poste a pourvoir dans le secteur menuiserie bois, découpe bois et verre 35h semaine en CDI
Contrat : CDI
Niveau d'expérience minimum requis : Confirmé
Niveau d'études minimum requis : CAP / BEP
Temps de travail : Temps plein
Statut : Non cadre"
51,213WNWF,Chargé de clientèle (H/F),"
                 Notre agence LIP Solutions RH, experte des métiers de la relation client à distance, recrute pour son client, spécialisé dans la vente de matériel énergétique, un chargé de clientèle

 Votre mission
Au sein du service clients, vous assurez le traitement et le suivi des demandes commerciales, tout en veillant à offrir une expérience client de qualité et un accompagnement personnalisé.

 Vos principales missions
Répondre aux appels entrants et renseigner les clients sur les produits, les services et le suivi de leurs dossiers.
Assurer la coordination avec les équipes commerciales pour garantir le bon suivi des demandes.
Accompagner les clients dans leurs démarches et identifier les solutions les plus adaptées, dans une démarche commerciale.
Saisir, enregistrer et assurer le suivi des commandes.

 Horaires
Du lundi au vendredi : 8h00 - 12h00 / 14h00 - 17h00

 Un poste polyvalent, au cœur de la relation client, combinant conseil, suivi commercial et gestion des commandes, au sein d'un secteur en plein développement.
                 Formation de niveau Bac à Bac+2, idéalement orientée commerce ou relation client.
 Une première expérience en relation client, gestion ou saisie de commandes serait un véritable atout.
 Doté(e) d'un excellent sens du contact, vous êtes à l'aise au téléphone et avez le sens du service client.
 Rigoureux(se) et organisé(e), vous appréciez le travail en équipe et savez gérer vos priorités.
 À l'aise avec les outils informatiques et les logiciels de gestion, vous savez vous adapter rapidement aux environnements de travail.
            "
52,6744712,Conseiller Relation Clientèle (H/F),"Description du poste :

Missions principales

Le ou la conseiller(e) du centre de relation usagers assurera des missions en front office principalement et en back office, liées à la prise en compte des flux de demandes multi-canales (téléphone, email et courrier Accueillir nos usagers et répondre à leur demandes téléphoniques grâce à une relation personnalisée et attentionnée Analyser leur demande afin d'y apporter la solution adéquate (intervention, informations, corrections Apporter des conseils, expliquer le fonctionnement du service et les bonnes pratiques à mettre en place pour une consommation sobre et optimisée Veiller à la qualité de l'expérience des usagers et s'assurer de leur satisfaction, en mettant en place les actions nécessaires Émettre des appels sortants pour les clients insatisfaits dans le cadre de l'écoute de la voix de l'usager et par souci d'amélioration continue Émettre des appels sortants en fonction des besoins du service (Changement de compteur, de modules de télérelève Assurer le traitement des demandes dans le respect de nos procédures et de nos engagements de service, notamment Traiter les demandes d'abonnements et de résiliation en 24h Traiter les demandes relatives à la facture: explication, encaissement, conseils Traiter les demandes d'interventions terrain Apporter les modifications demandées par les abonnés sur leur contrat et leur apporter les informations nécessaires Analyser et traiter en 48h les mails et en 8 jours les courriers Traiter les demandes d'échéancier ou de mensualisation Enregistrer les mandats de prélèvement automatique et passage e-facture Gérer les retours des Plis Non Distribués et les diverses mises à jour administratives.

Conditions particulières

- 35h/semaine - poste éligible au télétravail (à partir de 6 mois d'ancienneté Poste basé à Carré de Soie (esplanade Myriam MAKEBA à VILLEURBANNE - accessible en transport arrêt métro/tram Vaulx-en-Velin la Soie Avantages sociaux : Tickets restaurants, Prise en charge de l'abonnement TCL et/ou SNCF à 100 Rémunération sur 13,5 mois,

Description du profil :

Savoir-faire professionnels / opérationnels

- Pratique d'une application de gestion clientèle souhaitée

- Expérience en centre d'appels ou en relation clients

- Pratique courante de logiciels bureautiques (suite Microsoft Office et Gmail)

Aptitudes et qualités

- Sens du service, du conseil et de la relation client

- Qualité relationnelle, aisance au téléphone, courtoisie

- Qualités rédactionnelles Autonomie et Rigueur Sens du travail en équipe"
53,214LCXN,Chargé(e) de relation client pour nos clients professionnels (H/F),"RELATION CLIENTELE PRO :
Garantir une relation privilégiée et la satisfaction des clients PRO
Être acteur de l'adhésion au programme de fidélité
Réaliser les activités de vente ou orienter les clients vers les interlocuteurs adaptés
Proposer les offres de services et garantir leur bon déroulement
Suivre les devis avec pour objectif de les convertir
Faciliter un encaissement rapide
Répondre aux sollicitations des clients PRO via sa ligne téléphonique dédiée et son adresse e-mail

GESTION COMMERCIALE :
Développer et suivre le portefeuille des PRO en identifiant les opportunités commerciales
Construire et mettre en place des évènements destinés à la clientèle PRO
Suivre les indicateurs en contribuant à leur amélioration
Développer la connaissance du niveau d'activité des clients PRO
Garantir l'opérationnalité de l'espace PRO en magasin
Piloter l'activité commerciale des PRO et mise en place des plans d'actions associés
Assurer un service après-vente

ANIMATION DU MAGASIN :
Garantir l'animation de la stratégie des clients PRO en communiquant les informations auprès des collègues du magasin
Promouvoir et mettre en visibilité le programme PRO dans le parcours client
Former et informer les collègues sur les services du programme PRO

Compétences comportementales / savoir-être :
Sens du service client
Aisance relationnelle
Être à l'écoute, faire preuve d'empathie
Faire preuve de rigueur et de précision
Orienté résultats, goût du challenge

Temps plein - 35h00 - Magasin ouvert de 07h00 à 20h00"
54,214SDPT,Chargé / Chargée de relation client,"Rattaché(e) au coordinateur relation client à l'espace bowling du centre, vous êtes garant(e) de l'accueil et et l'orientation client du centre. Vos missions sont les suivantes :
- accueillir, informer, prendre en charge et orienter la clientèle
- promouvoir les différents se services, espaces et produits proposés
- contribuer à la promotion et à l'organisation des activités commerciales
- participer au développement et à la fidélisation d'un portefeuille clients / partenaires
- mettre à jour les bases de données clients
- identifier les besoins du client, le conseiller et assurer la vente
- tenir la caisse
- reporter l'activité (fréquentation, recettes...)
- gérer les abonnements et les inscriptions aux activités

Votre profil : titulaire d'un Bac à Bac + 2 dans le domaine de la relation client, tourisme ou sport / loisirs. Vous justifiez d'une expérience significative en relation avec la clientèle. Vous êtes à l'aise avec l'anglais.
De nature souriante et soucieuse du bien-être des clients, vous êtes aussi à l'aise avec les outils informatiques.

Le travail organisé le week-end, en soirée et les jours fériés en rotation est à prévoir.

Le poste est ouvert aux personnes en situation de handicap."
55,7406465,CHARGÉ DE RELATION CLIENT (H/F),"Nous recherchons pour le compte de notre client, acteur majeur et incontournable de la logistique automobile, un Chargé de service client (F/H) disposant d'un bon niveau d'anglais.En tant que Chargé(e) de Service Client, vous êtes le chef d'orchestre de la relation client et de la gestion administrative des flux de véhicules sur le site. Au quotidien, vous pilotez le suivi des expéditions, coordonnez les équipes internes et assurez une communication fluide et réactive avec l'ensemble des interlocuteurs.

Vos tâches détaillées :

-Gestion des flux & EDI : Analyser, traiter et intégrer les fichiers EDI (entrées, sorties, ordres de transport, demandes de préparation) dans le système d'information.

-Suivi opérationnel & coordination : Assurer le suivi quotidien des livraisons/expéditions de véhicules neufs, gérer les retours d'enlèvements et transmettre les consignes logistiques et ateliers.

-Relation client & réunions : Communiquer quotidiennement (en français et en anglais) avec les clients, transporteurs et ateliers, et animer les réunions hebdomadaires de suivi des flux.

-Qualité & Suivi de performance : Enregistrer les non-conformités, calculer les KPI de performance, réaliser les contrôles de stock et participer audits qualité ainsi qu'aux inventaires.

-Facturation & Reporting : Assurer le transfert des données de facturation des services vers le service comptabilité et transmettre les données de stock pour l'analyse capacitaire du site.

-Accompagnement terrain : Paramétrer occasionnellement les outils clients pour les ateliers et accompagner les clients lors de leurs visites sur site."
56,213ZVCH,Chargé de clientèle SAV (H/F),"Vous aimez trouver des solutions, coordonner les interventions et accompagnez vos clients jusqu'à la résolution de leur demande ? Vous appréciez les journées rythmées où chaque demande est différente ?

Nous recherchons un Chargé de clientèle SAV H/F pour rejoindre l'équipe de Charlène.

Votre rôle : assurer le lien entre nos clients, nos techniciens terrain et nos équipes internes afin de garantir une prise en charge rapide et efficace des demandes SAV.

Intégré(e) au sein du Centre de la Relation Clients, équipe de 9 personnes vos missions principales seront les suivantes :

- Recevoir les demandes SAV de nos clients via différents canaux de communication 
- Gérer différentes boîtes mails
- Établir et entretenir des relations positives avec les clients
- Ouvrir les dossiers de demandes de services du client via notre logiciel (Sage X3)
- Orienter le client vers le bon service en fonction de sa demande
- Traiter le dossier du client en établissant et validant les devis effectués par le technicien terrain ou hotline, ainsi que les relances et annulations de devis
- Gérer le planning d'une équipe de techniciens terrains de secteurs (gestion des priorités, optimiser les déplacements, planifier les interventions, informer le client.)
- Commander les pièces nécessaires auprès de notre magasin suite au diagnostic du technicien terrain ou hotline et effectuer le suivi des pièces
- Échanger et travailler en étroite collaboration avec divers interlocuteurs et services pour piloter le traitement du dossier et satisfaire le client
- Clôturer les dossiers jusqu'à facturation des interventions
- Représenter et promouvoir les valeurs et l'image de l'entreprise
 
Votre priorité : la satisfaction clients !

Ce poste est fait pour vous si...

- Vous disposez d'une première expérience réussie en relation client, assistanat administratif, SAV ou planification d'interventions,
- Vous aimez le contact client et vous vous épanouissez dans un environnement dynamique,
- Vous savez gérer plusieurs dossiers simultanément tout en gardant le sens des priorités,
- Vous êtes à l'aise au téléphone, faites preuve d'une bonne élocution et aimez accompagner vos interlocuteurs avec professionnalisme,
- Vous êtes reconnu(e) pour votre rigueur, votre aisance relationnelle et votre sens de la communication,
- Vous maitrisez les outils informatiques de base,
- Vous faites preuve d'adaptabilité , savez garder votre calme et réagir efficacement face aux imprévus,
- Vous aimez travailler en équipe et avez à coeur de contribuer à la satisfaction de nos clients.

Au delà de votre expérience, c'est avant tout votre sens du service, votre organisation, votre polyvalence, et votre esprit d'équipe qui feront la différence.

Ce que nous vous offrons :
- Un accompagnement personnalisé dès votre arrivée,
- Un poste complet sans routine
- Une équipe soudée, bienveillante et toujours prête à s'entraider,
- Une entreprise à taille humaine et inclusive,
- Une équipe managériale attentive et à l'écoute,
- Un environnement de travail agréable et dynamique,
- Un véritable travail d'équipe avec l'ensemble des services.
- Une rémunération fixe de 2 100 € brut + Prime trimestrielle
- Des évènements d'entreprise
- Des titres restaurants
- Un CSE (Carte lavage trimestrielle, cadeau de fin d'année)
- Une mutuelle attractive, cotisation unique pour toute la famille

Ce poste vous intéresse, alors rejoignez-nous ! 

Amplitude horaire : 8H30 - 18H00 sur roulement, une semaine sur deux. 
Un samedi travaillé par mois, avec récupération la semaine suivante."
57,6881744,Conseiller de vente (H/F),"Description du poste :

Maison historique de la maroquinerie française, Le Tanneur recherche un collaborateur pour incarner son savoir-faire. Le candidat retenu aura pour mission de sublimer l'héritage de la marque auprès de sa clientèle.

Missions principales Accueil, conseil et vente aux clients.
* Encaissement et gestion des commandes.
* Merchandising et valorisation des produits.
* Entretien du magasin et participation à la vie d'équipe.

Développement BTS MCO Suivi des indicateurs de performance et analyse du CA.
* Animation commerciale et promotions.

Description du profil :

Profil recherché - BTS MCO septembre 2026 au sein de l'ifcv en alternance.

Vous disposez d'une solide expérience dans la vente, d'un sens du service développé et d'une présentation soignée. Vous aimez travailler en équipe avec dynamisme tout en étant autonome ? Ce poste est fait pour vous.

Compétences clés Motivé(e) et orienté(e) résultats
* Bon relationnel et sens de la communication
* Organisé(e) et capable de gérer ses priorités
* Flexible et adaptable
* Curieux(se) et désireux(se) d'apprendre"
58,7450804,Responsable Relation Client F/H,"VOTRE MISSION : vous êtes le garant de la qualité de la relation client et de l'image du magasin.Leader d'équipe : Vous dirigez et fédérez vos collaborateurs pour garantir un climat social exemplaire et un service client d'excellence.Ambassadeur de la Satisfaction Client : Vous placez l'expérience client au coeur de votre stratégie en animant la démarche relation client et en garantissant un service irréprochable. Gestionnaire Rigoureux : Vous maîtrisez vos indicateurs pour atteindre (et dépasser) vos objectifs.Garant de la Conformité : Vous assurez le respect strict des réglementations (travail, hygiène, sécurité) et de la politique du groupe.VOTRE PROFIL :Expérience d'un an minimum sur le même poste.Capacité à décider, à déléguer et à agir sur le terrain.Maîtrise des leviers de gestion et de la législation sociale."
59,214PRRX,Conseiller(ère) Service Après Vente (H/F),"- Accueil physique et téléphonique des clients SAV
- Ecoute et définition des besoins des clients (tests, diagnostics, et prise en charge)
- Tenir la caisse (encaissement, retour client, avoir, bon d'échange, etc.)
- Préparation et envoi des colis au service technique + réception colis retour service technique
- Gestion des stocks et  suivis des stocks SAV 
- Commande de pièces détachées et suivi des commandes SAV
- Demande d'intervention SOLVAREA (planification intervention/ livraison)
- Aide au chargement/ déchargement marchandises"
60,6270416,CHARGE DE CLIENTELE (H/F),"Start people recrute un CHARGÉ(E) DE CLIENTÈLE - LA POSTENous recherchons un(e) Chargé(e) de clientèle pour intervenir sur les bureaux de La Poste d'Amboise et de Montlouis-sur-LoireMission :Du 25 au 29 août Puis renouvellement possible jusqu'au 3 octobre Lieux : Amboise et Montlouis-sur-LoireHorairesDu lundi au vendredi : 8h50 - 18h15Le samedi : 8h50 - 12h30La mobilité entre les deux sites est donc nécessaire.Vos missionsVous assurez l'accueil et l'accompagnement des clients au sein des bureaux de La Poste :Accueil, renseignement et orientation des clients ;Accompagnement à l'affranchissement et à l'utilisation des automates ;Remise des instances ;Gestion des demandes et des éventuels litiges ;Utilisation des outils informatiques et du PDA ;Possibilité d'évoluer progressivement vers certaines opérations bancaires simples. "
61,214CLVG,Chargé de clientele (H/F),"Nous nous sommes donnés pour mission de professionnaliser le marché du ménage et repassage à domicile, avec la conviction que notre métier repose sur la valorisation des employés de maison. C'est dans ce modèle vertueux et respectueux que nous avons su gagner la confiance de nos clients, de nos intervenants 

Un poste à votre image 

Rattaché.e au Directeur de secteur, vous exercez un métier qui a du sens, dans un réseau qui fait évoluer ses talents. En tant que chargé.e de clientèle, vous bénéficiez de l'attractivité de la marque Shiva pour développer votre portefeuille de clients. 
Vous contribuez au développement de votre agence en atteignant des objectifs SMART.
 Vous travaillez au contact d'un public varié, dans une ambiance chaleureuse et accueillante.
Les plus Shiva :
Des missions valorisantes et stimulantes, un quotidien varié, de nombreux avantages, des formations régulières aux outils et process, des perspectives d'évolution dans un groupe ambitieux en fort développement, dans le respect de votre équilibre personnel.

Vos missions en tant que chargé.e de clientèle :
- Développement du portefeuille clients : décrocher des rendez-vous au domicile, respecter le process de vente Shiva, convertir vos prospects par un discours qualitatif et percutant, capacité à répondre aux objections, faire preuve de réactivité dans les appels, les relances.
Visite à domicile
- Sélection et intégration des intervenants : traiter les candidatures, rencontrer et sélectionner les candidats, tests ménage et repassage en agence, constituer le dossier administratif des intervenants.
- Réalisation et optimisation des plannings d'intervention (gestion des absences et remplacements) grâce à l'utilisation d'un logiciel convivial.
- Suivi de la qualité des interventions et de la satisfaction clients et employés de maison (appels 1ères prestations et appels 1ères interventions, visite qualité au domicile, réponse aux insatisfactions clients et intervenants).
- Réalisation d'objectifs SMART (spécifiques, mesurables, atteignables, réalistes, temporellement définis) en collaboration avec la direction.
Profil recherché
- Polyvalence
- Réactivité et sens de l'organisation, adaptabilité et rigueur, autonomie
- Bonne maitrise des outils informatiques, à l'aise avec l'administratif
- Esprit d'équipe, sens du service, culture du résultat
- Capacité d'écoute, aisance relationnelle, disponibilité
- Partage de nos valeurs : qualité du service rendu, intégrité, altruisme, respect


Titre restaurant
Epargne salariale"
62,6966387,CHARGE DE CLIENTELE H/F,"SUPPLAY VALENCIENNES RECRUTE DES CHARGÉS DE CLIENTÈLE H/F sur le secteur d'Aulnoye-AymeriesVous aimez le contact avec le public, le conseil et la satisfaction client ? Rejoignez une entreprise reconnue et devenez un acteur essentiel de l'accueil et de l'accompagnement des clients au quotidien !Vos missions principales seront les suivantes :Au sein d'un bureau de poste, vous assurez l'accueil, l'accompagnement et le conseil des clients dans le respect des procédures, de la qualité de service et des objectifs de satisfaction.- Accueil et accompagnement des clients :Accueillir, renseigner et orienter les clientsIdentifier leurs besoins et leur proposer des solutions adaptéesGarantir une expérience client de qualité- Gestion des opérations postalesRéaliser les opérations liées à l'envoi et à la réception de courriers et colisAssurer la remise des recommandés et des colisInformer les clients sur les différents services proposés- Opérations bancaires courantesEffectuer les opérations de gestion quotidienne (dépôts, retraits, virements, etc.)Accompagner les clients dans l'utilisation des services digitauxVeiller à la conformité des opérations réalisées- Conseil et développement commercialPromouvoir les offres et servicesDétecter les opportunités commercialesParticiper à l'atteinte des objectifs de l'agence- Gestion administrativeAssurer le traitement des dossiers et des demandes clientsRespecter les procédures internes et les règles de confidentialitéGarantir la fiabilité des informations traitées"
63,213TMSC,Guest relation / Guest experience assistant - Maison de Luxe (H/F),"Nous recherchons une personne fiable, organisée et accueillante pour assurer l'accueil et l'accompagnement de nos clients lors de leurs séjours ainsi que la prestation de conciergerie de notre Maison de prestige située à Reims.

Ce poste est idéal pour une personne souhaitant une activité flexible avec un volume d'heures variable selon l'activité, tout en évoluant dans un environnement haut de gamme.

Votre rôle sera d'offrir une expérience client irréprochable, à l'image du standing de notre demeure.

Missions principales

Accueillir les clients à leur arrivée et gérer les départs
Participer à la préparation des arrivées (mise en place, vérifications, attentions particulières).
Présenter la propriété, ses équipements et son fonctionnement
Réaliser les états des lieux d'entrée et de sortie
Préparer et mettre en place le petit-déjeuner selon les consignes fournies
Etre l'interlocuteur privilégié des clients pendant leur séjour
Répondre à leurs demandes et besoins avec réactivité et professionnalisme
Veiller à la bonne présentation de la maison entre les séjours
Sortir les poubelles et effectuer les vérifications de base nécessaires
Signaler tout besoin d'entretien ou de réapprovisionnement
Garantir une expérience client chaleureuse et professionnelle tout en veillant au confort et à la satisfaction des clients.
Profil recherché

Excellente présentation et sens du service, de l'accueil et de l'hospitalité
Autonomie, ponctualité et rigueur
Sens du détail et de la qualité de service
Discrétion et professionnalisme
A l'aise avec une clientèle exigeante et internationale
Anglais oral impératif afin de pouvoir accueillir et renseigner une clientèle internationale
Une expérience en hôtellerie, conciergerie, location saisonnière, tourisme haut de gamme ou accueil client est appréciée
Permis B et véhicule personnel appréciés
Conditions

Temps partiel 18H/S selon les besoins & les réservations
Volume d'heures variable selon les réservations, avec possibilité d'augmentation des heures en fonction de l'activité
Horaires flexibles incluant régulièrement les week-ends et jours fériés
Poste basé à Reims
Titres restaurants
Lieu du poste : En présentiel"
64,213MSXJ,Chargé de relation client (H/F),"Le Camping Le Vieux Port à Messanges recherche un Chargé de Relation Client H/F pour rejoindre ses équipes. Au cœur de l'expérience vacanciers, il veille à offrir un accueil chaleureux et un service personnalisé tout au long du séjour, tout en contribuant à la qualité et à la satisfaction client.

VOS MISSIONS

Expérience & satisfaction client
- Accueillir et accompagner les clients avec un service premium, proactif et personnalisé.
- Répondre aux demandes et gérer les réclamations avec empathie, efficacité et réactivité.
- Aller à la rencontre des vacanciers tout au long de leur séjour afin de recueillir leurs retours et anticiper leurs besoins.
- Veiller au respect des standards de qualité et réaliser des contrôles réguliers sur le terrain.
- Analyser les retours clients et proposer des actions d'amélioration.
- Assurer le suivi des clients saisonniers et contribuer à leur fidélisation.
- Collaborer avec les différents services du camping afin de garantir une expérience client optimale.
Sécurité & gestion de saison
- Participer activement à l'application des procédures de sécurité et à la gestion des situations d'urgence.
- Assurer le lien avec le prestataire de prévention/sécurité et participer aux points de suivi quotidiens.
- Faciliter l'intervention des services de secours et assurer une transmission rapide des informations à la direction.
- Participer au suivi logistique des séjours : livraisons, stocks, linge, bracelets et matériel.
Développement commercial & vente de mobil-homes
- Accueillir, conseiller et accompagner les prospects dans leur projet d'achat.
- Identifier leurs besoins et leur budget afin de construire des propositions adaptées.
- Participer aux événements commerciaux et aux actions de prospection.
- Assurer le suivi du projet de vente, de la commande à l'installation du mobil-home.
- Coordonner les différents intervenants et prestataires et être l'interlocuteur privilégié du client.
- Suivre les livraisons, les stocks et les éventuels aléas liés aux ventes et au SAV.
- Effectuer une veille sur les évolutions du marché de l'hôtellerie de plein air et de la résidence de loisirs.
PROFIL RECHERCHÉ
- Excellent relationnel, avec un véritable sens du service client et de la satisfaction vacanciers
- Organisé(e), rigoureux(se), réactif(ve) et capable de gérer plusieurs sujets en parallèle
- Adaptable et à l'aise dans un environnement saisonnier et rythmé
- Capable de gérer les situations sensibles, les réclamations et les périodes de forte activité avec calme et efficacité
- Doté(e) d'un bon esprit d'équipe et capable de travailler avec de nombreux interlocuteurs
- À l'aise avec les techniques de vente, la négociation et le suivi de projets
- Maîtrise des outils informatiques et capacité à assurer un suivi administratif et logistique
- Formation Bac +2/3 en hôtellerie, tourisme, commerce, communication ou relation client
- 2 ans minimum d'expérience en gestion de clientèle, idéalement dans un environnement B2C
- Maitrise de plusieurs langues : anglais et espagnol
- Permis B obligatoire. Poste non logé.

CONDITIONS DU POSTE

- CDI 35 heures
- 2 200 € brut mensuel + prime sur les ventes de mobil-homes
- Particularités : travail les week-ends et jours fériés, avec possibilité d'astreintes en soirée jusqu'à 23h, rémunérées.

Vous cherchez un poste polyvalent et opérationnel, combinant relation client, gestion de saison, sécurité et développement commercial ? Rejoignez-nous !"
65,213VMQS,Chargé.e de relation client (H/F),"Vous assurez le suivi d'un portefeuille de clients professionnels et veillez à leur apporter un service fiable, réactif et personnalisé. Vous accompagnez vos clients au quotidien et coordonnez leurs demandes avec les différents services de l'entreprise.

Vos missions : 
Au quotidien, vous serez notamment amené.e à :
- Gérer et suivre un portefeuille de clients B2B, en étant leur interlocuteur.trice privilégié.e pour leurs demandes courantes.
- Assurer le suivi des commandes de A à Z : enregistrement, disponibilités, délais, expéditions, facturation et traitement des éventuelles anomalies ou réclamations.
- Répondre aux demandes clients avec réactivité et précision, les informer de l'avancement de leurs dossiers et rechercher des solutions adaptées aux situations rencontrées.
- Coordonner les sujets clients avec les équipes internes (commerce, logistique, comptabilité, marketing ou qualité) afin d'assurer un traitement fluide des demandes.
- Contribuer à la fidélisation et au développement de la relation client, grâce à une bonne connaissance de votre portefeuille, de son activité et de ses besoins.
- Participer au suivi des règlements clients, en lien avec la comptabilité, et assurer les relances nécessaires.

Le profil que nous recherchons : 
- Une première expérience réussie en relation client B2B, ADV, administration des ventes ou service client ;
- Une bonne aisance relationnelle et une communication claire, à l'écrit comme à l'oral ;
- De la rigueur et de l'organisation pour assurer le suivi simultané de plusieurs clients et commandes ;
- De la réactivité et une bonne capacité à identifier les priorités ;
- Une bonne maîtrise des outils bureautiques et une aisance avec les outils informatiques.
- Une sensibilité commerciale permettant d'identifier les besoins et les opportunités auprès des clients.

Ce que nous proposons : 
- CDI temps plein, 39 heures hebdomadaires ;
- Horaires de journée du lundi au vendredi ;
- Rémunération à partir de 30 000 € bruts par an ;
- 13e mois sans condition d'ancienneté ;
- Tickets restaurant pris en charge à 50% ;

Vous appréciez la relation client, aimez trouver des solutions concrètes et assurer un suivi rigoureux de vos dossiers ? Envoyez-nous votre candidature pour rejoindre l'équipe."
66,214HQRP,Conseiller relation clients ( H/F) (H/F),"Le poste

Rattaché(e) à la Direction régionale du Développement (DRD) et placé(e) sous l'autorité du Responsable de la
plateforme relation clients, le Conseiller Relation Clients (HF) est un interlocuteur privilégié entre les publics
(stagiaires, candidats, apprentis, artisans, entreprises) et l'ensemble des services de la CMA BFC (CMA et CMA
Formation). 

Il assure une information de premier niveau sur les domaines suivants : 
-Développement économique
-Formalités, 
-Apprentissage
-Formation professionnelle

En véritable ambassadeur du parcours client, le conseiller contribue à la promotion des services de la CMA BFC
et garantit un niveau de service optimal.

Les missions

Accueillir, informer et conseiller les clients et prospects (particuliers, entreprises, porteurs de
projets), et promouvoir les offres de services, principalement par téléphone et par courriel ;
Identifier les besoins des entreprises et de leurs dirigeants ; 
Informer les usagers sur la création ou la reprise d'entreprise (réglementation, formalités liées à la
vie de l'entreprise) ;
Orienter les entreprises et candidats vers les équipes dédiées afin d'affiner leurs projets ; 
Mener des campagnes d'appels sortants pour soutenir et promouvoir les prestations de la CMA et
de CMA Formation ; 
Planifier des rendez-vous qualifiés pour les conseillers et les commerciaux, en lien avec les
différentes activités et les priorités commerciales en vigueur ; 
Réaliser des tâches de back-office : vérification, saisie, mise à jour et fiabilisation des données sur les
outils mutualisés (Salesforce, Pyramide).

Le poste est à pourvoir sur le site de Dijon à partir du 1 er novembre 2026.
Le poste implique des déplacements ponctuels sur la Région Bourgogne Franche Comté.

Le profil recherché

Bac + 2 ou Formation de niveau Ill, complétée par une expérience confirmée dans ces domaines d'activité
ou des domaines connexes. Vous justifiez d'un sens aigu du contact (multicanal) et du service client. 
Vous avez la capacité à comprendre les besoins et les priorités des clients tout en répondant à leurs
attentes. Vous savez hiérarchiser les urgences et prioriser vos tâches. 

Vous êtes dynamique et détenez des qualités de rigueur et d'organisation. Vous faites preuve de
polyvalence et avez une excellente capacité d'adaptation, d'apprentissage, de compréhension et de
mémorisation des informations multiples sur des sujets variés 

Vous détenez une bonne qualité d'écoute, d'analyse, de reformulation et aimez le travail en équipe. Une
connaissance de l'environnement des entreprises artisanales serait un plus

Les avantages
13ème mois- RTT - Horaires fixes 8h30-12h / 13h-17h - Mutuelle et prévoyance - Titres Repas"
67,7165182,Alternance- chargé de relation client senior F/H,"Avec votre tuteur, vous contribuerez directement au quotidien à renforcer la satisfaction de nos clients.
Votre mission consistera à accompagner le client tout au long de son parcours.
Pour cela, vous prenez en charge les demandes clients en Front Office sur différents canaux de communication (téléphoniques, mails, courriers, réseaux sociaux,), et/ou traitez les demandes et dossiers en Back Office (traitement différé) selon le planning établi.
En fonction de vos compétences et de l'organisation interne, vous pouvez intervenir sur les segments Particuliers, Professionnels, pour les activités de raccordement du réseau électricité et/ou hors raccordement (demandes diverses).
Vous contribuez également au fonctionnement du groupe au quotidien.
Les missions de cet emploi ne contiennent pas de vente de produits et de services mais portent essentiellement sur du conseil et de l'accompagnement aux clients."
68,7095684,CHARGE DE CLIENTELE (H/F),"Trouver un travail, c'est un travail et c'est le nôtre !Votre agence Start People recherche pour l'un de ses clients, acteur majeur des services de proximité, un Chargé de clientèle H/F pour renforcer son équipe à Saint-Étienne.Vous aimez le contact client, le conseil et les journées qui ne se ressemblent pas ? Ce poste peut vous correspondre !Vos missionsAu quotidien, vous serez amené(e) à :Accueillir et renseigner les clients ;Identifier leurs besoins et les accompagner dans leurs démarches ;Proposer les produits et services adaptés à leurs attentes ;Réaliser les opérations courantes liées à l'activité ;Assurer le suivi des demandes et apporter une réponse de qualité ;Participer à la bonne tenue de l'espace d'accueil."
69,7514746,Chargé / Chargée de relation client (H/F),"Description de l'entrepriseCAFÉ JOYEUXPremière famille de cafés-restaurants qui emploie et forme des personnes en situation de handicap mental et cognitif. Notre mission est l'inclusion en milieu ordinaire : permettre l'emploi, la formation et l'épanouissement professionnel de personnes en situation de handicap mental ou cognitif.Avec 31 cafés aujourd'hui, Café Joyeux déploie une stratégie de développement ambitieuse.En août 2021, le CFAJ - Centre de Formation d'Apprentis Joyeux - a été lancé, permettant aux Équipiers Joyeux d'obtenir un titre professionnel d'Agent de restauration.Nous commercialisons également une marque de café d'exception et du thé, vendus aux particuliers et aux entreprises, dont les bénéfices contribuent à l'emploi et la formation de personnes en situation de handicap dans les cafés-restaurants Joyeux Servi avec le cœur.Description du posteLES MISSIONSMembre de l'équipe d'encadrement, sous la responsabilité du Manager et de l'Assistant(e) Manager, vos missions principales sont les suivantes :Service en salleAccueillir les clients et assurer un service de qualité, incluant la prise de commande, l'encaissement, le service en salle ainsi que la vente de café et de produits dérivés (goodies).Superviser l'ensemble des postes en salle : mise en place, entretien des espaces, plonge et maintien de la propreté.Encadrer et accompagner les équipiers joyeux en situation de handicap mental ou cognitif dans leurs missions quotidiennes : transmission des bons gestes, soutien au bien-être au travail, participation à la formation et au développement des compétences.Veiller au respect des procédures internes et contribuer à la bonne gestion administrative.Assurer la réception, le stockage et le merchandising des diverses marchandises ; Contribuer à la bonne gestion administrative en appliquant et faisant appliquer les procédures préconisées ;Être garant de l'image de marque et des valeurs de Café Joyeux. Cuisine & HygièneParticiper à la production et à l'assemblage des produits de la carte dans le respect des fiches recettes et des standards de qualité de Café Joyeux.Superviser l'organisation et la gestion globale de la cuisine lors des jours de repos du Responsable Cuisine, tout en accompagnant les équipiers joyeux sur ce poste.Veiller à l'application et au respect strict des règles d'hygiène, de sécurité alimentaire et des normes HACCP.Assurer le bon stockage des denrées et le respect des procédures de traçabilité et de conservation.QualificationsVOTRE JOYEUX PROFIL Vous avez une formation adaptée ainsi qu'une expérience dans une fonction similaire en restauration de 2 ans minimum ;Vous avez le sens du service authentique ;Vous disposez d'un vrai talent en animation et savez insuffler votre dynamisme à l'équipe ;Vous êtes force de proposition, organisé(e) et autonome ;Vous attachez une attention toute particulière à la satisfaction client, au respect des normes HACCP et à la qualité des produits proposés ;Vous êtes sensible au monde du handicap et à l'inclusion ;Vous êtes bienveillant(e), avez le souci de l'autre et de l'empathie ;Vous véhiculez des valeurs de joie et de partage ;Vous souhaitez donner du sens à votre vie professionnelle et travailler dans un cadre joyeux ?Informations supplémentairesAVANTAGES Mutuelle et Prévoyance75% du titre de transport pris en charge ou forfait mobilité durableCSE Joyeux25% de remise sur les produits joyeux et sur la commande dans un Café JoyeuxEvénements JoyeuxServi avec le coeur"
70,6966412,CHARGE DE CLIENTELE H/F,"SUPPLAY VALENCIENNES RECRUTE DES CHARGÉS DE CLIENTÈLE H/F sur le secteur d'Aulnoye-AymeriesVous aimez le contact avec le public, le conseil et la satisfaction client ? Rejoignez une entreprise reconnue et devenez un acteur essentiel de l'accueil et de l'accompagnement des clients au quotidien !Vos missions principales seront les suivantes :Au sein d'un bureau de poste, vous assurez l'accueil, l'accompagnement et le conseil des clients dans le respect des procédures, de la qualité de service et des objectifs de satisfaction.- Accueil et accompagnement des clients :Accueillir, renseigner et orienter les clientsIdentifier leurs besoins et leur proposer des solutions adaptéesGarantir une expérience client de qualité- Gestion des opérations postalesRéaliser les opérations liées à l'envoi et à la réception de courriers et colisAssurer la remise des recommandés et des colisInformer les clients sur les différents services proposés- Opérations bancaires courantesEffectuer les opérations de gestion quotidienne (dépôts, retraits, virements, etc.)Accompagner les clients dans l'utilisation des services digitauxVeiller à la conformité des opérations réalisées- Conseil et développement commercialPromouvoir les offres et services Détecter les opportunités commercialesParticiper à l'atteinte des objectifs de l'agence- Gestion administrativeAssurer le traitement des dossiers et des demandes clientsRespecter les procédures internes et les règles de confidentialitéGarantir la fiabilité des informations traitées"
71,6882057,Conseiller de vente (H/F),"Description du poste :

Au sein de notre équipe, vous serez un véritable ambassadeur de notre enseigne et contribuerez activement à la satisfaction de nos clients ainsi qu'au développement de notre activité.

À ce titre, vous serez amené(e) à Accueillir, accompagner et conseiller les clients tout au long de leur parcours en magasin.
* Identifier les besoins des clients et leur proposer des produits adaptés.
* Réaliser les ventes et contribuer activement à l'atteinte des objectifs commerciaux.
* Participer au développement du chiffre d'affaires grâce à une démarche commerciale proactive.
* Fidéliser la clientèle en garantissant une expérience d'achat de qualité.
* Veiller à la bonne tenue du point de vente et à la mise en valeur des produits.

Description du profil :

Vous préparez un BTS MCO (Management Commercial Opérationnel) au sein de notre école partenaire, l'IFCV Votre sens de l'écoute et votre excellent relationnel.
* Votre énergie, votre réactivité et votre dynamisme.
* Votre goût du commerce, du contact client et du challenge.
* Votre esprit d'équipe et votre sens du service.
* Votre envie d'apprendre et de vous investir dans un environnement stimulant.

Vous aimez relever des défis, atteindre des objectifs et offrir une expérience client irréprochable ? Rejoignez-nous !"
72,7518038,Chargé relation clients (H/F),"Au sein d'un centre d'appels, votre mission sera le traitement des appels entrants :  la gestion des rendez-vous clients et des réclamations.Poste en 35h/semaineIl y aura 2 horaires en roulement d'une semaine sur l'autre :8hh00 - 13hh00 du lundi au vendredi dont ½ journée de repos par semaine10h 13h00 - 14hh00 du lundi au vendredi dont 1/2 journée de repos pas semaineet le samedi de 9h à 13h en télétravail  "
73,6944855,Conseiller de vente (H/F),"Description du poste :

Dans le cadre de son développement, notre magasin de prêt-à-porter chaussures situé dans le 91 recherche un(e) alternant(e) motivé(e) pour préparer un diplôme dans le commerce: Titre pro conseiller de vente.

Le candidat évoluera au cœur du magasin, axé sur la qualité de service, la relation client et la bonne gestion opérationnelle du point de vente.

L'apprenti(e) sera formé(e) à la fois aux missions commerciales, à l'accueil clientèle Vos missions :

Accueillir, conseiller et accompagner les clients
Participer à la mise en rayon et au merchandising
Contribuer à la mise en valeur des collections
Gérer les cabines d'essayage
Participer aux encaissements
Réceptionner les livraisons et aider à la gestion des stocks
Veiller à la bonne tenue du magasin

Description du profil :

Profil recherché :

Sens du service client et bonne présentation
Dynamique, souriant(e), motivé(e) pour apprendre
Intérêt pour la mode et les tendances
Aisance relationnelle et esprit d'équipe


Conditions :

Contrat d'apprentissage
Rémunération selon la grille légale en vigueur.
Encadrement direct par la Direction et accompagnement dans la montée en compétences.
Rythme : 4jours entreprise/ 1 jour école"
74,7665783,Technicien Service Après-Vente F/H,"Rejoignez un fabricant reconnu d'équipements dédiés à la gestion et à la valorisation des déchets.Dans le cadre de son développement, notre client, acteur spécialisé dans la conception et la fabrication de compacteurs et de bennes techniques, recherche un Technicien SAV Itinérant H/F afin de renforcer son équipe de terrain composée d'une quinzaine de techniciens répartis sur l'ensemble du territoire.Après une formation complète au siège et en atelier, vous assurez les interventions de maintenance et de dépannage directement chez les clients.À ce titre, vous êtes chargé de :- Réaliser les opérations de maintenance préventive et curative- Diagnostiquer les pannes mécaniques, hydrauliques - Effectuer les réparations et remises en service des équipements- Garantir la qualité des interventions et la satisfaction client- Renseigner les comptes-rendus d'intervention- Remonter les informations techniques à votre responsable et au support SAVVous êtes un véritable représentant de l'entreprise sur le terrain et entretenez une relation de confiance avec les clients.Parcours d'intégration :Afin de faciliter votre prise de poste, un accompagnement complet est prévu :- Découverte de l'entreprise et de son organisation- Formation à l'atelier d'Héricourt- Participation au montage de machines neuves pour comprendre leur fonctionnement- Accompagnement terrain en binôme avec un technicien expérimenté- Support technique téléphonique dédié pour vous accompagner au quotidienVous intervenez principalement sur les régions :-Île-de-France-Hauts-de-France-Grand EstPoste en itinérance avec en moyenne 2 à 3 nuits de découchage par semaine.Les moyens mis à votre disposition :- Véhicule atelier entièrement équipé- Départ directement depuis votre domicile- Outillage professionnel fourni- Téléphone et matériel informatique- Support technique dédié"
75,7348130,Chargé de réclamation clients (H/F),"Description du poste :

Vos responsabilités consisteront à Gérer et traiter les retours produits conformément aux politiques de l'entreprise Assurer le suivi des réclamations clients et veiller à leur résolution dans les délais impartis Collaborer avec les équipes internes pour identifier et résoudre les problèmes récurrents Maintenir une communication claire et professionnelle avec les clients Analyser les données des retours pour identifier des tendances et proposer des solutions d'amélioration Veiller à la mise à jour des bases de données et des rapports relatifs aux réclamations et retours Participer à l'amélioration continue des processus liés à la gestion des retours et réclamations.

La rémunération et les avantages sur ce poste sont Un salaire de 25.2KE annuel brut
* 2 jours de télétravail par semaine 16 RTT/ an Des opportunités de formation tout au long de votre carrière Un accord d'intéressement et de participation Accès à une salle de sport (machines et cours dispensés par des coachs), un restaurant d'entreprise, et des offres CSE.

Description du profil :

Le profil recherché Vous avez une formation dans le domaine de la relation client ou équivalent Vous possédez une expérience préalable en gestion de réclamations ou dans le secteur des produits de grande consommation (FMCG Vous maîtrisez les outils informatiques et les logiciels de gestion de données Vous êtes doté(e) d'une excellente capacité d'analyse et de résolution de problèmes Vous avez une communication claire et efficace, tant à l'écrit qu'à l'oral Vous êtes organisé(e) et capable de gérer plusieurs tâches simultanément."
76,212TSZH,Chargé(e) d'Expérience Client & Image de Marque (H/F),"- Préparation et contrôle qualité des véhicules avant livraison ou remise au client.
- Vérification de la propreté, de la présentation et des détails esthétiques.
- Mise en place d'un standard de qualité pour tous les véhicules.
- Création de contenus pour les réseaux sociaux et supports commerciaux.
- Participation à la construction de l'image premium de l'entreprise.
- Recueil des avis et retours clients.
- Identification des points d'amélioration dans le parcours client.
- Coordination avec les équipes commerciales, préparation et marketing.
- Suivi d'indicateurs comme la satisfaction client, les avis Google, les réclamations et la qualité de présentation des véhicules."
77,214JQKT,Responsable de Service relations clients (H/F),"Notre client, acteur indépendant de référence dans l'expertise et la gestion des sinistres pour le compte des  assureurs, courtiers et entreprises, renforce son encadrement régional et recrute un(e) : 

Responsable de Service relations clients Gestion Sinistres (CDI) H/F - Metz 

Rattaché(e) à la Direction des Opérations, vous prenez en charge le management d'une équipe de 13 assistantes  ainsi que le pilotage opérationnel de l'activité de gestion des dossiers d'expertise pour la région. 

»  Missions principales 

1. Encadrement, supervision et management d'équipe 

- Assurer la fluidité et l'efficacité du service : répartition de la charge de travail, gestion des priorités, optimisation de l'organisation, identification des besoins de renfort. 

- Analyser l'état et le flux des dossiers et engager les actions nécessaires auprès de l'équipe. 

- Former et accompagner la montée en compétence de l'équipe (formation, conseil, support). 

- Rechercher et proposer des solutions pour améliorer la performance de l'équipe. 

- Conduire les entretiens (recrutement, entretiens annuels) et définir un plan de progression pour chacun. 

- Valider les congés et absences de l'équipe, organiser les réunions de service. 

2. Activité opérationnelle 

- Gérer les priorités et répartir les tâches au sein de l'équipe. 

- Connaître, diffuser et faire appliquer les procédures internes et chartes compagnie. 

- Assurer la gestion administrative courante des dossiers : ouverture et qualification de la mission d'expertise, vérification et analyse initiale des pièces, choix de la procédure adaptée (amiable, contradictoire ou judiciaire), désignation du profil d'expert compétent. 

- Recueillir les informations nécessaires à l'affectation des missions, en garantissant la qualité de la prestation. 

- Planifier, avec l'équipe, les rendez-vous sur l'ensemble de la région selon les disponibilités des assurés et des experts, en tenant compte des temps de déplacement. 

- Gérer les convocations, les relances et les appels téléphoniques, dans le respect des délais.

»  Profil recherché 

Expérience / formation 

- Expérience confirmée de management d'une équipe d'une dizaine à une quinzaine de personnes, idéalement  dans une activité à flux tendu incluant des appels entrants et sortants. 

- Une expérience dans le domaine de l'expertise serait fortement appréciée. 

Compétences requise 

Techniques 
- Pilotage de l'activité avec objectifs journaliers. 

- Management orienté résultats : responsabilisation, performance, process, qualité. 

- Capacité à arbitrer et à tenir les délais. 

Comportementales 

- Pédagogie, assertivité. 

-Analyse, rigueur et précision. 

-Excellente communication et animation d'équipe. 

Poste CDI / Statut Cadre au forfait (218 jours, en moyenne 8 à 11 jours de repos par an) 

Rémunération : fixe selon profil et expérience + participation et intéressement (représentant plus d'un mois de salaire) + complémentaire santé prise en charge à 80 % + titres restaurant pris en charge à 60 % 

Poste à pourvoir dès que possible à Metz"
78,213CRYT,Chargé / Chargée de relation client,"Dans le cadre de son développement, ABC IMMODIAG recrute un(e) chargé(e) de relation clients CDI 35 heures. Nous recherchons une personne motivée, dynamique et ayant un fort tempérament commercial.

Vos missions :
Accueil téléphonique et gestion des demandes clients
Suivi commercial et relance des prospects
Prise de rendez-vous et organisation des plannings
Élaboration de devis et suivi administratif
Participation au développement du chiffre d'affaires
Mise à jour des bases de données clients
Profil recherché :
Débutant(e) accepté(e)
Excellent relationnel et sens du service client
Fibre commerciale développée et goût du challenge
Dynamique, organisé(e) et rigoureux(se)
À l'aise au téléphone et avec les outils informatiques
Conditions :
CDI - 35 heures par semaine
Poste à pourvoir rapidement
Rémunération : selon profil + primes possibles

 Poste basé en entreprise rue de la Bastille NANTES

Pour postuler :
Merci d'envoyer votre CV 

Rejoignez ABC IMMODIAG et participez activement à son développement !"
79,213WMRN,Gestionnaire Clients (H/F),"A PROPOS DU POSTE

Rattaché(e) au service Logistique , vous aurez pour mission principale de gérer un portefeuille clients et de suivre l'évolution de leurs commandes.

Plus précisément, vos missions seront :

- Analyser les programmes clients, leurs évolutions, à alerter sur les risques identifiés en terme de charge et d'approvisionnement,
- Analyser et accuser réception des commandes, suivre l'avancement et négocier des délais,
- Piloter son portefeuille clients (suivi du prévisionnel, des nouveaux projets, mise à jour du carnet),
- Echanger avec les services internes (priorisation de la production, communication avec les expéditions)

De ce fait, vous serez en relation constante avec vos clients (français et étrangers) et les services de l'entreprise, et vous participerez à l'animation des rituels quotidiens.

A PROPOS DE VOUS

Vous disposez d'un diplôme en Logistique et / ou avez une expérience significative sur un poste similaire ? Vous êtes une personne motivée et avez à coeur d'apprendre ? L'industrie est un domaine qui vous intéresse tout particulièrement ?

Vous avez des connaissances sur les différents types de flux logistiques, internes comme externes ?

Vous maîtrisez le fonctionnement d'un ERP ?

Vous disposez d'une aisance en communication orale et écrite et d'une capacité à travailler en autonomie ?

Vous maîtrisez l'anglais, aussi bien à l'oral qu'à l'écrit ?

On dit de vous que vous êtes rigoureux(se), curieux(se) et organisé(e) ?

Alors n'attendez plus, rejoignez-nous !

Avec plus de 30 ans d'expertise dans la métallurgie, nous proposons une gamme de solutions industriels dans la transformation et l'assemblage du métal. Nous mettons notre savoir-faire au service d'une clientèle diversifiée, en proposant des solutions sur-mesure de haute qualité. La complémentarité de nos filiales, nous permet d'être présent dans plusieurs secteurs d'activités tels que les équipements industriels, l'automobile ou encore le ferroviaire.

En rejoignant le site d'AIMM basé en Mayenne, vous intégrez une entreprise à taille humaine de 220 salariés où l'innovation et la proximité avec nos clients sont au coeur de nos valeurs. En tant que collaborateur, vous aurez l'opportunité de participer activement au développement de nouveaux projets de tôlerie industrielle et de découpage emboutissage, d'améliorer nos procédés, et de contribuer à la croissance continue de la filiale et du Groupe."
80,5202824,CHARGÉ(E) DE PILOTAGE PRESTATAIRES RELATION CLIENTS - H/F,"Notre équipe Service clients recherche actuellement un(e) Chargé(e) de pilotage prestataires H/F.
Votre mission :
Vous êtes chargé(e) d'orienter, d'informer et de piloter les plateaux relation client sur l'ensemble des problématiques et sujets liés aux demandes clients.
Dans ce cadre, vos principales missions sont les suivantes :
Assurer le suivi de l'activité des prestataires : animation des comités de production, veille au respect des objectifs quantitatifs et qualitatifs, garant du respect des procédures de traitement client...
Assurer le reporting et l'analyse associée
Contribuer à l'évolution des process et veiller à la satisfaction client
Bon à savoir :
CDI statut cadre
Poste basé à Ivry-sur-Seine (proche Bibliothèque François Mitterrand, parking gratuit)
Possibilité de bénéficier jusqu'à 10 jours de télétravail/mois
Autres avantages : restaurant d'entreprise, salle de sport, Drive E.leclerc, conciergerie."
81,6944056,Conseiller de vente (H/F),"Description du poste :

Dans le cadre de son développement, le salon de thé situé dans le 92, recherche un(e) apprenti(e)  conseiller(ère) de vente.


Le candidat évoluera au cœur d'un établissement de restauration rapide premium, axé sur la qualité de service, la relation client et la bonne gestion opérationnelle du point de vente.***L'apprenti(e) sera formé(e) à la fois aux missions commerciales, à l'accueil clientèle.

Les missions proposées sont Relation client et vente***Accueil, conseil et accompagnement des clients.***Prise de commandes (sur place et à emporter Présentation des produits (thés, pâtisseries, collations Encaissement et gestion de la caisse.***Mise en avant des offres commerciales et fidélisation de la clientèle.

Gestion opérationnelle du salon***Mise en place de la salle et du comptoir.***Réassort des vitrines, produits et consommables.***Maintien de la propreté et respect des normes d'hygiène (HACCP Suivi des stocks de base et signalement des besoins d'approvisionnement.

Soutien au management***Participation à l'organisation des plannings de l'équipe.***Aide à l'intégration des nouveaux collaborateurs.***Transmission des consignes quotidiennes.***Suivi de certains indicateurs (ventes, satisfaction client, propreté Participation à l'ouverture et à la fermeture du point de vente selon les procédures.

Description du profil :

Profil recherché Dynamisme, sens du service et présentation soignée Intérêt pour la restauration rapide, la relation client et le management Capacité à travailler en équipe dans un environnement rapide Rigueur, autonomie et sens des responsabilités.***Conditions Contrat d'apprentissage***Rémunération selon la grille légale en vigueur.***Encadrement direct par la Direction et accompagnement dans la montée en compétences."
82,4590618,Chargé de clientèle automobile en CDI H/F,"Temporis Experts & Cadres Vannes recrute pour l’un de ses clients, une entreprise spécialisée dans l’entretien et la maintenance de véhicules un Chargé de clientèle H/F en .
Vous occupez un rôle central au sein de l’organisation, en lien direct avec les clients, l’atelier et les techniciens terrain.

Vos missions:
Relation client:
- Accueillir les clients (particuliers et professionnels) au comptoir et par téléphone
- Gérer un volume important d’appels entrants (jusqu’à 50 par jour)
- Conseiller les clients sur les prestations et établir les devis
- Expliquer les interventions réalisées et les factures

Organisation de l’activité:
- Planifier les interventions en atelier
- Organiser les dépannages et les interventions extérieures
- Optimiser le planning des techniciens afin de limiter les temps d’inactivité
- Assurer la coordination entre l’atelier, les mécaniciens et les clients

Gestion administrative et commerciale:
- Commander les pièces nécessaires aux réparations
- Réaliser la facturation des prestations
- Assurer le suivi des dossiers clients et gérer les éventuels litiges
- Contrôler les fiches d’intervention et le temps de travail des techniciens


Profil recherché:
Nous recherchons avant tout une personne , organisée et orientée service client.
Vous appréciez les environnements où l’activité est soutenue
Vous savez gérer plusieurs sujets en parallèle avec rigueur
Vous avez un sens développé du service et de la relation commerciale
Vous êtes à l’aise avec les outils informatiques
Vous aimez le travail en équipe et les échanges directs

Une expérience dans le secteur automobile est demandée. Votre capacité d’apprentissage et votre implication feront la différence.
Port de charges ponctuel à prévoir dans le cadre du poste.

Conditions:
Poste basé à Vannes
Rémunération : 2 100 € brut mensuel
Contrat :  – Temps plein (35h)
1 samedi matin sur 4 travaillé, avec 1 jour de repos dans la semaine lorsque le samedi est travaillé

Vous êtes disponible immédiatement ! 
Postulez en ligne. On a hâte de recevoir votre candidature !"
83,213WPJD,Chargé de clientèle H/F,"Temporis Experts & Cadres recrute vos talents de demain !

Dans le cadre de son développement, notre client, une entreprise de transport recherche un-e Chargé-e de Clientèle pour renforcer son équipe et contribuer à la satisfaction clients.

Vos missions : 
Gestion et suivi des commandes : 
- Vérifier la faisabilité des demandes clients. 
- Saisir et suivre les commandes. 
- Coordonner les échanges avec les équipes d'exploitation. 
- Organiser les rendez-vous d'enlèvement et de livraison. 
- Assurer le suivi des dossiers stratégiques.

Gestion des anomalies et de la relation client :
- Informer et accompagner les clients en cas d'incident.
- Traiter les réclamations et demandes spécifiques.
- Mettre en œuvre des actions correctives si nécessaire.
- Assurer le suivi des expéditions et la gestion des anomalies.

Gestion administrative
- Effectuer le pointage des retours conducteurs.
- Numériser les documents de livraison.
- Répondre aux demandes de d'émargés
- Participer à l'amélioration continue de la qualité de service.

Pour parler de vous :
Vous êtes titulaire d'une formation administrative ou commerciale et justifiez idéalement d'une première expérience dans le domaine du transport ou de la relation client.
Doté(e) d'un excellent relationnel, vous aimez le contact avec les clients et êtes à l'aise dans les échanges téléphoniques comme dans les communications écrites.
Reconnu(e) pour votre sens de l'organisation, vous faites preuve de rigueur et de réactivité dans la gestion de vos missions quotidiennes.
Vous savez gérer les imprévus, hiérarchiser les priorités et apporter des solutions adaptées dans un environnement  .
Enfin, votre esprit d'équipe, votre sens du service et votre implication vous permettent de contribuer pleinement à la satisfaction des clients et au bon fonctionnement de l'activité.

Le poste : 
Lieu : Secteur Pontivy/Loudéac 
Prise de poste immédiate, 35h par semaine
Mission d'intérim de 6 mois puis possibilité de prolongation
Rémunération : entre 2 000 € et 2 200 € brut mensuel selon profil et expérience.

Vous êtes disponible immédiatement. Rejoignez-les ! 
Postulez via le lien ou appelez Hélène à l'agence au  . J'ai hâte de recevoir votre candidature !"
84,6688737,Conseiller clientèle H/F,"Lynx RH Nancy, cabinet de recrutement spécialisé dans le recrutement de profils qualifiés de Bac à Bac+5, accompagne l'un de ses clients dans le cadre d'un accroissement temporaire d'activité. Nous recherchons un Conseiller Clientèle Dépannage H/F pour une mission d'intérim de 6 mois, renouvelable jusqu'à 18 mois.


Vos missions

Au sein du service Études et Travaux, vous êtes le premier point de contact des clients confrontés à un incident sur le réseau électrique. En lien étroit avec les équipes techniques, vous assurez le traitement des demandes, la coordination des interventions et le suivi des dossiers afin de garantir une prise en charge rapide et une qualité de service irréprochable.
- Réceptionner les appels des clients signalant une panne ou un dysfonctionnement.
- Analyser la situation et qualifier le niveau d'urgence selon les procédures établies.
- Informer les clients sur les démarches à suivre et les délais d'intervention.
- Déclencher les interventions auprès des équipes techniques compétentes.
- Assurer le suivi administratif des dossiers et renseigner les outils informatiques.
- Contribuer à la satisfaction des clients en apportant des réponses claires, fiables et adaptées. 


Pré-requis

Dès votre arrivée, vous bénéficierez d'une formation complète et d'un accompagnement personnalisé afin de monter rapidement en compétences sur les outils, les procédures et les spécificités du métier.
Vous évoluerez dans un environnement dynamique où la réactivité, l'entraide et la qualité de service sont au cœur des priorités.
Mission d'intérim de 6 mois, renouvelable jusqu'à 18 mois avec un poste organisé selon des horaires de journée en roulement
Vous aimez être utile, trouver des solutions et accompagner les clients dans des moments où votre réactivité fait toute la différence ? Rejoignez une équipe engagée dans la continuité d'un service essentiel avec Lynx RH Nancy.


Profil recherché

Vous êtes titulaire d'un Bac professionnel, technologique ou d'un Bac+2 dans les domaines de la gestion, de la relation client ou de l'assistanat.
Vous possédez un excellent sens du service, une communication fluide et une réelle capacité d'écoute. À l'aise au téléphone, vous savez garder votre sang-froid face aux situations d'urgence et prendre les bonnes décisions dans le respect des procédures.
Rigoureux(se), organisé(e) et doté(e) d'un bon esprit d'équipe, vous maîtrisez les outils informatiques. Une première expérience en centre de relation client, assistance téléphonique ou service clients est appréciée, mais les profils débutants motivés et désireux d'apprendre seront également étudiés.


Informations complémentaires
Type de contrat : Intérim
Temps de travail : Temps plein
Salaire : 14.55 € - 17.06 € par heure"
85,213LQWB,UN TECHNICIEN APRES VENTE (H/F),"ALTER EGO TERTIAIRE, agence d'emploi temporaire et de placement en CDD/CDI, recherche pour l'un de ses clients situé à Sainte-Clotilde, un(e) Technicien(ne) Après-Vente Automobile (H/F) en CDI.

Vos missions

Diagnostic et recherche de pannes :

Réaliser les diagnostics mécaniques, électriques et électroniques à l'aide des outils adaptés, identifier l'origine des dysfonctionnements et déterminer les interventions nécessaires.
Effectuer les contrôles, mesures et essais afin d'établir un diagnostic précis, y compris sur des problématiques techniques complexes.
Consulter les documentations et procédures constructeur pour identifier les solutions adaptées.

Maintenance et réparations :

Réaliser les opérations d'entretien, de maintenance préventive et les réparations mécaniques, électriques et électroniques sur les différents organes du véhicule.
Intervenir sur les systèmes embarqués et effectuer les mises à jour, reprogrammations ou paramétrages nécessaires.
Remplacer les pièces défectueuses et assurer la remise en état des véhicules conformément aux préconisations constructeur.

Contrôle et suivi :

Contrôler le bon fonctionnement des véhicules après intervention et réaliser les essais nécessaires avant restitution.
Renseigner les ordres de réparation et comptes rendus techniques afin d'assurer la traçabilité des interventions.
Participer au suivi des dossiers de garantie et échanger avec les équipes techniques et les interlocuteurs constructeurs.

Relation client et service après-vente :

Apporter un appui technique aux conseillers et réceptionnaires après-vente pour identifier les travaux à réaliser et formuler les préconisations.
Expliquer aux clients les interventions effectuées et les éventuels travaux complémentaires à prévoir.
Contribuer à la satisfaction et à la fidélisation des clients par la qualité des interventions.

Qualité et sécurité :

Respecter les procédures constructeur, les règles de sécurité, les normes environnementales et les standards de qualité.
Assurer une veille sur les évolutions technologiques, notamment les véhicules électriques, hybrides et les systèmes électroniques embarqués.
Veiller au bon entretien du matériel et du poste de travail et contribuer à la bonne organisation de l'atelier.

Profil recherché :

-Titulaire d'un BTS Maintenance des Véhicules ou d'une formation équivalente dans le domaine de la maintenance automobile.
-Vous justifiez de 3 à 5 ans d'expérience sur un poste similaire, idéalement au sein d'un service après-vente ou d'un atelier automobile.
-Vous disposez de solides connaissances en mécanique, électricité et électronique automobile et maîtrisez les méthodes de diagnostic et de recherche de pannes.
-Vous êtes à l'aise avec les outils de diagnostic et les équipements techniques utilisés en atelier.
-La maîtrise de l'anglais professionnel est requise afin de pouvoir comprendre les documentations techniques et échanger avec des interlocuteurs anglophones.
-Vous êtes titulaire du permis B et êtes à l'aise avec la conduite des véhicules dans le cadre des essais et contrôles.
-Rigoureux(se), méthodique et organisé(e), vous êtes capable d'analyser une problématique technique et de trouver des solutions adaptées.
-Autonome dans vos missions, vous appréciez également le travail en équipe et savez communiquer efficacement avec les différents intervenants du service après-vente.
-Vous êtes reconnu(e) pour votre sens du service, votre réactivité et votre capacité à respecter les procédures et les délais.
-Curieux(se) et intéressé(e) par les évolutions du secteur automobile, vous êtes capable de vous adapter aux nouvelles technologies et aux systèmes embarqués."
86,3953523,Chargé / Chargée de relation client (H/F),"Dans le cadre d'un remplacement nous recherchons un Chargé de clientèle (H/F) sur l'agence de Gaillac (81).Et si vous aviez le Profil + ?Rattaché au chef d'agence et en totale collaboration avec lui, vous êtes le Principal Acteur du développement des ventes de produits et services (Pneu et Entretien Automobile) et vous contribuez efficacement à la rentabilité de l'agence.Si vous aimez accueillir vos clients, les écouter, les conseiller pour proposer un produit adapté à leurs besoins.Si vous êtes animé par la vente et que le commerce signifie aussi, rendre service, satisfaire, et fidéliser,Alors ... Vous êtes notre Profil + !Votre mission, si vous l'acceptez :Accueillir le client professionnel et particulier au téléphone ou au comptoir en agence,Prendre en compte son besoin,Proposer les produits et services adaptés,Etre convaincant dans l'argumentation,Concrétiser la vente,Satisfaire le client pour le fidéliser."
87,6782139,Chargé / Chargée de relation client (H/F)," Présentation Labocéa :
Premier laboratoire public territorial d'analyses de France, Labocéa est un acteur breton qui protège la santé des populations en veillant sur la santé environnementale et animale.
En chiffres : 600 collaboratrices et collaborateurs de haut niveau répartis sur les sites de Brest, Quimper, Ploufragan, Combourg et Fougères, et 20 000 clients qui lui font confiance chaque année - grands comptes publics et privés, organismes professionnels, petites entreprises et particuliersNos cœurs de métier : Des équipes pluridisciplinaires associant différents postes parmi lesquels des vétérinaires, ingénieurs, pharmaciens, techniciens et personnels administratifsNos expertises : Prélèvements, analyses de laboratoire portant sur l'eau, l'environnement, l'hygiène et la santé animale, ainsi que des prestations de conseil ou d'audit pour garantir des services de qualitéPourquoi rejoindre Labocéa : Allier utilité sociale, innovation scientifique et qualité de vie en Bretagne, au cœur de missions porteuses de sens pour l'avenir

Contexte :
Dans le cadre d'un renforcement du Service Clients, pour accompagner le développement de ses prestations auprès des clients de Labocéa, un poste de Chargé de clientèle (F/H), en CDI, est à pourvoir au sein du Service Clients, il peut être basé sur tous les sites.


Ce poste est à pourvoir à partir du 01/10/2026.


Il est ouvert en interne et externe.




Service et rattachement hiérarchique :
Vous serez placé sous la responsabilité de la Responsable du service, vous travaillez en étroite collaboration avec la Relation Commerciale et le services support du laboratoire et vous avez des relations régulières avec les clients et partenaires.




Description des principales missions :
1. Gestion des demandes clients
Prendre en charge les demandes entrantes (mail, téléphone, My Data.)Enregistrer les sollicitations dans l'outil GRC et assurer un suivi rigoureuxApporter des réponses adaptées en lien avec les services internes concernésInformer les interlocuteurs commerciaux en cas d'évolution de prestations ou de réclamationsCapitaliser toutes les interactions clients dans les outils dédiésTransmettre à la Relation Commerciale les demandes relevant de son périmètre2. Coordination des nouvelles prestations
Co-organiser le démarrage de prestations complexes avec la Relation CommercialeCoordonner les actions avec les services concernés (DSIN, Logistique, Enregistrements, etc.)Accompagner les équipes prélèvements et enregistrements pour la création des conventions et la gestion des échantillonsParticiper aux revues de contrats clients, si nécessaire3. Suivi du respect des exigences clients
Suivre les délais de réalisation des prestationsS'assurer de la validation des rapportsSuivre le traitement des fiches d'anomalies (FAC)4. Missions additionnelles
Gestion des bons de commandeGestion des fiches fournisseurs et des plans de préventionPréparation des RFA (remises de fin d'année)





Conditions d'emploi :
32 jours de congés payés et 20 jours de récupération selon les heures faites au delà de 35 heures (pour une année complète)Télétravail possible (maximum 2 jours par semaine)
Bac +2 dans une filière technique ou commerciale, ou expérience significativeConnaissance du domaine laboratoire, environnement ou agroalimentaireTrès bon relationnel, capacité d'écoute, aisance téléphoniqueMaîtrise des outils bureautiques (Word, Excel, Outlook)Autonomie dans la gestion des demandes clientsCapacité à travailler en équipeOrganisation, rigueur et sens des prioritésPolyvalence, dynamisme, diplomatie et discrétion 
            "
88,213MXKB,TELECONSEILLER REDACTEUR BACK APRES-VENTE RCAD TGV CARE (H/F),"Téléconseiller Rédacteur Back Après-Vente à la Relation Client à Distance, vous serez le/la garant(e) de la qualité de service fournie à nos clients.
Vous contribuerez en tant qu'agent polyvalent Back (réponses écrites) à la satisfaction du client. 
 
Dans le cadre du BACK Après-Vente, vous serez le garant de la qualité de l'information fournie aux clients, et gèrerez l'après voyage. Vous contribuerez à la satisfaction du client et à sa fidélisation.

Vos activités :
   - Traiter les demandes et les réclamations des clients faites par mail, téléphone ou courrier de façon positive et attentive 
    - Appliquer les procédures d'après-vente liées aux titres de transports et/ou aux produits tarifaires (cartes et abonnements) 
   - Savoir gérer l'insatisfaction client

Connaissances géographique et maitrise de l'écrit indispensable."
89,213JSNT,Chargé de relation clients (h/f) (H/F),"Le Groupe Vous faciliter l'IT (VFLIT) est un interlocuteur unique pour le traitement de toutes les solutions autour des systèmes d'informations de chez nos clients. Nous sommes spécialistes des métiers de l'infrastructure informatique cloud, des MSP, de la cybersécurité, des solutions télécoms et réseau, des logiciels de gestion et de la sûreté pour nos clients B to B.

Les missions du poste
Et si vous quittiez les grosses plateformes de téléprospection pour rejoindre une équipe à taille humaine, avec de vraies responsabilités et un lien direct avec les commerciaux ?
Rattaché(e) à Karine, notre Responsable CRM, vous rejoignez notre équipe de 5 Chargés de CRM sur notre site de La Roche sur Yon.
Dès votre arrivée, vous bénéficiez d'une formation complète et d'un accompagnement personnalisé sur nos différents métiers : télécom, sûreté, infogérance et gestion.
Ici, pas de scripts à réciter ni de listes de prospects à appeler à la chaîne. Vous êtes un véritable relais entre nos prospects, nos clients et nos équipes commerciales, avec des missions variées et une réelle autonomie.

Vos missions

Vous êtes responsable de votre portefeuille et intervenez sur plusieurs volets :
- Téléprospection BtoB et prise de rendez-vous pour nos commerciaux ;
- Gestion et fiabilisation de la base CRM, afin de garantir la qualité des données ;
- Création et suivi des dossiers clients, en lien avec les équipes commerciales ;
- Participation à l'amélioration continue de nos méthodes et outils de prospection.

Le profil recherché
Vous justifiez d'au moins 1 an d'expérience réussie en tant que Chargé(e) de CRM, téléprospecteur(trice) ou commercial(e) BtoB.


La connaissance des secteurs des télécoms, de la sûreté, de l'infogérance ou de la gestion est un plus, mais pas indispensable : nous vous formons à nos solutions.

Vous êtes reconnu(e) pour :

Votre aisance relationnelle et votre capacité à convaincre ;
Votre adaptabilité ;
Votre sens de l'organisation et votre rigueur ;
Votre goût du challenge et de la relation commerciale.
Et surtout, vous êtes une personne positive, dynamique et enthousiaste : votre bonne humeur et votre sourire sont communicatifs !

Le Package :

Salaire : 22,5-26k € bruts annuels (fixe + variable déplafonné) ;
Un jour de télétravail hebdomadaire ;
Mutuelle 100% prise en charge ;
Titres Restaurants ;
Participation ;
PEE et PERECOL ;
Compte Epargne Temps ;
1 RTT par mois.

Envie de rejoindre une équipe où la téléprospection ne se résume pas à enchaîner les appels ? Rejoignez-nous !"
90,7096495,CHARGE DE RELATION CLIENTS (H/F),"Supplay Lille Tertiaire Commerce et Cadres recrute pour l'un de ses clients, spécialisé dans le domaine de l'énergie et basé à Lille, un Chargé de Relation Clients (H/F) pour une mission d'intérim pour un démarrage dès que possible pour une durée de 6 mois renouvelable.Garant de la qualité du traitement des demandes des clients, de la traçabilité et de la qualité des données dans le système d'information clientèle, vos missions seront les suivantes : - Gérer les différents contacts avec les clients, comprendre leurs besoins, les prendre en compte et traiter leurs demandes sur l'ensemble du cycle de vie et du parcours client : renseignement, souscription/résiliation, prise de rendez-vous, ...- Promotion de l'agence en ligne (Internet client, e.facturebr />- Vérifier et enrichir la base de données client- Gérer et orienter les clients en difficultés financières en conformité avec les spécificités locales- Signaler les incidents ou anomalies détectés- Appliquer et faire appliquer les consignes, procédures et modes opératoires de l'entreprise- Vous êtes polyvalent et pourrez être amené à intervenir sur les différents canaux de contact (courriers/emails, téléphone, visio avec caméra, live chat et accueil du public)Horaires :8h30/18h30 amplitude du lundi au vendredi, temps plein 35h/semaine.Rémunération :- EUR brut/ heure- Tickets restaurants- 13ème moisConditions de travail :- Le site de travail est desservi par les transports en commun. (métro MONTEBELLO)"
91,213WJGT,CHARGE DE CLIENTELE - Allemand (H/F),"
                LIP Tertiaire Bordeaux recrute pour l'un de ses clients, basé à Bordeaux, spécialiste de la relation client externalisée, un chargé de clientèle bilingue (Français / Allemand ou Néerlandais) dans le secteur du e-commerce.

Vos missions :
- Traitement des demande clients via les différents canaux de communication (Appels entrants, mails, tchat).
- Traitements des demandes clients du market place .
- Réponse aux avis clients sur les réseaux sociaux.

Du lundi au samedi de 9h à 19h.
                - Vous maîtrisez l'Allemand ou Néerlandais niveau B2 minimum
- Vous maîtrisez le français niveau C1
- Vous avez une aisance relationnelle
- Vous êtes reconnu pour votre dynamisme, votre sympathie et êtes souriant
- Bon niveau d'orthographe et grammaire
- Vous êtes à l'aise avec l'outil informatique
            "
92,214PRPL,ASSISTANT SERVICE H/F (H/F),"Gestion administrative de l'activité SAV


Assurer l'interface administrative entre les clients, l'agence et les équipes régionales.
Gérer les demandes internes et externes reçues via la boîte mail générique du service.
Participer à l'établissement des devis et offres commerciales ainsi qu'à leur suivi.
Créer, modifier et suivre les contrats SAV ainsi que les plans d'entretien associés.
Mettre à jour la base chariots dans SAP et les dossiers clients.


Suivi administratif et facturation


Traiter les différentes listes d'erreurs SAP.
Assurer la gestion des opérations administratives liées à la facturation et aux transactions associées.
Établir les avoirs et notes de débit.
Maîtriser et appliquer les procédures administratives en vigueur, y compris les accords de modulation.


Support aux opérations Service


Participer à la gestion des pièces de rechange destinées aux techniciens internes et externes.
Assurer le suivi administratif nécessaire au bon déroulement des interventions.
Collaborer avec les différents services afin de garantir la qualité et la conformité des dossiers.


Suivi des litiges et relation client


Participer au traitement des litiges et réclamations SAV.
Assurer le suivi des dossiers jusqu'à leur résolution.
Contribuer à la satisfaction client en garantissant réactivité et qualité de service.


Avantages :
REMUNERATION FIXE + TITRES RESTAURANT + RTT + INTERESSEMENT/PARTICIPATION

Profil : 
Vous êtes titulaire d'une formation Bac+2 à Bac+3 en Gestion, Assistanat, Administration ou Commerce.
Vous justifiez d'une expérience de 2 à 5 ans minimum dans une fonction administrative, idéalement acquise dans un environnement SAV, technique ou de service.
Vous maîtrisez les outils bureautiques et êtes à l'aise avec les ERP, idéalement SAP.
Vous êtes reconnu(e) pour votre rigueur, votre sens de l'organisation et votre capacité à gérer plusieurs dossiers simultanément.
Vous possédez un excellent relationnel et un fort sens du service client.
Votre réactivité et votre capacité à travailler en équipe vous permettent d'évoluer efficacement dans un environnement dynamique."
93,212QSJV,Coordinateur SAV ( F/H) (H/F),"Qui sommes-nous ?

Notre entreprise, basée en Corse, est spécialisée dans la vente, la location et la maintenance de matériel de manutention.
Nous proposons une large gamme de chariots élévateurs, transpalettes, gerbeurs et autres équipements destinés au levage et au déplacement de charges, ainsi que des solutions d'aménagement telles que les rayonnages et les équipements de quais.
Dans le cadre de notre développement, nous recherchons un(e) Coordinateur(trice) SAV pour renforcer notre équipe et assurer la gestion et le suivi complet de nos dossiers de service après-vente.

Votre rôle :

Vous serez le véritable coordinateur des dossiers SAV de A à Z.
En lien direct avec nos techniciens, nos clients et nos fournisseurs, vous assurez le suivi des interventions, depuis l'analyse du diagnostic technique jusqu'à la clôture du dossier et sa préparation pour la facturation.
Votre rôle est essentiel pour garantir une bonne organisation des interventions, une communication fluide entre les différents interlocuteurs et un suivi de qualité auprès de nos clients.

Vos missions :

Vous serez notamment chargé(e) de :

- Planifier les interventions et créer les bons d'intervention pour les techniciens.
- Analyser les comptes rendus d'intervention et échanger avec les techniciens afin d'identifier les besoins en pièces.
- Rechercher les pièces nécessaires auprès des fournisseurs.
- Demander et suivre les devis de pièces détachées.
- Établir les devis clients et assurer leur suivi jusqu'à validation.
- Passer les commandes auprès des fournisseurs après validation des devis.
- Suivre les commandes et les livraisons de pièces.
- Coordonner les réparations et les interventions avec les techniciens.
- Organiser les interventions de dépannage.
- Assurer le suivi des dossiers en cours et effectuer les relances nécessaires.
- Assurer la communication avec les clients concernant l'avancement des interventions.
- Veiller au bon déroulement des dossiers jusqu'à leur résolution.
- Clôturer les dossiers après intervention et préparer les éléments nécessaires à la facturation.

Nous recherchons avant tout une personne organisée, autonome, rigoureuse et réactive, capable de prendre en charge ses dossiers avec méthode.

Vous êtes :

- Organisé(e), méthodique et rigoureux(se).
- Réactif(ve) et capable de gérer plusieurs dossiers simultanément.
- À l'aise avec les échanges téléphoniques et écrits.
- Doté(e) d'un bon relationnel et d'un véritable sens du service client.
- À l'aise avec les outils informatiques et les logiciels de gestion/ERP.
- Capable de travailler en autonomie tout en collaborant efficacement avec une équipe à distance.
- À l'aise pour prendre des initiatives et assurer le suivi d'un dossier jusqu'à sa résolution.
Une expérience ou de bonnes notions dans le SAV, la maintenance, la manutention, le bâtiment, l'industrie ou les équipements techniques et mécaniques est indispensable.

Si vous aimez organiser, anticiper, trouver des solutions et être l'interlocuteur(trice) central(e) d'un dossier, ce poste vous permettra d'avoir un rôle concret et essentiel dans la satisfaction de nos clients.

Nous proposons :

- CDD de 25 heures par semaine, évolutif vers un CDI à temps plein selon le développement de l'activité.
- 100 % télétravail.
- MacBook et iphone professionnel mis à disposition.
- Un poste polyvalent avec de véritables responsabilités dans la gestion des dossiers SAV.
- Une formation à nos produits, nos outils et nos méthodes.
- Une équipe à taille humaine et un environnement de travail basé sur la confiance, l'autonomie et la réactivité.
- Une réelle possibilité d'évolution avec le développement de l'activité."
94,213YLKG,Chargé(e) de relation clientèle (H/F),"Chargé(e) de Clientèle - CDI temps partiel étudiant

L'entreprise

Conduite Éco et Sécurisée est un organisme de formation spécialisé dans l'éco-mobilité. Nous accompagnons les particuliers et les professionnels dans la découverte et l'utilisation des véhicules électrifiés : hybrides, hybrides rechargeables et 100 % électriques.

Nous travaillons directement avec les constructeurs automobiles et leurs concessionnaires partenaires.

Le poste

Nous recherchons un(e) Chargé(e) de Clientèle dans le cadre d'un CDI à temps partiel, idéal pour un(e) étudiant(e).

Vous accompagnez pendant environ une heure les clients venant de prendre possession de leur véhicule électrifié. Vous leur présentez les principales fonctionnalités et technologies du véhicule et les accompagnez dans l'optimisation de son utilisation et de ses consommations.

Vous êtes également en relation avec les équipes commerciales des concessions.

Une formation est assurée avant la prise de poste.

Profil recherché

Étudiant(e) disponible tous les samedis
Quelques heures disponibles en semaine selon votre emploi du temps
Permis B obligatoire
Bon relationnel et aisance à l'oral
Sens du service et pédagogie
Autonomie, sérieux et ponctualité
Intérêt pour l'automobile et les nouvelles technologies apprécié

Conditions

CDI à temps partiel
Travail tous les samedis + quelques heures en semaine selon disponibilités
Un seul site d'affectation par personne
SMIC au démarrage
Prime d'assiduité
Tickets restaurant
Mutuelle d'entreprise
Formation à nos prestations

Aucun véhicule mis à disposition et aucune participation aux frais de déplacement.

Vous souhaitez intégrer une entreprise spécialisée dans l'éco-mobilité tout en conservant un emploi compatible avec vos études ? 
Rejoignez Conduite Éco et Sécurisée !"
95,6881547,Conseiller de vente (H/F),"Description du poste :

Calzedonia  en partenariat avec  IFCV  recrute un conseiller de vente  dans le cadre d'un  Bac pro commerce  en alternance pour une durée de 24 mois.

La marque Calzedonia , votre boutique de collants préférée, propose d'une manière innovante et accessible, des collants, des chaussettes et des maillots de bain pour les femmes, les hommes et les enfants.

Pour accompagner le développement de ses boutiques en France, l'enseigne est à la recherche de talents enthousiastes, dynamiques et ambitieux pour la rejoindre !

MISSIONS :

Encadré(e) par la Responsable de magasin, l'alternant(e) est formé(e) au métier de conseiller(ère) de vente et participe pleinement à la vie du point de vente. 

Vente & relation client***Accueillir et conseiller la clientèle
* Identifier les besoins et proposer des produits adaptés
* Réaliser des ventes complémentaires
* Fidéliser la clientèle grâce à une expérience d'achat qualitative 

Gestion de la caisse***Encaissement des clients
* Gestion des retours et échanges
* Respect des procédures internes 

Vie du magasin***Participation à l'ouverture / fermeture du magasin
* Réassort et mise en rayon
* Rangement et tenue irréprochable du point de vente
* Participation à la mise en place du merchandising
* Réception et traitement des livraisons
* Suivi d'indicateurs commerciaux simples

Description du profil :

COMPETENCES Vous êtes titulaire d'un cap ,seconde ,ou titre niveau 3
* Vous souhaitez débuter un Bac pro commerce  avec le centre de formation IFCV
* Vous disposez également de compétences relationnelles solides
* Intérêt pour la lingerie féminine, les maillots de bain et le commerce 

QUALITÉS Sourire naturel***Dynamisme et énergie positive***Sens du service client***Fiabilité (ponctualité, assiduité, sérieux) 

RÉMUNÉRATION & AVANTAGES***Tickets restaurant - Primes sur objectifs
* Dotation tenue professionnelle
* Mutuelle d'entreprise
* Prise en charge transport à hauteur de 50%"
96,7517353,"Chargé de relation client, téléconseille (H/F/D)","En tant que chargé(e) de clientèle téléconseiller, votre rôle principal consistera à assurer la satisfaction des clients par téléphone. Vous serez le premier point de contact et apporterez votre expertise pour répondre aux différentes demandes. Vos missions incluront :Accueillir et écouter les clients afin de comprendre pleinement leurs besoins.Proposer des solutions adaptées et accompagner les clients dans l'utilisation des services offerts.Gérer les réclamations avec diplomatie et efficacité afin de maintenir une excellente relation client.Assurer le suivi des dossiers clients et mettre à jour les informations dans les systèmes informatiques.Collaborer avec les équipes internes pour améliorer continuellement l'expérience client.Vous serez au cœur de l'action dans le secteur tertiaire, contribuant à la réputation de l'établissement en tant qu'acteur majeur des métiers des téléservices. Vous utiliserez vos compétences en communication pour offrir un service irréprochable et vous engagerez à atteindre les objectifs fixés.SAMSIC, société socialement responsable, s'engage au quotidien pour l'emploi des personnes en situation de handicap."
97,211KYCT,Gestionnaire de dossiers et relations clients (H/F),"Alliance Transversale accompagne les particuliers et les professionnels dans leurs démarches et la gestion de leurs dossiers administratifs. Dans le cadre d'un accroissement temporaire d'activité, l'entreprise recherche une personne rigoureuse et orientée vers le service client, chargée d'assurer la continuité, la fiabilité et la traçabilité du traitement des dossiers.

Vos missions principales : 

- Accueillir, renseigner et orienter les clients et prospects, par téléphone, par courriel ou sur place.
- Prendre en charge les appels et messages entrants, identifier la demande et transmettre les informations utiles.
- Assurer le suivi administratif des dossiers, contrôler leur état d'avancement et respecter les échéances fixées.
- Classer, nommer, numériser et organiser les documents selon les procédures internes.
- Préparer des courriers et courriels simples, clairs et adaptés à la situation du client.
- Mettre à jour les tableaux de suivi, signaler les difficultés et rendre compte des actions accomplies.
- Effectuer les relances nécessaires auprès des clients afin d'obtenir les informations ou pièces manquantes.
- Appliquer strictement les règles de confidentialité et de protection des données personnelles.

Le profil recherché : 

- Expérience professionnelle de deux ans minimum dans la gestion administrative de dossiers, l'accueil ou la relation client.
- Formation de niveau Bac +2 souhaitée : BTS Support à l'action managériale (SAM), BTS Gestion de la PME (GPME), ou 
diplôme/titre équivalent.
- Excellente maîtrise du français écrit et oral ; capacité à rédiger des messages et courriers professionnels sans faute.
- Bonne maîtrise des outils bureautiques, de la messagerie électronique, du classement numérique et des tableaux de suivi.
Compétences et qualités attendues
- Organisation, rigueur, exactitude et capacité à gérer plusieurs dossiers simultanément.
- Sens du service, écoute, patience et qualité de la communication avec les clients.
- Discrétion, loyauté, autonomie, réactivité et respect strict des consignes internes.

Organisation du travail : 

Travail réparti sur cinq jours, du lundi au samedi, dans l'amplitude 10 h 00-19 h 00. Une journée de repos est planifiée en amont. Les horaires effectifs et les pauses sont précisés au planning, dans le respect de 35 heures hebdomadaires.

Candidature :
Transmettez votre CV, accompagné d'un court message présentant votre expérience en gestion de dossiers et en relation client, par l'intermédiaire de France Travail.

Toutes les candidatures sont examinées exclusivement au regard des compétences, de l'expérience et des aptitudes professionnelles requises pour le poste."
98,7061294,CONSEILLER VENTE H/F,"Nous recherchons, à partir de juillet , un(e) vendeur(se) pour assurer des remplacements au sein de nos trois boutiques.
Vous interviendrez dans trois univers complémentaires :
ERAM - Chaussures et maroquinerie
Promod - Prêt-à-porter féminin
Segue - Sacs et maroquinerie
Vos missions :

- Accueil, conseil personnalisé et fidélisation de la clientèle.
- Réalisation des ventes et encaissement.
- Mise en rayon et merchandising.
- Ouverture et fermeture des boutiques en autonomie.
- Mobilité entre les trois points de vente selon les besoins du planning.
Profil recherché :

- Expérience confirmée en vente (boutique de mode ou accessoires).
- Autonomie et dynamisme.
- Capacité à gérer seul(e) un point de vente.
- Disponibilité et flexibilité sur la période estivale.
Nous vous proposons :

- Un environnement de travail varié à travers trois univers mode.
- Une équipe conviviale.
Merci de venir rencontrer la responsable sur l'un de ces trois magasins, du mardi au samedi, avec votre CV et quelques mots de motivation .
N'hésitez pas à appeler sur la boutique Promod au * pour connaître les horaires de présence de la responsable avant de vous déplacer.
A très vite!


Contrat : CDD Temps partiel

Durée minimum : 1 mois

Durée maximum : 4 mois

Service : Vente non alimentaire

Expérience : Moins de 2 ans d'expérience

Niveau d'études : Indifférent"
99,214CHBD,Réceptionnaire après-vente (H/F),"Vous appréciez la polyvalence et travailler en équipe avec de multiples interlocuteurs ?

Vous avez l'envie d'apprendre toujours plus et d'évoluer dans un environnement dynamique ?

Vous possédez des bases en mécanique et avez un attrait pour la relation client ?

Alors nous pourrions parfaitement nous entendre.

Ce que vous ferez ?

Volvo Trucks France est à la recherche d'un.e Réceptionnaire Après-vente pour son site de Bruges ( proche Bordeaux)

Rattaché.e au Responsable de Site et en lien permanent avec l'ensemble des services (atelier, magasin, commerce...), vous serez en charge d'accueillir le client et de réceptionner son véhicule.

Dans ce cadre, votre mission, si vous l'acceptez, consistera à :

Accueillir physiquement et téléphoniquement le client (gestion des flux de clientèle, prise de rendez-vous...) en respectant l'image de service Volvo
Réaliser un pré-diagnostic d'intervention du véhicule
Répondre aux questions techniques de premier niveau des clients
Gérer l'organisation et l'administration des interventions (validation de l'OR et du devis en lien avec l'atelier et le client)
Informer le client de l'avancement des travaux (délais, pièces commandées.)
Restituer le véhicule dans les délais en expliquant les travaux effectués
Participer au développement de l'activité commerciale après-vente et à la fidélisation de la clientèle
Organiser et gérer la prise en charge des interventions dépannages
Des missions complémentaires pourront vous être confiées afin d'assurer le bon fonctionnement de l'après-vente.

Qui êtes-vous ? 

Vous êtes passionné.e par les nouvelles technologies, la mécanique et êtes doté.e de qualités commerciales. Organisé.e et réactif.ve, vous démontrez un vrai sens du service et êtes attentif.ve à la qualité de la prestation fournie dans un objectif de satisfaction client.

Vous avez déjà travaillé 2 ans au minimum sur un poste ou dans un secteur d'activité similaire (PL, TP, auto)

Alors n'hésitez pas et rejoignez-nous !

Encourageant la diversité sous toutes ses formes, Volvo Trucks France s'engage à créer un environnement de travail inclusif et promeut l'égalité des chances.

Qu'est-ce que vous y gagnez ? 

Un parcours d'intégration sur mesure,
De réelles possibilités d'évolution professionnelle et de mobilité dans le Groupe, 
Le développement de vos compétences par le biais de formations adaptées, 
Un environnement de travail épanouissant où la sécurité et le bien-être de nos collaborateurs sont primordiaux,
Une rémunération valorisante et autres avantages (CSE, mutuelle, tickets restaurant, participation, intéressement, épargne salariale, primes sur objectif, aide à la mobilité, salle de déjeuner équipée et climatisée, outillage adapté, crèche d'entreprise, prime transport).
Informations complémentaires :

Type d'emploi : Temps plein, CDD ( 6 mois minimum) 
Rémunération : à négocier en fonction des compétences et de l'expérience
Disponibilité : dès que possible
#VolvoTrucksFranceRecrute

Lieu du poste : En présentiel"
100,214SNXN,Chargé(e) de relation client - Abonnements (H/F),"Depuis plus de 75 ans, Paris Match raconte l'actualité par l'image et le récit.
Pour garantir à nos abonnés une expérience irréprochable, nous recherchons un(e) Chargé(e) de relation client qui sera le garant de la qualité de service au quotidien.
Vos missions
Rattaché(e) à la Responsable Relations Clients, vous êtes un point d'entrée de la relation client abonnés.
Pilotage du prestataire Service Clients
- Être l'interlocuteur quotidien du prestataire : consignes, priorités, points d'activité
- Préparer et animer les rituels de suivi (hebdo, mensuel)
Formation des conseillers
- Former les équipes du prestataire aux offres, aux nouveautés produit et aux process
- Mettre à jour les supports : scripts, FAQ, base de connaissances
Gestion des cas complexes
- Traiter les réclamations escaladées et les situations sensibles
- Faire le lien avec les équipes internes (produit, tech, paiement, juridique) pour les résoudre
Validation des remboursements
- Instruire et valider les demandes de remboursement et gestes commerciaux
- Veiller au respect des règles et des budgets définis
Suivi de la qualité de service
- Suivre les indicateurs : délais de traitement, taux de résolution, satisfaction, motifs de contact
- Réaliser des contrôles qualité (écoutes, relecture de mails) et piloter les plans d'action
- Remonter les irritants clients pour nourrir l'amélioration du parcours et la lutte contre le churn
Votre profil
- Bac+5 (commerce, marketing, relation client ou équivalent)
- 4 ans d'expérience en relation client, idéalement dans l'abonnement, les médias, le e-commerce ou les télécoms
- Une première expérience de pilotage d'un prestataire ou d'un centre de contacts 
- Maîtrise d'Excel (tableaux croisés dynamiques, rechercheV) pour le suivi des indicateurs clés
- Anglais requis (niveau B2) 
- Maîtrise des outils CRM et ticketing : Utilisation avancée d'outils de gestion de la relation client (ex:  Magellan, Salesforce, Zendesk, Intercom, Freshdesk) 
Les qualités qui feront la différence
- Sens du client : vous défendez l'expérience abonné et savez trouver la bonne réponse, même dans les cas délicats
- Rigueur : vous suivez vos indicateurs, documentez vos process.
- Diplomatie et assertivité : vous savez être exigeant(e) avec un prestataire tout en gardant une relation constructive
- Esprit d'analyse : vous repérez les irritants récurrents et proposez des solutions
- Esprit d'équipe : vous travaillez facilement avec le produit, la tech, la finance et le marketing
Infos pratiques
- Contrat : CDD, temps plein
- Lieu : Paris - (pas de télétravail possible) 
- Démarrage : dès que possible
- Rémunération : selon profil et expérience
Pour postuler : envoyez CV et lettre de motivation obligatoire"
101,214HKRR,Chargé.e de Clientèle Grands Comptes (H/F),"Contact privilégié des clients grands comptes de l'entreprise, vous êtes responsable du suivi commercial quotidien des affaires, de la relation client, de la coordination avec les équipes internes et la satisfaction des interlocuteurs externes autour des solutions que nous distribuons.
Vos missions:
1. Gestion de la relation client
Répondre aux appels entrants, emails et demandes des clients ;
Assurer l'accueil, l'information et le suivi des interlocuteurs externes ;
Maintenir un haut niveau de qualité de service et de satisfaction client.
2. Suivi des affaires commerciales
Préparer les grilles tarifaires et offres en fonction des consignes;
S'assurer de la mise à jour régulières des informations clients et de leurs supports dédiés dans les différents outils (ERP, CRM.);
Suivre les dossiers clients du début à la fin (cotation, livraison, facturation);
Relancer les offres et devis;
Assurer un reporting régulier au Manager.
3. Utilisation des outils de gestion
Utiliser le CRM interne de l'entreprise pour suivre l'activité;
Tenir à jour les données de contact, les opportunités, les commandes et le pipeline de vente en collaboration avec l'équipe commerciale.
4. Coordination interne
Travailler en coordination avec les équipes commerciales, ADV, logistique, marketing, solution, service, finance et légales.
5. Support technique et conseil
Fournir aux installateurs des informations produit de premier niveau;
Remonter les demandes techniques complexes au support ou aux responsables produits si nécessaire."
102,6881737,Conseiller de vente (H/F),"Description du poste :

La Plateforme du Bâtiment est un leader de la distribution de matériaux et outillage pour professionnels et particuliers, offrant conseils, produits de qualité et services adaptés aux projets de construction et rénovation.

MISSIONS Accueillir et conseiller les clients sur leurs besoins et projets
* Préparer et suivre les commandes, transferts et livraisons
* Établir des devis et gérer le suivi des commandes
* Gérer les réclamations, le SAV et les dysfonctionnements
* Utiliser les outils commerciaux et proposer des solutions de financement
* Collaborer avec les autres secteurs selon les besoins clients
* Animer le plan de vente et gérer le stock du rayon
* Organiser des actions commerciales (promotions, mises en avant, événements techniques)
* Participer à la gestion des stocks (inventaires, commandes, prévention des pertes)
* Prioriser et optimiser le temps de travail
* Réaliser des découpes et ajuster les teintes de produits

Description du profil :

Candidat en BTS Management Commercial Opérationnel (MCO) ou Bac Pro Métiers du Commerce et de la Vente (MCV) au sein de l'IFCV en alternance, motivé et dynamique.

Doté d'un bon sens du relationnel et d'une organisation rigoureuse, vous souhaitez développer vos compétences en conseil client, gestion des commandes, suivi des livraisons et participation aux actions commerciales, tout en contribuant à la satisfaction et à la fidélisation des clients."
103,213MPPT,Chargé de clientèle (H/F),"Gestion & développement du portefeuille clients

 Gérer et développer un portefeuille de clients professionnels

 Analyser et qualifier les besoins, conseiller et proposer des solutions adaptées

 Construire une relation de confiance durable et fidéliser les clients


Sourcing & offres commerciales

 Rechercher les composants et les meilleures solutions d'approvisionnement

 Comparer et négocier prix, disponibilités et délais en relation avec le service achats

 Construire, présenter et relancer les offres commerciales dans le respect des objectifs de marge


Suivi des affaires & commandes

 Suivre les affaires et les commandes jusqu'à leur bonne réalisation

 Coordonner les différents services et informer le client tout au long du dossier

 Anticiper les aléas et rechercher des solutions lorsqu'une difficulté apparaît


Performance & fidélisation

 Contribuer au chiffre d'affaires, à la qualité des marges et au développement du portefeuille

 Garantir la qualité et la rapidité des réponses ainsi que la maîtrise des dossiers"
104,7095446,CHARGE DE CLIENTELE (H/F),"Trouver un travail, c'est un travail et c'est le nôtre. On recrute un Chargé de clientèle (H/F) pour l'un de nos clients.Vos missions, si vous l'acceptez :Accueillir, renseigner et orienter les clients.Réaliser les opérations courantes liées aux services d'affranchissement, d'envoi et de retrait de courriers et colis.Accompagner les clients dans l'utilisation des automates et des services numériques.Identifier leurs besoins et les orienter vers les produits et services adaptés.Effectuer des opérations de vente et de conseil.Veiller à la satisfaction et à la qualité de l'accueil des clients.Respecter les procédures internes et les consignes de sécurité. Contrat de 35h sur 6 jours travaillés."
105,6531674,Chargé de coordination des binômes intergénérationnels - stage ou alternance à impact (H/F),"À propos de Mamie-Boom :

Nous croyons en la force des liens intergénérationnels et en leur pouvoir de transformer des vies. Rejoins-nous pour faire partie de cette belle aventure humaine !

La mission

En tant que Chargé de coordination des binômes intergénérationnels, tu veilles au bon déroulement des accompagnements partout en France.

Tu es le lien entre les familles, les étudiants et l'équipe Mamie-Boom. Ton rôle est de t'assurer que chaque binôme fonctionne dans la durée, que les visites sont bien réalisées et que les familles bénéficient d'un service fiable et de qualité.

 Tu joues un rôle clé dans l'expérience de nos clients et dans la satisfaction de notre communauté d'étudiants.

Responsabilités

 Suivi des binômes

- Vérifier le bon déroulement des accompagnements

- Suivre les plannings et les visites réalisées

- Gérer les annulations, absences et besoins de remplacement

- Identifier rapidement les situations nécessitant une intervention

- Maintenir à jour les informations et le suivi des binômes

 Relation clients & satisfaction

- Réaliser des appels de suivi auprès des familles

- Recueillir les retours d'expérience et mesurer la satisfaction

- Répondre aux questions courantes et orienter les demandes

- Contribuer à la fidélisation des familles et des étudiants

 Gestion administrative

- Gérer les déclarations CESU de nos clients

- Suivre l'avancée des contrats de travail

- Participer au suivi des factures et des éléments administratifs

 Soutien au recrutement des étudiants

- Contacter et relancer les candidats intéressés

- Participer à l'identification de nouveaux étudiants selon les besoins

- Contribuer au développement de notre communauté de Gentils Accompagnateurs

Pourquoi nous rejoindre ?

- Un poste polyvalent avec de vraies responsabilités et une forte autonomie

- Une montée en compétences rapide sur les sujets opérationnels, relation client et gestion de projet

- Un environnement stimulant, entre exigence, bienveillance et esprit entrepreneurial

- Une équipe engagée, bienveillante et ambitieuse de 4 personnes, dans un cadre de travail convivial où chacun compte vraiment

- Le soleil de Marseille en bonus, avec un super rooftop vue mer 

Profil recherché
Profil recherché

Nous recherchons avant tout une personne organisée, fiable et ayant le sens du service.

Tu te reconnais si :

- Tu aimes coordonner plusieurs sujets en parallèle sans perdre le fil

- Tu es rigoureux et attentif aux détails

- Tu apprécies le contact humain et es à l'aise au téléphone

- Tu sais gérer les imprévus avec calme et réactivité

- Tu es autonome et prends facilement des initiatives

- Tu es à l'aise avec les outils numériques et les tableaux de suivi

- Tu as envie de contribuer à un projet à impact social concret

Une première expérience en gestion de projet, opérations, relation client, administration ou coordination est un plus, mais nous recherchons surtout une personne consciencieuse, débrouillarde et impliquée.

Informations pratiques

- Contrat : Stage ou alternance à partir de septembre

- Horaires : 9h30-12h30 / 14h-18h

- Rémunération : selon le barème légal en vigueur

- Avantages : tickets restaurant + prise en charge de 50 % des frais de transport

- Lieu : Campus Biaggi (Marseille centre) - présentiel avec 1 jour de télétravail/semaine

- Démarrage : septembre 2026

=> Pour candidater, dans ton message de motivation, réponds à ces 3 questions :

1/ pourquoi souhaites-tu rejoindre Mamie-Boom ?

2/ pourquoi ce poste t'attire et te correspond ?

3/ quand es-tu disponible pour démarrer et si alternance, quel rythme entreprise/école ?"
106,6710646,CONSEILLER DE VENTE H/F,"En tant que conseiller(ère) de vente secteur bricolage, vous exercerez sur les rayons Bricolage, outillage, électroportatif, chauffage et électricité. 
En tant que Vendeur de rayon
- Vous assurez la gestion et la bonne tenue de votre rayon ; vous pilotez vos stocks, et garantissez l'attractivité des
- Vous proposez une offre locale et faites des adaptations de choix de gamme, pour répondre aux attentes spécifiques de vos clients.
- Vous élaborez un plan d'action commercial attractif et ambitieux, que vous animez auprès des vendeurs de votre équipe, et gérez des relations de qualité avec les fournisseurs et prestataires.
- Vous pilotez la performance de votre rayon : analyse des résultats et actions correctives, pour atteindre les objectifs quantitatifs et qualitatifs de votre périmètre.
- Au quotidien, vous relayez les informations de votre manager, et dans un esprit d'équipe, vous les accompagnez en cas de surcharge d'activité pour servir le client.
Les débutants sont acceptés. Ce qui compte pour nous, ce sont avant tout votre leadership et vos valeurs !
- Votre profil :
- Vous avez de l'aisance relationnelle et savez fédérer vos collègues autour d'objectifs communs,
- Vous aimez le commerce et prendre des paris gagnants pour aller chercher du chiffre d'affaires,
- Vous avez un bon esprit d'analyse et savez prendre des décisions éclairées,
- Vous aimez profondément la relation client et le terrain.
Comment réussir sur ce poste :
- En étant au quotidien en proximité de vos collègues vendeurs
- En connaissant les produits et vos clients, pour adapter localement votre commerce
- En mettant en place des plans d'amélioration, et en les suivant de près
- En vous appuyant sur la data : tableaux de bord, outils de gestion... mais également les meilleures ventes omnicanales et la saisonnalité des produits
- 
- Ce qui ne fonctionne pas sur ce poste :
- Se montrer directif dans l'animation de vos collègues : vous devrez les encourager et contribuer à leur montée en compétences
- Faire les choses sans communiquer sur ce que vous faites. Il faut partager et donner du sens aux actions.
- Se laisser déborder par la variété des tâches : le périmètre est très large, et il faut savoir prioriser pour traiter les sujets avec rigueur et efficacité.
Ce que vous retirerez de ce métier ?
Le plaisir de voir vos collègues grandir et monter en compétences, et la satisfaction d'atteindre et même dépasser vos objectifs commerciaux.
Mais aussi, et surtout, parce que nous sommes Bricomarché, une qualité de vie au travail, dans une équipe soudée et fière de travailler ensemble. Ici, on construit avec toutes les personnalités, toutes les envies, tous les parcours. Notre diversité fait notre force.


Vous êtes : 
- Commerçant(e), vous avez le sens du relationnel et vous aimez le contact client, 
- Motivé(e), 
- Dynamique,
- Une formation à la conduite de chariot élévateur vous dispensée.
Enfin, vous possédez des compétences techniques dans les domaines du bricolage ou vous êtes motivé(e) pour apprendre ! 
Alors, prêt(e) à rejoindre une équipe soudée ?
Vos futurs collègues du secteur bricolage vous attendent avec impatience ! 


- Travail le samedi
- Horaires liés à l'activité du magasin 
- 35 heures
- Evolution possible!
Contrat : CDI
Niveau d'expérience minimum requis : Débutant
Niveau d'études minimum requis : Non diplômé
Temps de travail : Temps plein"
107,7565460,Chargé(e) de relation client en agence de voyage (H/F),"A PROPOS DE KAZADEN

Chez Kazaden, nous croyons que le voyage est avant tout une aventure. Depuis 2014, nous organisons des séjours nature et aventure (safaris, treks, croisières, séjours découvertes) et accompagnons chaque année plus de 5 000 voyageurs.
Notre mission : offrir des expériences inoubliables, en lien direct avec des partenaires locaux passionnés.

Nous renforçons aujourd'hui notre équipe avec un(e) Chargé(e) de relation clients & organisation de voyages prêt(e) à relever de nouveaux défis.

VOS MISSIONS

Au sein de l'équipe, vous serez au cœur de la relation client et de l'organisation des voyages. Concrètement, vos missions seront de :

* Assurer le suivi administratif des ventes (contrats, paiements, etc.).
* Gérer la logistique liée à l'organisation du voyage.

PROFIL RECHERCHE

Nous serons ravis de travailler avec vous si :

* Vous êtes passionné(e) par le monde du voyage et l'aventure.
* Vous êtes à l'aise à l'oral, doté(e) d'un excellent sens relationnel et d'une vraie empathie.
* Vous avez de solides qualités rédactionnelles (syntaxe, orthographe).
* Vous savez faire preuve de rigueur, d'organisation et de fiabilité.
* Vous aimez prendre des responsabilités et être force de proposition.

CE QUE VOUS TROUVEREZ CHEZ NOUS

* Une équipe à taille humaine (14 personnes), passionnée de voyage.
* Un environnement stimulant, où l'aventure est au cœur du quotidien.
* Des liens privilégiés avec nos partenaires (agences locales, guides, skippers).
* L'opportunité de jouer un rôle clé dans une aventure entrepreneuriale et de collaborer directement avec le fondateur.

MODALITES

* Type de contrat : CDI
* Début : dès que possible
* Localisation : Paris, 11 rue Pierre Semard (75009)
* Rémunération : 25 000 € brut annuel + avantages

Type d'emploi : CDI

Rémunération : à partir de 25 000,00€ par an

Avantages :
* Prise en charge du transport quotidien
* Travail à domicile occasionnel

Capacité à faire le trajet ou à déménager:
* 75009 Paris: Faire le trajet sans problème ou prévoir un déménagement avant de prendre son poste (Requis)

Question(s) de présélection:
* Quelles sont vos motivations pour ce poste ? Expliquez les en 10 lignes minimum. Toute réponse générée par IA sera éliminatoire.

Formation:
* Bac +3 (Licence / Bachelor) (Requis)

Langue:
* Anglais (Requis)

Lieu du poste : En présentiel"
108,213LQVG,UN TECHNICIEN APRES VENTE (H/F),"ALTER EGO TERTIAIRE, agence d'emploi temporaire et de placement en CDD/CDI, recherche pour l'un de ses clients situé à Sainte-Clotilde, un(e) Technicien(ne) Après-Vente Automobile (H/F) en CDI.

Vos missions :

**Diagnostic et recherche de pannes :

-Réaliser les diagnostics mécaniques, électriques et électroniques à l'aide des outils adaptés, identifier l'origine des dysfonctionnements et déterminer les interventions nécessaires.
-Effectuer les contrôles, mesures et essais afin d'établir un diagnostic précis, y compris sur des problématiques techniques complexes.
-Consulter les documentations et procédures constructeur pour identifier les solutions adaptées.

**Maintenance et réparations :

-Réaliser les opérations d'entretien, de maintenance préventive et les réparations mécaniques, électriques et électroniques sur les différents organes du véhicule.
-Intervenir sur les systèmes embarqués et effectuer les mises à jour, reprogrammations ou paramétrages nécessaires.
-Remplacer les pièces défectueuses et assurer la remise en état des véhicules conformément aux préconisations constructeur.

**Contrôle et suivi :

-Contrôler le bon fonctionnement des véhicules après intervention et réaliser les essais nécessaires avant restitution.
-Renseigner les ordres de réparation et comptes rendus techniques afin d'assurer la traçabilité des interventions.
-Participer au suivi des dossiers de garantie et échanger avec les équipes techniques et les interlocuteurs constructeurs.

**Relation client et service après-vente :

-Apporter un appui technique aux conseillers et réceptionnaires après-vente pour identifier les travaux à réaliser et formuler les préconisations.
-Expliquer aux clients les interventions effectuées et les éventuels travaux complémentaires à prévoir.
-Contribuer à la satisfaction et à la fidélisation des clients par la qualité des interventions.

**Qualité et sécurité :

-Respecter les procédures constructeur, les règles de sécurité, les normes environnementales et les standards de qualité.
-Assurer une veille sur les évolutions technologiques, notamment les véhicules électriques, hybrides et les systèmes électroniques embarqués.
-Veiller au bon entretien du matériel et du poste de travail et contribuer à la bonne organisation de l'atelier.

Profil recherché :

-Titulaire d'un BTS Maintenance des Véhicules ou d'une formation équivalente dans le domaine de la maintenance automobile.
-Vous justifiez de 3 à 5 ans d'expérience sur un poste similaire, idéalement au sein d'un service après-vente ou d'un atelier automobile.
-Vous disposez de solides connaissances en mécanique, électricité et électronique automobile et maîtrisez les méthodes de diagnostic et de recherche de pannes.
-Vous êtes à l'aise avec les outils de diagnostic et les équipements techniques utilisés en atelier.
-La maîtrise de l'anglais professionnel est requise afin de pouvoir comprendre les documentations techniques et échanger avec des interlocuteurs anglophones.
-Vous êtes titulaire du permis B et êtes à l'aise avec la conduite des véhicules dans le cadre des essais et contrôles.
-Rigoureux(se), méthodique et organisé(e), vous êtes capable d'analyser une problématique technique et de trouver des solutions adaptées.
-Autonome dans vos missions, vous appréciez également le travail en équipe et savez communiquer efficacement avec les différents intervenants du service après-vente.
-Vous êtes reconnu(e) pour votre sens du service, votre réactivité et votre capacité à respecter les procédures et les délais.
-Curieux(se) et intéressé(e) par les évolutions du secteur automobile, vous êtes capable de vous adapter aux nouvelles technologies et aux systèmes embarqués."
109,214PHSZ,CHARGE DE CLIENTELE (H/F),"Notre client, basé à Beaune (21), recherche un(e) chargé(e) de clientèle F/H.

Vos missions :
- Prendre en charge l'accueil, l'identification et la prise en charge différenciée de tous les clients particuliers et professionnels 
- Assurer une gestion optimisée des flux clients et développer les réponses immédiates aux clients et la solution au 1er contact
- Être en appui des clients dans l'utilisation des automates et des applications digitales
- Détecter et analyser les besoins des clients afin de proposer les produits et services adaptés
- Effectuer le réassort, assurer la netteté des espaces et le bon fonctionnement des meubles dépôts

Horaires du lundi au samedi inclus (1 samedi sur 2 en repos) - 35h/6 jours."
110,214NRQS,Secrétaire automobile (H/F),"SBC Intérim, agence spécialisée dans les métiers de l'automobile, recrute pour l'un de ses clients sur Marseille un(e) Secrétaire Automobile (H/F).

Vos missions :
Au sein d'une concession automobile, vous serez en charge de :

- Accueil physique et téléphonique des clients
- Gestion des rendez-vous et du planning
- Suivi administratif des dossiers clients et véhicules
- Gestion des devis et de la facturation
- Saisie et mise à jour des dossiers sur les logiciels internes
- Gestion des mails et tâches administratives courantes
- Interface avec les différents services de la concession

Profil recherché :
Vous justifiez idéalement d'une première expérience en secrétariat automobile, concession ou environnement administratif.
Organisé(e), polyvalent(e) et à l'aise avec la clientèle, vous appréciez le travail en équipe et savez gérer plusieurs tâches simultanément.

Rémunération : taux horaire compris entre 13€ et 17€ brut

N'hésitez pas à nous envoyer votre candidature"
111,213HHHY,Chargé de Relation Client Serenly (H/F),"Et si votre prochain défi professionnel consistait à accompagner les seniors et leurs familles dans une étape importante de leur vie ?

Chez Serenly, marque du Groupe LP Promotion, nous développons des résidences services seniors où qualité de vie, proximité et bienveillance sont au cœur de notre engagement.

Afin de renforcer notre équipe Réservation & Relation Client, nous recherchons un(e) Chargé(e) de Relation Client en CDD de septembre au 31 décembre 2026.

Au quotidien, vous serez le premier contact de nos futurs résidents et de leurs proches. Votre rôle sera essentiel pour les écouter, les conseiller et les accompagner tout au long de leur projet de résidence, en étroite collaboration avec nos Conseillers Résidence.

Vos missions
Au sein d'une équipe dynamique et engagée, vous contribuerez activement au développement commercial de Serenly en assurant un accompagnement de qualité auprès de nos prospects.

À ce titre, vous serez amené(e) à :

- Accueillir, écouter et renseigner les futurs résidents et leurs familles par téléphone.
- Comprendre leurs besoins afin de les orienter vers la résidence la plus adaptée à leur projet.
- Organiser les rendez-vous des Conseillers Résidence et assurer un suivi rigoureux des demandes.
- Traiter les contacts issus de notre site internet ainsi que les différents canaux d'acquisition.
- Réaliser des campagnes d'appels sortants (relances, qualification de prospects, suivi des dossiers...).
- Accompagner les équipes commerciales dans le suivi des opportunités et contribuer au développement de l'activité.
- Mettre à jour notre CRM et garantir la qualité des informations renseignées.
- Assurer le suivi de votre activité à travers les indicateurs et reportings de l'équipe.
Chaque échange est une opportunité de créer une relation de confiance et d'offrir une expérience client à la hauteur de nos exigences.

Le profil que nous recherchons : 

Avant tout, nous recherchons une personnalité.
Vous aimez le contact humain et êtes animé(e) par le sens du service. À l'écoute, empathique et doté(e) d'un excellent relationnel, vous savez instaurer une relation de confiance avec vos interlocuteurs.
Organisé(e), rigoureux(se) et persévérant(e), vous appréciez les environnements dynamiques où la qualité de la relation client est une priorité.

Vous êtes également reconnu(e) pour :

votre aisance téléphonique et vos qualités de communication ;
votre capacité à travailler en équipe et à partager les informations ;
votre sens de l'organisation et votre réactivité ;
votre goût du challenge et votre orientation résultats.
Une première expérience en relation client, téléconseil, centre de contacts ou environnement commercial sera appréciée.

Pourquoi rejoindre LP Services ?

Infos pratiques :

CDD de septembre au 31 décembre 2026
Poste basé au siège de LP Services à Toulouse
Temps plein - 39h par semaine
Rémunération : 2 311 € brut mensuel
Intégration et accompagnement à la prise de poste
Accès facile en transports en commun

Pourquoi nous rejoindre ?
Chez LP Services, l'humain est au cœur de notre performance. En tant que Chargé de Relation Serenly, vous aurez un rôle clé pour accompagner nos équipes dans leurs missions et faire vivre nos valeurs : exigence, proximité, engagement et convivialité.

Mutuelle 100 % prise en charge
Carte tickets restaurant
Participation aux événements internes & moments partagés
Environnement dynamique et stimulant
Accès libre à notre salle de sport dans les locaux du siège, cours de sport réguliers (yoga, cardio, etc.)
Pour vos loisirs : possibilité de séjourner sur nos résidences partout en France pour 20€ par nuit

Envie de rejoindre une entreprise où chaque jour est différent et où votre rôle a un vrai impact ?"
112,214VTJZ,Assistant Service H/F (H/F),"Vos missions

Gestion administrative de l'activité SAV


Assurer l'interface administrative entre les clients, l'agence et les équipes régionales.
Gérer les demandes internes et externes reçues via la boîte mail générique du service.
Participer à l'établissement des devis et offres commerciales ainsi qu'à leur suivi.
Créer, modifier et suivre les contrats SAV ainsi que les plans d'entretien associés.
Mettre à jour la base chariots dans SAP et les dossiers clients.



Suivi administratif et facturation


Traiter les différentes listes d'erreurs SAP.
Assurer la gestion des opérations administratives liées à la facturation et aux transactions associées.
Établir les avoirs et notes de débit.
Maîtriser et appliquer les procédures administratives en vigueur, y compris les accords de modulation.



Support aux opérations Service


Participer à la gestion des pièces de rechange destinées aux techniciens internes et externes.
Assurer le suivi administratif nécessaire au bon déroulement des interventions.
Collaborer avec les différents services afin de garantir la qualité et la conformité des dossiers.



Suivi des litiges et relation client


Participer au traitement des litiges et réclamations SAV.
Assurer le suivi des dossiers jusqu'à leur résolution.
Contribuer à la satisfaction client en garantissant réactivité et qualité de service.


Avantages :
REMUNERATION FIXE + TITRES RESTAURANT + RTT + INTERERSSEMENT/PARTICIPATION
Votre profil

Profil : 
Vous êtes titulaire d'une formation Bac+2 à Bac+3 en Gestion, Assistanat, Administration ou Commerce.
Vous justifiez d'une expérience de 2 à 5 ans minimum dans une fonction administrative, idéalement acquise dans un environnement SAV, technique ou de service.
Vous maîtrisez les outils bureautiques et êtes à l'aise avec les ERP, idéalement SAP.
Vous êtes reconnu(e) pour votre rigueur, votre sens de l'organisation et votre capacité à gérer plusieurs dossiers simultanément.
Vous possédez un excellent relationnel et un fort sens du service client.
Votre réactivité et votre capacité à travailler en équipe vous permettent d'évoluer efficacement dans un environnement dynamique."
113,5947269,Chargé Crédit clients H/F,"ASSURER LE DEVELOPPEMENT D'UN PORTEFEUILLE CLIENT SAIN 
- Analyser et gérer le risque client au quotidien dans le respect des procédures en vigueur
- Evaluer l'encours moyen prévisionnel et déterminer s'il nécessite une assurance-crédit
- Négocier avec les assureurs-crédit
- Fixer les limites d'encours autorisés pour les prospects qui peuvent faire l'objet d'une autorisation interne
- Participer à l'évolution des outils en place.
SUIVI ET CONTRÔLE DE L'ENCOURS 
- Optimiser les outils de contrôle en place
- Contrôler les garanties et les autorisations accordées
- Suivre l'évolution de la sinistralité sur l'ensemble du Groupe.
RELATION AUPRES DES EQUIPES COMMERCIALES 
- Être garant de l'application de la Politique Crédit Groupe
- Sensibiliser les équipes sur le risque client.
Contrat : CDI


- Vous êtes titulaire d'une formation de type Bac +2/3 en Comptabilité, Economie ou Gestion
- Vous êtes confirmé sur ces missions
- Vous êtes rigoureux, autonome et êtes à l'aise avec le contact clients
- Vous êtes doté d'une capacité d'analyse fine et savez faire preuve de fermeté tout en restant diplomate. 
- Vous maitrisez les outils du Pack Office et avez une parfaite aisance dans l'expression écrite et orale 
Alors ce poste est fait pour vous ! Devenir Chargé Crédit Clients H/F au sein du Groupe Mauffrey c'est :
- Bénéficier d'un parcours d'intégration individuel et sur mesure
- Participer à de nombreux challenges avec une équipe dynamique
- Avoir des possibilités d'évolution interne et de mobilité géographique 
- Bénéficier d'avantages : CSE, Intéressement, Crèche d'entreprise, Action Logement, Salle de sports
- Avoir la possibilité de télétravailler (après la période de formation)"
114,214PHSC,Conseiller(ère) Livraison Véhicules (H/F),"
                En tant que Conseiller(ère) Livraison, vous êtes l'interlocuteur(trice) privilégié(e) des clients lors de la remise de leurs véhicules neufs ou d'occasion. Vous assurez une expérience client positive et professionnelle :

Vos principales responsabilités :
Gérer les livraisons de véhicules avec rigueur et suivi du planning client.
Réaliser le tour et le contrôle des véhicules avant remise (conformité, finitions, fonctionnalités).
Présenter le véhicule au client (fonctionnalités, utilisation et entretien).
Expliquer les documents contractuels et factures.
Suivi administratif des dossiers (contrats, activation des options/prestations).
Assurer le suivi client après livraison et répondre à leurs questions.

35 heures du lundi au samedi (avec une journée de repos dans la semaine) de 8h à 17h
                Sens du service client & bon relationnel.
Organisation, autonomie et rigueur.
Connaissance du secteur automobile appréciée.
            "
115,213LKZX,Chargé de relation clients GC  F/H,"L'agence de CRIQUEBEUF SUR SEINE est à la recherche d'un Chargé de relation clients GC H/F pour une entreprise dans le secteur de l'automobile.

Durée de la mission : longue durée / horaires : flexibles en journée

Déplacement ponctuel notamment sur Boulogne possible (sans découchage)

Positionnement dans l'organisation

 * Fonction support stratégique au sein de la Direction Relation Client.

----------------------------------------

Missions principales

1. Suivi complet du cycle de vie client

2. Gestion opérationnelle post-livraison

3. Suivi de la satisfaction et fidélisation

4. Pilotage et reporting

Profil :
 * Autonomie, organisation et rigueur
 * Expérience significative sur un poste similaire
 * Maitrise des outils bureautiques et informatiques

Rémunération et avantages :
- Taux horaire fixe + ticket restaurant + indemnité déplacement + 10% de fin de mission + 10% de congés payés
- Primes collective et/ou individuelle + participation aux bénéfices + CET 5%
- Acompte de paye à la semaine si besoin,
- Possibilité d'intégration rapide, de formation et d'évolution,
- Bénéficiez d'aides et de services dédiés (mutuelle, logement, garde enfant, déplacement).

Pour toutes questions, vous pouvez nous joindre au ## ## ## ## ##.

Rejoignez le groupe Adéquat, l'acteur le plus dynamique du secteur de l'emploi depuis 3 ans !

Adéquat, Simplement pour vous !"
116,214DHQK,Chargé(e) de relation client et proximité (H/F),"Interlocuteur(trice) privilégié(e) des locataires, prestataires et partenaires, vous assurez l'accueil et le traitement des demandes au sein du service relation clients qui sera composé de trois personnes. 
Rattaché(e) à la Directrice Clientèle et innovation sociale, vous garantissez la satisfaction des locataires et le respect des engagements de service.

Assurer l'accueil et la relation client :
- Assurer l'accueil physique et téléphonique des locataires, prestataires et partenaires,
- Assurer la transmission des informations en interne et en externe (documents provenant des différents services de l'entreprise ou de l'extérieur aux services concernés),
- Gérer les courriers entrants/sortants (gestion électronique des documents) et la messagerie générale de l'entreprise.

Traiter et suivre les demandes clients :
- Saisir et suivre les demandes dans le module dédié, y compris celles transmises par le prestataire de de l'astreinte,
- Orienter le locataire vers le bon interlocuteur et identifier les demandes urgentes,
- Rédiger les courriers de réponse et tenir à jour les tableaux de bord des engagements de service.

Appui administratif à la gestion locative et de proximité :
- Rédiger et diffuser les circulaires aux locataires, préparer les réunions de territoire,
- Suivre les sinistres multirisques habitation,
- Apporter un soutien administratif aux Responsables de territoire, à la Directrice Clientèle et innovation et au Directeur de pôle,
- Constituer les dossiers précontentieux contre les auteurs de nuisances, mettre à jour le suivi « trouble de voisinage ».


Formation Bac+2 et/ou expérience équivalente,
Expérience en relation client, secrétariat ou gestion immobilière,
CDI Temps plein,
Statut employé(e), 38h/semaine avec RTT
Poste basé au siège de SEMINOR (Fécamp)
Horaires de journée, du lundi au vendredi.
Rémunération : entre 24 965 euros et 27 000 euros brut annuel sur 13 mois."
117,6882049,Conseiller de vente (H/F),"Description du poste :

Calzedonia est une enseigne spécialisée dans la lingerie féminine, les maillots de bain et le prêt-à-porter, reconnue pour ses collections tendance et son expérience client de qualité. Encadré(e) par la Responsable de magasin, l'alternant(e) est formé(e) au métier de conseiller(ère) de vente et participe pleinement à la vie du point de vente.

Vente & relation client***Accueillir et conseiller la clientèle
* Identifier les besoins et proposer des produits adaptés
* Réaliser des ventes complémentaires
* Fidéliser la clientèle grâce à une expérience d'achat qualitative

Gestion de la caisse***Encaissement des clients
* Gestion des retours et échanges
* Respect des procédures internes

Vie du magasin***Participation à l'ouverture / fermeture du magasin
* Réassort et mise en rayon
* Rangement et tenue irréprochable du point de vente
* Participation à la mise en place du merchandising
* Réception et traitement des livraisons
* Suivi d'indicateurs commerciaux simples

Description du profil :

Diplôme BTS MCO (Management Commercial Opérationnel)

Expérience :
Une première expérience en vente est appréciée mais non indispensable.

Compétences techniques Intérêt pour la lingerie féminine, les maillots de bain et le commerce
* Connaissance des techniques de vente et de fidélisation client
* À l'aise avec la gestion de caisse et les procédures internes

Qualités personnelles Sourire naturel et aisance relationnelle
* Dynamisme et énergie positive
* Envie d'apprendre et de s'investir
* Sens du service client
* Fiabilité (ponctualité, assiduité, sérieux)

Conditions de travail : horaires magasin avec week-ends inclus, forte activité en périodes commerciales (soldes, fêtes, Black Friday), périodes plus calmes dédiées à la formation et à la montée en compétences.

Rémunération & avantages : rémunération selon barème légal de l'alternance, tickets restaurant, primes sur objectifs, dotation tenue professionnelle, mutuelle d'entreprise, prise en charge transport à hauteur de 50% ou parking."
118,6710662,CONSEILLER DE VENTE - VENDEUR (H/F),"Acteur(trice) de la réussite du projet d'habitat de nos clients
Vous mettez à profit votre expertise auprès de nos clients afin de les conseiller et favorisez la coopération avec l'équipe pour apporter la meilleure réponse à leurs besoins et la réussite de leurs projets.
Vous êtes rattaché à l'un des univers du point de vente et vous contribuez à fluidifier et rendre agréable le parcours d'achat de nos clients.
Vous êtes garant(e) de l'approvisionnement et de la qualité de la tenue de votre espace de vente et vous n'hésitez pas à prendre des initiatives au quotidien pour mettre en valeur vos produits et les services.
Vous êtes une Femme ou un Homme doté(e) d'un excellent relationnel vous permettant de concrétiser vos ventes et ainsi contribuer à la performance du magasin.


Passionné(e) par le commerce, la relation client et le travail d'équipe ?
Si vous maîtrisez les différentes techniques de vente et aspirez à intégrer un point de vente mettant le client au centre de ses préoccupations, ne cherchez plus ! Rejoignez notre tribu et offrons ensemble une expérience client exceptionnelle. Chez nous, vos compétences et vos expériences sont valorisées à leur juste mesure.
Prêt(e) à conseiller les clients avec style et expertise ?


Nous sommes une entreprise familiale et privilégions la proximité avec nos clients et nos équipes.
Salaire : 1750-1950
Contrat : CDI
Niveau d'expérience minimum requis : Débutant
Niveau d'études minimum requis : Niveau Bac
Temps de travail : Temps plein
Statut : Non cadre"
119,6943834,Conseiller de vente (H/F),"Description du poste :

L'école de commerce One business School recrute pour l'un de ses partenaires pour le poste de Assistant manager en grande surface en alternance Tu souhaites intégrer un Titre professionnelle dans le domaine du commerce et tu recherches une alternance ? Alors ils n'attendent que toi !

Diplôme ciblé : Titre Professionnel Manager d'Unité Marchande (RNCP32291), de niveau 5. Diplôme national délivré par le Ministère du Travail, du Plein emploi et de l'Insertion ; reconnu sur le marché de l'emploi.

Vos missions Gestion quotidienne du magasin : Assister le manager dans la gestion des opérations quotidiennes, de la réception des produits à leur mise en rayon.
* Encadrement et motivation de l'équipe : Aider à l'animation de l'équipe de vendeurs, en veillant à leur bien-être et leur productivité. Vous serez amené(e) à les encadrer, à les former et à les accompagner au quotidien.
* Gestion de la relation client : Vous serez responsable de la satisfaction client, en assurant un service de qualité et en répondant aux besoins et réclamations des clients.
* Suivi des stocks et des commandes : Participer à la gestion des stocks, organiser les commandes, suivre les produits en rupture et assurer le réapprovisionnement.
* Optimisation des ventes : Participer à l'élaboration des plans d'action pour améliorer les ventes, la présentation des rayons et l'attractivité du magasin.
* Respect des normes : Veiller au respect des procédures internes, des règles d'hygiène et de sécurité, et participer au contrôle des marchandises.

Description du profil :

Votre profil Vous avez une première expérience dans la vente ou le conseil, idéalement en supermarché ou en grande distribution.
* Vous êtes souriant(e), dynamique et aimez le contact avec la clientèle.
* Vous êtes organisé(e), rigoureux(se) et avez un bon esprit d'équipe.
* Une connaissance des produits alimentaires et non alimentaires serait un plus."
120,7569221,Conseiller Relation Clientèle (H/F),"Description du poste :

Nous recherchons pour notre client acteur de la finance publique française, des gestionnaires retraite pour démarrer dès que possible. Ce job se situe à Angers.


Le rythme de travail pour cette mission sera en journée entre 9h00 et 17h00 (pause 12h30 - 13h30 Avantages de la mission Acomptes dès le 1er jour travaillé Une épargne rémunérée à 10 Une prime de 100€ dès 3 mois de placement sur le CET


Vous interviendrez dans le cadre de l'activité du contrôle de service fait. Vos missions seront les suivantes Prendre en charge la relation directe avec les clients affilités, relevant du fonds de retraite sur les différents canaux de communication (téléphone, courrier, courriel Apporter les réponses adaptées à leur situation dans les meilleurs standards de qualité Sur le canal téléphone, vous traitez les demandes d'informations des clients actifs et retraités (y compris les appels liés aux décès) et assurez l'assistance de 1er niveau de ces clients pour leur permettre d'accéder aux services dématérialisés.


Ces tâches constituent l'essentiel de l'activité. D'autres missions en lien avec la liquidation pourront être confiées à l'intérimaire, en cas de besoin.


La rémunération brute sans IFM et indemnités de congé payé est 2723€ / mois.

Description du profil :

Vous avez une expérience sur les outils ETC, SAU et Q13.


Vous avez le goût de la relation client, le sens du service et êtes pleinement impliqué(e) dans la satisfaction client


Vous disposez d'une bonne expression orale


Doté de bonnes capacités d'adaptation et du sens de l'écoute, vous savez apporter une réponse personnalisée à chaque interlocuteur


Vous appréciez le travail en équipe


Vous avez de bonnes capacités rédactionnelles (orthographe, syntaxe)"
