id,rome,metier,intitule,entreprise,departement,lieu,position,contrat,contrat_code,salarie,experience_brute,experience,formation,teletravail,salaire_brut_texte,salaire_unite,salaire_min_annuel,salaire_max_annuel,date_publication,doublon,url
207WKSJ,D1415,Chargé(e) de relation client (CRM),CHARGE DE RELATION CLIENT (H/F),DECEUNINCK SA,80,80 - ROYE,offre,CDI,CDI,True,12 Mois,1 an,Bac+2,False,,,,,2026-05-05,False,https://candidat.francetravail.fr/offres/recherche/detail/207WKSJ
210SQGM,D1415,Chargé(e) de relation client (CRM),Chargé de clientèle (H/F),SHIVA,95,95 - Saint-Leu-la-Forêt,offre,CDI,CDI,True,Débutant accepté,Débutant accepté,,False,Mensuel de 2150.0 Euros sur 12 mois,Mensuel,25800,25800,2026-07-03,True,https://candidat.francetravail.fr/offres/recherche/detail/210SQGM
211KYCT,D1415,Chargé(e) de relation client (CRM),Gestionnaire de dossiers et relations clients (H/F),ALLIANCE TRANSVERSALE,92,92 - Antony,offre,CDD,CDD,True,3 An(s),3 ans,Bac+2,False,Horaire de 13.19 Euros,Horaire,24006,24006,2026-07-20,False,https://candidat.francetravail.fr/offres/recherche/detail/211KYCT
211LFPM,D1415,Chargé(e) de relation client (CRM),RECEPTIONNAIRE APRES-VENTE H/F (H/F),POLMAR,50,50 - Saint-Lô,offre,CDI,CDI,True,1 An(s),1 an,,False,,,,,2026-07-21,False,https://candidat.francetravail.fr/offres/recherche/detail/211LFPM
211SVKG,D1415,Chargé(e) de relation client (CRM),Chargé / Chargée de relation client (H/F),VIPP & PHILIPPE,25,25 - ANTEUIL,offre,CDD,CDD,True,Débutant accepté,Débutant accepté,,False,Mensuel de 1868.0 Euros,Mensuel,22416,22416,2026-07-28,False,https://candidat.francetravail.fr/offres/recherche/detail/211SVKG
212JZMJ,D1415,Chargé(e) de relation client (CRM),Employé technique SAV (H/F),SOCIETE DE DISTRIBUTION DU PAYS DE RETZ,44,44 - REZE,offre,CDI,CDI,True,6 Mois - SAV ou service client,Moins d'un an,Bac,False,Mensuel de 1960.0 Euros,Mensuel,23520,23520,2026-08-12,False,https://candidat.francetravail.fr/offres/recherche/detail/212JZMJ
212KCTL,D1415,Chargé(e) de relation client (CRM),Chargé / Chargée de relation client (H/F),RAMEN TAKARA FRANCE,60,60 - Amblainville,offre,CDI,CDI,True,2 An(s),2 ans,Bac+3/4,False,Mensuel de 2200.0 Euros,Mensuel,26400,26400,2026-08-12,False,https://candidat.francetravail.fr/offres/recherche/detail/212KCTL
212QTWP,D1415,Chargé(e) de relation client (CRM),Conseiller de caisse en grande distribution (H/F),CARREFOUR,79,79 - NIORT,offre,CDD,CDD,True,1 An(s) - Accueil / gestion de caisses,1 an,Bac,False,,,,,2026-08-19,False,https://candidat.francetravail.fr/offres/recherche/detail/212QTWP
212TSZH,D1415,Chargé(e) de relation client (CRM),Chargé(e) d'Expérience Client & Image de Marque (H/F),LAW CLEAN CENTER,78,78 - Poissy,offre,CDI,CDI,True,1 An(s),1 an,,False,Mensuel de 25200.0 Euros à 27600.0 Euros,Mensuel,,,2026-08-22,False,https://candidat.francetravail.fr/offres/recherche/detail/212TSZH
212VRPD,D1415,Chargé(e) de relation client (CRM),Chargé clientèle (H/F),VEOLIA EAU - COMPAGNIE GENERALE DES EAUX,61,61 - Argentan,offre,CDI,CDI,True,2 An(s),2 ans,Bac+2,False,Annuel de 26000.0 Euros à 28000.0 Euros,Annuel,26000,28000,2026-08-24,False,https://candidat.francetravail.fr/offres/recherche/detail/212VRPD
212VWCK,D1415,Chargé(e) de relation client (CRM),Chargé(e) de développement et relation client (H/F),LA RUCHE LOGISTIQUE,21,21 - CREANCEY,offre,CDD,CDD,True,Débutant accepté,Débutant accepté,,False,Mensuel de 1930.59 Euros - Primes variables selon performance,Mensuel,23167,23167,2026-08-24,False,https://candidat.francetravail.fr/offres/recherche/detail/212VWCK
212YZGP,D1415,Chargé(e) de relation client (CRM),Conseiller(e) relation client (H/F),ARVATO ATTON,54,54 - ATTON,offre,CDD,CDD,True,Débutant accepté,Débutant accepté,Bac+2,False,"Mensuel de 2100.0 Euros - Tickets restaurants, intéressement, participation, prime bonus",Mensuel,25200,25200,2026-08-27,False,https://candidat.francetravail.fr/offres/recherche/detail/212YZGP
213BPQS,D1415,Chargé(e) de relation client (CRM),Chargé(e) de Suivi Client H/F (H/F),ANALY CO,92,92 - NANTERRE,offre,CDI,CDI,True,Débutant accepté,Débutant accepté,,False,Annuel de 27000.0 Euros à 32000.0 Euros sur 12 mois,Annuel,27000,32000,2026-08-28,False,https://candidat.francetravail.fr/offres/recherche/detail/213BPQS
213CRYT,D1415,Chargé(e) de relation client (CRM),Chargé / Chargée de relation client,ABC IMMODIAG,44,44 - NANTES,offre,CDI,CDI,True,Débutant accepté,Débutant accepté,,False,Mensuel de 1980.0 Euros - 37h30 hebdomadaires avec jours de RTT,Mensuel,23760,23760,2026-08-31,False,https://candidat.francetravail.fr/offres/recherche/detail/213CRYT
213CSGT,D1415,Chargé(e) de relation client (CRM),Attaché commercial - télévente H/F de nuit (H/F) - RDVAEROMIN,MC GESTION,94,94 - Rungis,offre,CDD,CDD,True,6 Mois,Moins d'un an,,False,,,,,2026-08-31,False,https://candidat.francetravail.fr/offres/recherche/detail/213CSGT
213DGFY,D1415,Chargé(e) de relation client (CRM),Chargé(e) de mise à disposition (H/F),PASSERELLE POUR L EMPLOI,90,90 - VALDOIE,offre,CDD,CDD,True,2 An(s) - En tant que chargé (e) de clientèle,2 ans,Bac+2,False,Mensuel de 1868.0 Euros à 1900.0 Euros sur 12 mois,Mensuel,22416,22800,2026-08-31,False,https://candidat.francetravail.fr/offres/recherche/detail/213DGFY
213DGQM,D1415,Chargé(e) de relation client (CRM),Chargé(e) de visites (H/F),EXIRYS,57,57 - CATTENOM,offre,CDI,CDI,True,1 An(s),1 an,Bac+2,False,Mensuel de 2010.0 Euros à 2011.0 Euros sur 12 mois,Mensuel,24120,24132,2026-08-31,False,https://candidat.francetravail.fr/offres/recherche/detail/213DGQM
213DRFY,D1415,Chargé(e) de relation client (CRM),Responsable Relation Clients (H/F),,93,93 - Bondy,offre,CDI,CDI,True,5 An(s),5 ans,,False,Mensuel de 2500.0 Euros,Mensuel,30000,30000,2026-08-31,False,https://candidat.francetravail.fr/offres/recherche/detail/213DRFY
213GZGM,D1415,Chargé(e) de relation client (CRM),Conseiller(e) clientèle (H/F),GALERIES LAFAYETTE,84,84 - AVIGNON,offre,CDD,CDD,True,1 An(s) - expérience dans l'accueil client,1 an,Bac,False,Horaire de 12.31 Euros,Horaire,22404,22404,2026-09-02,False,https://candidat.francetravail.fr/offres/recherche/detail/213GZGM
213HHTB,D1415,Chargé(e) de relation client (CRM),Conseiller de Vente H/F En Apprentissage (H/F),INSTITUT PARISIEN DE FORMATION,75,75 - PARIS 15,offre,CDD,CDD,True,Débutant accepté,Débutant accepté,Bac,False,,,,,2026-09-02,False,https://candidat.francetravail.fr/offres/recherche/detail/213HHTB
213HNVH,D1415,Chargé(e) de relation client (CRM),Chargé(e) de la Relation Clients CDI temps partiel (H/F),MARTIN-BROWER FRANCE SAS,91,91 - Lisses,offre,CDI,CDI,True,2 An(s),2 ans,Bac+2,False,,,,,2026-09-02,False,https://candidat.francetravail.fr/offres/recherche/detail/213HNVH
213JQVN,D1415,Chargé(e) de relation client (CRM),Chargé de relation client H/F (H/F),READY UP,47,47 - BOE,offre,CDI,CDI,True,Débutant accepté,Débutant accepté,,True,Mensuel de 1868.0 Euros,Mensuel,22416,22416,2026-09-03,False,https://candidat.francetravail.fr/offres/recherche/detail/213JQVN
213JYSM,D1415,Chargé(e) de relation client (CRM),Chargé / Chargée de relation client,ADEQUAT INTERIM,29,29 - Douarnenez,offre,Intérim,MIS,True,1 An(s),1 an,,False,Mensuel de 1867.02 Euros à 2250.0 Euros,Mensuel,22404,27000,2026-09-03,False,https://candidat.francetravail.fr/offres/recherche/detail/213JYSM
213KHWB,D1415,Chargé(e) de relation client (CRM),Chargé(e) de relation clients H/F (H/F),CERELIA,62,62 - SAINT-LAURENT-BLANGY,offre,CDI,CDI,True,3 An(s),3 ans,,True,Annuel de 28000.0 Euros à 34000.0 Euros - 13ème mois,Annuel,28000,34000,2026-09-04,False,https://candidat.francetravail.fr/offres/recherche/detail/213KHWB
213LKZX,D1415,Chargé(e) de relation client (CRM),Chargé de relation clients GC  F/H,ADEQUAT INTERIM,27,27 - Heudebouville,offre,Intérim,MIS,True,2 An(s),2 ans,,False,Mensuel de 2251.0 Euros à 2750.0 Euros,Mensuel,27012,33000,2026-09-04,False,https://candidat.francetravail.fr/offres/recherche/detail/213LKZX
213MKTS,D1415,Chargé(e) de relation client (CRM),Coordinateur après vente (H/F) FORUM MURET 2026,GENERALE AUTOMOBILE MURETAINE,31,31 - MURET,offre,CDI,CDI,True,5 An(s),5 ans,Bac+2,False,Mensuel de 2500.0 Euros à 3000.0 Euros - selon profil ,Mensuel,30000,36000,2026-09-07,False,https://candidat.francetravail.fr/offres/recherche/detail/213MKTS
213MNPD,D1415,Chargé(e) de relation client (CRM),Chargé de clientèle - Coordination / Planification (H/F),INTERTEK FRANCE,69,69 - DARDILLY,offre,CDI,CDI,True,2 An(s),2 ans,,True,Mensuel de 2500.0 Euros à 2550.0 Euros,Mensuel,30000,30600,2026-09-07,False,https://candidat.francetravail.fr/offres/recherche/detail/213MNPD
213MSXJ,D1415,Chargé(e) de relation client (CRM),Chargé de relation client (H/F),SAS LE VIEUX PORT,40,40 - MESSANGES,offre,CDI,CDI,True,2 An(s),2 ans,,False,Mensuel de 2200.0 Euros,Mensuel,26400,26400,2026-09-07,False,https://candidat.francetravail.fr/offres/recherche/detail/213MSXJ
213MYXD,D1415,Chargé(e) de relation client (CRM),Conseiller(ère) Relation Client (H/F),ELIVIE,38,38 - Moirans,offre,CDD,CDD,True,2 An(s),2 ans,,False,Mensuel de 1868.0 Euros,Mensuel,22416,22416,2026-09-07,False,https://candidat.francetravail.fr/offres/recherche/detail/213MYXD
213NCXG,D1415,Chargé(e) de relation client (CRM),RESPONSABLE RELATION CLIENTELE (H/F),FREE AUTO SERVICES SARL,97,972 - Le Lamentin,offre,CDI,CDI,True,1 An(s),1 an,,False,Mensuel de 2500.0 Euros - Primes variable sur objectif,Mensuel,30000,30000,2026-09-07,False,https://candidat.francetravail.fr/offres/recherche/detail/213NCXG
213QCQS,D1415,Chargé(e) de relation client (CRM),CONSEILLER SERVICE APRES VENTE (H/F),CONCESSION OPEL BLOIS,41,41 - BLOIS,offre,CDI,CDI,True,12 Mois,1 an,,False,Mensuel de 2260.0 Euros - Prime mensuelle,Mensuel,27120,27120,2026-09-09,False,https://candidat.francetravail.fr/offres/recherche/detail/213QCQS
213QPTY,D1415,Chargé(e) de relation client (CRM),Chargé(e) relation client - CDD (H/F),LOGISSIA,61,61 - ALENCON,offre,CDD,CDD,True,18 Mois,1 an,,False,Annuel de 24500.0 Euros à 24800.0 Euros,Annuel,24500,24800,2026-09-09,False,https://candidat.francetravail.fr/offres/recherche/detail/213QPTY
213QYDP,D1415,Chargé(e) de relation client (CRM),Chargé(e) de relation client (H/F),SERA,38,38 - Meylan,offre,CDD,CDD,True,3 An(s),3 ans,,True,Mensuel de 2390.0 Euros à 2400.0 Euros,Mensuel,28680,28800,2026-09-09,False,https://candidat.francetravail.fr/offres/recherche/detail/213QYDP
213RGCK,D1415,Chargé(e) de relation client (CRM),Chargé(e) de la relation client bilingue italien (H/F),APIWORK,06,06 - CANNES,offre,CDI,CDI,True,Débutant accepté,Débutant accepté,,False,Mensuel de 2099.0 Euros à 2100.0 Euros,Mensuel,25188,25200,2026-09-10,False,https://candidat.francetravail.fr/offres/recherche/detail/213RGCK
213RZJC,D1415,Chargé(e) de relation client (CRM),Chargé de relation client et de vente (H/F),CERES,77,77 - Tournan-en-Brie,offre,CDI,CDI,True,Débutant accepté,Débutant accepté,,False,Mensuel de 1867.02 Euros,Mensuel,22404,22404,2026-09-10,False,https://candidat.francetravail.fr/offres/recherche/detail/213RZJC
213SDXN,D1415,Chargé(e) de relation client (CRM),Charge de Clientele - Nanterre (H/F),TCS,92,92 - Nanterre,offre,CDI,CDI,True,5 An(s),5 ans,,False,Mensuel de 2260.0 Euros à 2261.0 Euros,Mensuel,27120,27132,2026-09-10,False,https://candidat.francetravail.fr/offres/recherche/detail/213SDXN
213SGDP,D1415,Chargé(e) de relation client (CRM),(73) Chargé/e de Contact Client F/H (H/F),CIMALPES,73,73 - ALBERTVILLE,offre,CDD,CDD,True,2 An(s),2 ans,,False,Mensuel de 2200.0 Euros à 2250.0 Euros,Mensuel,26400,27000,2026-09-10,False,https://candidat.francetravail.fr/offres/recherche/detail/213SGDP
213TBLS,D1415,Chargé(e) de relation client (CRM),Chargé de la relation Client bilingue Anglais (H/F),TEXDECOR,59,59 - WILLEMS,offre,CDI,CDI,True,2 An(s),2 ans,Bac+2,False,,,,,2026-09-11,False,https://candidat.francetravail.fr/offres/recherche/detail/213TBLS
213TBNH,D1415,Chargé(e) de relation client (CRM),Chargé de la relation Client bilingue néerlandais (H/F),TEXDECOR,59,59 - WILLEMS,offre,CDI,CDI,True,2 An(s),2 ans,Bac+2,False,,,,,2026-09-11,False,https://candidat.francetravail.fr/offres/recherche/detail/213TBNH
213TBPH,D1415,Chargé(e) de relation client (CRM),Chargé de la relation Client bilingue Italien (H/F),TEXDECOR,59,59 - WILLEMS,offre,CDD,CDD,True,2 An(s),2 ans,Bac+2,False,,,,,2026-09-11,False,https://candidat.francetravail.fr/offres/recherche/detail/213TBPH
213TCMF,D1415,Chargé(e) de relation client (CRM),Gestionnaire service client H/F (H/F),MESOLIA HABITAT,33,33 - Lormont,offre,CDD,CDD,True,2 An(s),2 ans,,True,,,,,2026-09-11,False,https://candidat.francetravail.fr/offres/recherche/detail/213TCMF
213TKKC,D1415,Chargé(e) de relation client (CRM),Chargé(e) de la Relation Client (H/F),ECOMATELAS,34,34 - SAINT-AUNES,offre,CDD,CDD,True,3 An(s) - Sur même fonction,3 ans,Bac+2,False,Mensuel de 2200.0 Euros à 2300.0 Euros,Mensuel,26400,27600,2026-09-11,False,https://candidat.francetravail.fr/offres/recherche/detail/213TKKC
213TMGY,D1415,Chargé(e) de relation client (CRM),Gestionnaire relation clients (H/F),"IS SOLUTIONS, G+M ELECTRONIQUE FRANCE",94,94 - Boissy-Saint-Léger,offre,CDI,CDI,True,2 An(s),2 ans,Bac+2,False,Mensuel de 2700.0 Euros,Mensuel,32400,32400,2026-09-11,False,https://candidat.francetravail.fr/offres/recherche/detail/213TMGY
213TMSC,D1415,Chargé(e) de relation client (CRM),Guest relation / Guest experience assistant - Maison de Luxe (H/F),FISKA FRANCE,51,51 - REIMS,offre,CDI,CDI,True,2 An(s),2 ans,,False,Horaire de 14.0 Euros,Horaire,25480,25480,2026-09-11,False,https://candidat.francetravail.fr/offres/recherche/detail/213TMSC
213TNYL,D1415,Chargé(e) de relation client (CRM),Conseiller(ère) de vente en bureau de change (H/F),CHANGE GROUP,31,31 - BLAGNAC,offre,CDI,CDI,True,1 An(s) - idéalement en change de devises,1 an,Bac,False,Mensuel de 2040.0 Euros - Mutuelle entreprise,Mensuel,24480,24480,2026-09-11,False,https://candidat.francetravail.fr/offres/recherche/detail/213TNYL
213VMQS,D1415,Chargé(e) de relation client (CRM),Chargé.e de relation client (H/F),,03,03 - Gannat,offre,CDI,CDI,True,2 An(s),2 ans,,False,"Annuel de 30000.0 Euros - 13e mois, tickets restaurant",Annuel,30000,30000,2026-09-14,False,https://candidat.francetravail.fr/offres/recherche/detail/213VMQS
213WFWM,D1415,Chargé(e) de relation client (CRM),Conseiller Service Après-vente (H/F),,97,971 - BAIE MAHAULT,offre,CDI,CDI,True,3 An(s),3 ans,Bac+2,False,,,,,2026-09-14,False,https://candidat.francetravail.fr/offres/recherche/detail/213WFWM
213WJGT,D1415,Chargé(e) de relation client (CRM),CHARGE DE CLIENTELE - Allemand (H/F),LES INTERIMAIRES PROFESSIONNELS TERTIAIR,33,33 - Bordeaux,offre,Intérim,MIS,True,Débutant accepté,Débutant accepté,,False,Horaire de 13.5 Euros,Horaire,24570,24570,2026-09-14,False,https://candidat.francetravail.fr/offres/recherche/detail/213WJGT
213WMRN,D1415,Chargé(e) de relation client (CRM),Gestionnaire Clients (H/F),GROUPE AIM,53,53 - LAVAL,offre,CDI,CDI,True,2 An(s),2 ans,Bac,False,Annuel de 28000.0 Euros à 34000.0 Euros,Annuel,28000,34000,2026-09-15,False,https://candidat.francetravail.fr/offres/recherche/detail/213WMRN
213WNNV,D1415,Chargé(e) de relation client (CRM),Assistant(e) SAV (H/F),AZO,44,44 - VALLET,offre,CDD,CDD,True,1 An(s),1 an,Bac+2,False,,,,,2026-09-15,False,https://candidat.francetravail.fr/offres/recherche/detail/213WNNV
213WNWF,D1415,Chargé(e) de relation client (CRM),Chargé de clientèle (H/F),LES INTERIMAIRES PROFESSIONNELS TERTIAIR,69,69 - Vénissieux,offre,CDD,CDD,True,Débutant accepté,Débutant accepté,,False,Mensuel de 2083.0 Euros,Mensuel,24996,24996,2026-09-15,False,https://candidat.francetravail.fr/offres/recherche/detail/213WNWF
213WPJD,D1415,Chargé(e) de relation client (CRM),Chargé de clientèle H/F,TC 56,56,56 - Pontivy,offre,Intérim,MIS,True,3 An(s),3 ans,,False,,,,,2026-09-15,False,https://candidat.francetravail.fr/offres/recherche/detail/213WPJD
213WRWM,D1415,Chargé(e) de relation client (CRM),Conseiller/Conseillère de relation client (H/F),ILEO,17,17 - DOLUS D OLERON,offre,CDI,CDI,True,Débutant accepté,Débutant accepté,,False,Horaire de 12.31 Euros,Horaire,22404,22404,2026-09-15,False,https://candidat.francetravail.fr/offres/recherche/detail/213WRWM
213XFWD,D1415,Chargé(e) de relation client (CRM),CHARGÉ(E) RELATION CLIENT (H/F),DELZONGLE AQUITAINE,33,33 - PESSAC,offre,CDI,CDI,True,2 An(s),2 ans,Bac+2,False,,,,,2026-09-15,False,https://candidat.francetravail.fr/offres/recherche/detail/213XFWD
213XMVV,D1415,Chargé(e) de relation client (CRM),Chargé de clientèle (H/F),PROMAN MISSIONS EMPLOIS,31,31 - Cazères,offre,Intérim,MIS,True,1 An(s),1 an,,False,Horaire de 12.31 Euros,Horaire,22404,22404,2026-09-15,False,https://candidat.francetravail.fr/offres/recherche/detail/213XMVV
213YCBK,D1415,Chargé(e) de relation client (CRM),Conseiller/e en Assurances Particulier et professionnels H/F,,33,33 - LA REOLE,offre,CDI,CDI,True,Débutant accepté,Débutant accepté,Bac+2,False,Annuel de 28000.0 Euros à 33000.0 Euros,Annuel,28000,33000,2026-09-16,False,https://candidat.francetravail.fr/offres/recherche/detail/213YCBK
213YCQT,D1415,Chargé(e) de relation client (CRM),Assistant Gestion de Plannings et Relation Clients (H/F),PISCINE SERVICE 2A,2A,2A - PORTO-VECCHIO,offre,CDI,CDI,True,24 Mois,2 ans,,False,,,,,2026-09-16,False,https://candidat.francetravail.fr/offres/recherche/detail/213YCQT
213YDVZ,D1415,Chargé(e) de relation client (CRM),DEVENEZ CONSEILLER SERVICE APRÈS-VENTE (H/F),FAURIE AUTO CHATEAUROUX,36,36 - ST MAUR,offre,CDD,CDD,True,Débutant accepté,Débutant accepté,,False,Mensuel de 1867.02 Euros,Mensuel,22404,22404,2026-09-16,False,https://candidat.francetravail.fr/offres/recherche/detail/213YDVZ
213YHNF,D1415,Chargé(e) de relation client (CRM),Conseiller Relation Client (H/F),CRM 71,71,71 - CHALON SUR SAONE,offre,CDD,CDD,True,Débutant accepté,Débutant accepté,,False,,,,,2026-09-16,False,https://candidat.francetravail.fr/offres/recherche/detail/213YHNF
213YLKG,D1415,Chargé(e) de relation client (CRM),Chargé(e) de relation clientèle (H/F),CONDUITE ECO & SECURISEE,35,35 - Cesson-Sévigné,offre,CDI,CDI,True,Débutant accepté,Débutant accepté,,False,Horaire de 12.31 Euros,Horaire,22404,22404,2026-09-16,False,https://candidat.francetravail.fr/offres/recherche/detail/213YLKG
213YLLG,D1415,Chargé(e) de relation client (CRM),Chargé(e) de relation clientèle (H/F),CONDUITE ECO & SECURISEE,35,35 - Saint-Malo,offre,CDI,CDI,True,Débutant accepté,Débutant accepté,,False,Horaire de 12.31 Euros,Horaire,22404,22404,2026-09-16,False,https://candidat.francetravail.fr/offres/recherche/detail/213YLLG
213YLMK,D1415,Chargé(e) de relation client (CRM),Chargé(e) de relation clientèle (H/F),CONDUITE ECO & SECURISEE,44,44 - Saint-Nazaire,offre,CDI,CDI,True,Débutant accepté,Débutant accepté,,False,Horaire de 12.31 Euros,Horaire,22404,22404,2026-09-16,False,https://candidat.francetravail.fr/offres/recherche/detail/213YLMK
213YLMX,D1415,Chargé(e) de relation client (CRM),Chargé(e) de relation clientèle (H/F),CONDUITE ECO & SECURISEE,44,44 - Saint-Herblain,offre,CDI,CDI,True,Débutant accepté,Débutant accepté,,False,Horaire de 12.31 Euros,Horaire,22404,22404,2026-09-16,False,https://candidat.francetravail.fr/offres/recherche/detail/213YLMX
213YLNQ,D1415,Chargé(e) de relation client (CRM),Chargé(e) de relation clientèle (H/F),CONDUITE ECO & SECURISEE,29,29 - Brest,offre,CDI,CDI,True,Débutant accepté,Débutant accepté,,False,Horaire de 12.31 Euros,Horaire,22404,22404,2026-09-16,False,https://candidat.francetravail.fr/offres/recherche/detail/213YLNQ
213YLNT,D1415,Chargé(e) de relation client (CRM),Chargé(e) de relation clientèle (H/F),CONDUITE ECO & SECURISEE,22,22 - Plérin,offre,CDI,CDI,True,Débutant accepté,Débutant accepté,,False,Horaire de 12.31 Euros,Horaire,22404,22404,2026-09-16,False,https://candidat.francetravail.fr/offres/recherche/detail/213YLNT
213YLPG,D1415,Chargé(e) de relation client (CRM),Chargé(e) de relation clientèle (H/F),CONDUITE ECO & SECURISEE,60,60 - Creil,offre,CDI,CDI,True,Débutant accepté,Débutant accepté,,False,Horaire de 12.31 Euros,Horaire,22404,22404,2026-09-16,False,https://candidat.francetravail.fr/offres/recherche/detail/213YLPG
213YLPZ,D1415,Chargé(e) de relation client (CRM),Chargé(e) de relation clientèle (H/F),CONDUITE ECO & SECURISEE,95,95 - Éragny-sur-Oise,offre,CDI,CDI,True,Débutant accepté,Débutant accepté,,False,Horaire de 12.31 Euros,Horaire,22404,22404,2026-09-16,False,https://candidat.francetravail.fr/offres/recherche/detail/213YLPZ
213YNMC,D1415,Chargé(e) de relation client (CRM),Chargé de Clientèle Espagnole (H/F),EMALEC,69,69 - SAINT-GENIS-LES-OLLIERES,offre,CDI,CDI,True,Débutant accepté,Débutant accepté,,False,Mensuel de 2300.0 Euros à 2400.0 Euros,Mensuel,27600,28800,2026-09-16,False,https://candidat.francetravail.fr/offres/recherche/detail/213YNMC
213YSTP,D1415,Chargé(e) de relation client (CRM),GESTIONNAIRE ADMINISTRATIF Service Relation Client (H/F),DISTRIB PROD AGRICOL MAGALLON,84,84 - LE PONTET,offre,CDI,CDI,True,Débutant accepté,Débutant accepté,,False,Mensuel de 2109.0 Euros,Mensuel,25308,25308,2026-09-16,False,https://candidat.francetravail.fr/offres/recherche/detail/213YSTP
213YSWD,D1415,Chargé(e) de relation client (CRM),GESTIONNAIRE ADMINISTRATIF(VE) Service Relation Client (H/F),DISTRIB PROD AGRICOL MAGALLON,84,84 - LE PONTET,offre,CDI,CDI,True,6 Mois,Moins d'un an,,False,Mensuel de 2109.0 Euros,Mensuel,25308,25308,2026-09-16,False,https://candidat.francetravail.fr/offres/recherche/detail/213YSWD
213ZJCZ,D1415,Chargé(e) de relation client (CRM),Opérateur de Call center H/F (H/F),,85,85 - LA ROCHE SUR YON,offre,CDI,CDI,True,6 Mois,Moins d'un an,,False,Mensuel de 1867.02 Euros à 1880.0 Euros,Mensuel,22404,22560,2026-09-17,False,https://candidat.francetravail.fr/offres/recherche/detail/213ZJCZ
213ZKKQ,D1415,Chargé(e) de relation client (CRM),Attaché commercial (H/F),APF FRANCE HANDICAP,34,34 - PEROLS,offre,CDD,CDD,True,6 Mois - ATTACHE COMMERCIAL,Moins d'un an,Bac,False,Annuel de 26000.0 Euros à 27000.0 Euros,Annuel,26000,27000,2026-09-17,False,https://candidat.francetravail.fr/offres/recherche/detail/213ZKKQ
213ZLFC,D1415,Chargé(e) de relation client (CRM),Chargé de Clientèle (H/F),LES INTERIMAIRES PROFESSIONNELS TERTIAIR,13,13 - Aix-en-Provence,offre,Intérim,MIS,True,2 An(s),2 ans,,False,Mensuel de 2300.0 Euros,Mensuel,27600,27600,2026-09-17,False,https://candidat.francetravail.fr/offres/recherche/detail/213ZLFC
213ZQBL,D1415,Chargé(e) de relation client (CRM),Chargé de relation consommateurs (H/F),PLAYMOBIL FRANCE SARL,91,91 - LISSES,offre,CDI,CDI,True,5 An(s),5 ans,,True,Annuel de 31000.0 Euros à 36000.0 Euros - Primes sur objectifs,Annuel,31000,36000,2026-09-17,False,https://candidat.francetravail.fr/offres/recherche/detail/213ZQBL
213ZRXZ,D1415,Chargé(e) de relation client (CRM),EMPLOYE - CONTACT CLIENTS (H/F),EVS INTERIM,93,93 - NOISY LE SEC,offre,Intérim,MIS,True,2 An(s),2 ans,Bac,False,Horaire de 12.64 Euros à 12.65 Euros,Horaire,23005,23023,2026-09-17,False,https://candidat.francetravail.fr/offres/recherche/detail/213ZRXZ
213ZVCH,D1415,Chargé(e) de relation client (CRM),Chargé de clientèle SAV (H/F),,35,35 - LE RHEU,offre,CDI,CDI,True,1 An(s),1 an,Bac,False,Mensuel de 2100.0 Euros - Prime trimestrielle,Mensuel,25200,25200,2026-09-17,False,https://candidat.francetravail.fr/offres/recherche/detail/213ZVCH
213ZYYJ,D1415,Chargé(e) de relation client (CRM),Chargé de clientèle (H/F),SHIVA,75,75 - Paris 14e Arrondissement,offre,CDI,CDI,True,Débutant accepté,Débutant accepté,,False,Mensuel de 2250.0 Euros - + variable mensuelle,Mensuel,27000,27000,2026-09-17,False,https://candidat.francetravail.fr/offres/recherche/detail/213ZYYJ
214BFKB,D1415,Chargé(e) de relation client (CRM),Chargé(e) de relation clients (H/F),GROUPE BATISANTE,93,93 - Neuilly-Plaisance,offre,CDD,CDD,True,Débutant accepté,Débutant accepté,Bac+2,True,,,,,2026-09-17,False,https://candidat.francetravail.fr/offres/recherche/detail/214BFKB
214BHKC,D1415,Chargé(e) de relation client (CRM),Chargé de relation patient - Le Chesnay Rocquencourt (H/F),JUSSIEU Secours,78,78 - LE CHESNAY ROCQUENCOURT,offre,CDD,CDD,True,6 Mois,Moins d'un an,,False,,,,,2026-09-17,False,https://candidat.francetravail.fr/offres/recherche/detail/214BHKC
214BPMD,D1415,Chargé(e) de relation client (CRM),Chargé / Chargée de relation client (H/F),PREMIDIRECT,54,54 - GONDREVILLE,offre,CDI,CDI,True,Débutant accepté,Débutant accepté,< Bac,True,Mensuel de 1867.02 Euros - Primes,Mensuel,22404,22404,2026-09-18,False,https://candidat.francetravail.fr/offres/recherche/detail/214BPMD
214CCBG,D1415,Chargé(e) de relation client (CRM),Chargé(e) de relation client H/F (H/F),MESOLIA HABITAT,33,33 - Lormont,offre,CDD,CDD,True,2 An(s),2 ans,,False,,,,,2026-09-18,False,https://candidat.francetravail.fr/offres/recherche/detail/214CCBG
214CFDV,D1415,Chargé(e) de relation client (CRM),Devenez Conseiller service après-vente (H/F),FAURIE AUTO MALEMORT,19,19 - MALEMORT,offre,CDD,CDD,True,Débutant accepté,Débutant accepté,,False,,,,,2026-09-18,False,https://candidat.francetravail.fr/offres/recherche/detail/214CFDV
214CHBD,D1415,Chargé(e) de relation client (CRM),Réceptionnaire après-vente (H/F),VOLVO TRUCK CENTER PROVENCE,33,33 - Bruges,offre,CDD,CDD,True,2 An(s),2 ans,,False,,,,,2026-09-18,False,https://candidat.francetravail.fr/offres/recherche/detail/214CHBD
214CKDY,D1415,Chargé(e) de relation client (CRM),CDD (2 mois) - Conseiller.ère clientèle: Enquête SLS (H/F),,34,34 - Montpellier,offre,CDD,CDD,True,1 An(s),1 an,Bac+2,False,Mensuel de 2054.85 Euros - 13ème mois + avantages sociaux,Mensuel,24658,24658,2026-09-18,False,https://candidat.francetravail.fr/offres/recherche/detail/214CKDY
214CLMK,D1415,Chargé(e) de relation client (CRM),Chargé de Relation Client (H/F),KISIO SERVICES & CONSULTING,37,37 - Joué-lès-Tours,offre,CDI,CDI,True,2 An(s),2 ans,,False,Mensuel de 1870.0 Euros,Mensuel,22440,22440,2026-09-18,False,https://candidat.francetravail.fr/offres/recherche/detail/214CLMK
214CLTJ,D1415,Chargé(e) de relation client (CRM),Chargé de clientèle (H/F),SHIVA,95,95 - Saint-Leu-la-Forêt,offre,CDI,CDI,True,Débutant accepté,Débutant accepté,,False,Mensuel de 2150.0 Euros - + variable mensuelle,Mensuel,25800,25800,2026-09-18,False,https://candidat.francetravail.fr/offres/recherche/detail/214CLTJ
214CLVG,D1415,Chargé(e) de relation client (CRM),Chargé de clientele (H/F),SHIVA,02,02 - Chauny,offre,CDI,CDI,True,Débutant accepté,Débutant accepté,,False,Mensuel de 2150.0 Euros - + variable mensuelle,Mensuel,25800,25800,2026-09-18,False,https://candidat.francetravail.fr/offres/recherche/detail/214CLVG
214CXZG,D1415,Chargé(e) de relation client (CRM),Responsable de visites (H/F),CHOCOLATERIE DE BEUSSENT LACHELLE,62,62 - BEUSSENT,offre,CDI,CDI,True,6 Mois,Moins d'un an,,False,,,,,2026-09-21,False,https://candidat.francetravail.fr/offres/recherche/detail/214CXZG
214DBRQ,D1415,Chargé(e) de relation client (CRM),CHARGE DE CLIENTELE (H/F),BATIGERE HABITAT,93,93 - Neuilly-Plaisance,offre,CDI,CDI,True,2 An(s),2 ans,,False,Annuel de 31000.0 Euros à 36000.0 Euros - Prime d'intéressement + performance,Annuel,31000,36000,2026-09-21,False,https://candidat.francetravail.fr/offres/recherche/detail/214DBRQ
214DHQK,D1415,Chargé(e) de relation client (CRM),Chargé(e) de relation client et proximité (H/F),SOCIETE ANONYME D'ECONOMIE MIXTE IMMOBIL,76,76 - FECAMP,offre,CDI,CDI,True,1 An(s),1 an,Bac+2,False,Annuel de 24965.0 Euros à 27000.0 Euros - brut sur 13 mois,Annuel,24965,27000,2026-09-21,False,https://candidat.francetravail.fr/offres/recherche/detail/214DHQK
214DKVM,D1415,Chargé(e) de relation client (CRM),Conseiler(ère) Clientèle (H/F),AFB SHOP,69,69 - LYON 03,offre,CDI,CDI,True,6 Mois,Moins d'un an,,False,Mensuel de 1867.02 Euros - + prime mensuelle de 50€ selon objectifs,Mensuel,22404,22404,2026-09-21,False,https://candidat.francetravail.fr/offres/recherche/detail/214DKVM
214DXHC,D1415,Chargé(e) de relation client (CRM),Chargé(e) de la relation client et des moyens généraux (H/F),LOSANGE,67,67 - ENTZHEIM,offre,CDD,CDD,True,2 An(s),2 ans,Bac+2,False,Mensuel de 2300.0 Euros à 2600.0 Euros - +10% de variable sur l'atteinte d'objectifs,Mensuel,27600,31200,2026-09-21,False,https://candidat.francetravail.fr/offres/recherche/detail/214DXHC
214FTSZ,D1415,Chargé(e) de relation client (CRM),Chargé(e) de relations avec les publics (H/F),,66,66 - PERPIGNAN,offre,CDD,CDD,True,2 An(s),2 ans,Bac+2,False,,,,,2026-09-22,False,https://candidat.francetravail.fr/offres/recherche/detail/214FTSZ
214GWQR,D1415,Chargé(e) de relation client (CRM),Chargé(e) de Relations Donateurs & Marketing Digital (H/F),ALERYS,75,75 - Paris 20e Arrondissement,offre,CDI,CDI,True,5 An(s),5 ans,,False,Annuel de 40000.0 Euros,Annuel,40000,40000,2026-09-23,False,https://candidat.francetravail.fr/offres/recherche/detail/214GWQR
214GXYF,D1415,Chargé(e) de relation client (CRM),Technicien Conseil Promotion (H/F),CCAS ACTIVITES SOCIALES ELEC/GAZ,80,80 - Amiens,offre,CDD,CDD,True,Débutant accepté,Débutant accepté,Bac+2,False,Mensuel de 1919.77 Euros - prime PEPPA + participation 13 ème mois + participation ANGE + MUTUELLE entreprise,Mensuel,23037,23037,2026-09-23,False,https://candidat.francetravail.fr/offres/recherche/detail/214GXYF
214GXYW,D1415,Chargé(e) de relation client (CRM),CONSEILLER(E) RELATION CLIENT (H/F),CAPACTUEL TRAVAIL TEMPORAIRE,64,64 - PAU,offre,Intérim,MIS,True,6 Mois,Moins d'un an,Bac+2,False,Horaire de 12.31 Euros - primes,Horaire,22404,22404,2026-09-23,False,https://candidat.francetravail.fr/offres/recherche/detail/214GXYW
214GYGL,D1415,Chargé(e) de relation client (CRM),Technicien Conseil Promotion (H/F),CCAS ACTIVITES SOCIALES ELEC/GAZ,59,59 - Wasquehal,offre,CDD,CDD,True,Débutant accepté,Débutant accepté,Bac+2,False,Mensuel de 1912.1 Euros - prime PEPPA + participation 13 ème mois + participation ANGE + MUTUELLE entreprise,Mensuel,22945,22945,2026-09-23,False,https://candidat.francetravail.fr/offres/recherche/detail/214GYGL
214HJJB,D1415,Chargé(e) de relation client (CRM),Chargé(e) de Relation Client (H/F),STAND UP FORMATION,97,974 - Saint-Paul,offre,CDD,CDD,True,Débutant accepté,Débutant accepté,,False,,,,,2026-09-23,False,https://candidat.francetravail.fr/offres/recherche/detail/214HJJB
214HQRP,D1415,Chargé(e) de relation client (CRM),Conseiller relation clients ( H/F) (H/F),CMA BFC,21,21 - Dijon,offre,CDD,CDD,True,12 Mois,1 an,,False,Mensuel de 2072.0 Euros - 13 ème mois,Mensuel,24864,24864,2026-09-23,False,https://candidat.francetravail.fr/offres/recherche/detail/214HQRP
214HRGL,D1415,Chargé(e) de relation client (CRM),Chargé de relation client - secteur musical (H/F),WOODBRASS.COM,44,44 - THOUARE SUR LOIRE,offre,CDI,CDI,True,Débutant accepté,Débutant accepté,,True,Mensuel de 2080.39 Euros - Salaire fixe 39 heures : 2000 € brut + commissions,Mensuel,24965,24965,2026-09-23,False,https://candidat.francetravail.fr/offres/recherche/detail/214HRGL
214JCNK,D1415,Chargé(e) de relation client (CRM),Chargé de clientèle H/F (H/F),ELEXIA,75,75 - PARIS 08,offre,CDI,CDI,True,Débutant accepté,Débutant accepté,,False,Mensuel de 1867.02 Euros,Mensuel,22404,22404,2026-09-24,False,https://candidat.francetravail.fr/offres/recherche/detail/214JCNK
214JGHK,D1415,Chargé(e) de relation client (CRM),Chargé / Chargée de relation client,L'entrepôt Du Bricolage,38,38 - Échirolles,offre,CDI,CDI,True,1 An(s) - En technique de vente,1 an,,False,Mensuel de 1975.0 Euros à 2200.0 Euros - Possibilité de 2 jours de télétravail,Mensuel,23700,26400,2026-09-24,False,https://candidat.francetravail.fr/offres/recherche/detail/214JGHK
214JNHN,D1415,Chargé(e) de relation client (CRM),Conseiller(ère) Relation Client (H/F),ELIVIE,44,44 - Saint-Herblain,offre,CDI,CDI,True,2 An(s),2 ans,,False,Mensuel de 1867.02 Euros,Mensuel,22404,22404,2026-09-24,False,https://candidat.francetravail.fr/offres/recherche/detail/214JNHN
214JQKT,D1415,Chargé(e) de relation client (CRM),Responsable de Service relations clients (H/F),ALVI RECRUTEMENT,57,57 - Metz,offre,CDI,CDI,True,5 An(s),5 ans,,False,Annuel de 30000.0 Euros à 40000.0 Euros - Fixe selon profil et expérience + intéressement et participation + autres avantages,Annuel,30000,40000,2026-09-24,False,https://candidat.francetravail.fr/offres/recherche/detail/214JQKT
214JQMZ,D1415,Chargé(e) de relation client (CRM),Conseiller(ère) Relation Client (H/F),ELIVIE,44,44 - Saint-Herblain,offre,CDD,CDD,True,2 An(s),2 ans,,False,Mensuel de 1867.02 Euros,Mensuel,22404,22404,2026-09-24,True,https://candidat.francetravail.fr/offres/recherche/detail/214JQMZ
214JRHF,D1415,Chargé(e) de relation client (CRM),Chargé(e) de clientele (H/F),,92,92 - PUTEAUX,offre,CDI,CDI,True,5 An(s),5 ans,,False,Annuel de 32000.0 Euros à 34000.0 Euros,Annuel,32000,34000,2026-09-24,False,https://candidat.francetravail.fr/offres/recherche/detail/214JRHF
214JTZX,D1415,Chargé(e) de relation client (CRM),Chargé de relation client en hôtellerie (H/F),SOCIETE HOTELIERE BERNICA LA REUNION,97,974 - Saint-Paul,offre,CDI,CDI,True,2 An(s),2 ans,,False,Mensuel de 2288.26 Euros - Prime de nettoyage et indemnité nourriture en sus,Mensuel,27459,27459,2026-09-24,False,https://candidat.francetravail.fr/offres/recherche/detail/214JTZX
214JVRR,D1415,Chargé(e) de relation client (CRM),CHARGÉ / CHARGÉE DE RELATION CLIENTÈLE PRÊTEUR F/H - DR PACA,CAISSE DES DEPOTS ET CONSIGNATIONS,13,13 - Marseille 1er Arrondissement,offre,CDI,CDI,True,3 An(s),3 ans,,False,,,,,2026-09-24,False,https://candidat.francetravail.fr/offres/recherche/detail/214JVRR
214JXTL,D1415,Chargé(e) de relation client (CRM),Réceptionnaire après-vente automobile (H/F),LES INTERIMAIRES PROFESSIONNELS TERTIAIR,30,30 - Nîmes,offre,CDI,CDI,True,2 An(s),2 ans,,False,Mensuel de 2400.0 Euros,Mensuel,28800,28800,2026-09-24,False,https://candidat.francetravail.fr/offres/recherche/detail/214JXTL
214KGNS,D1415,Chargé(e) de relation client (CRM),Conseiller(ère) Relation Adhérents (H/F),KALATEA,69,69 - Oullins-Pierre-Bénite,offre,CDD,CDD,True,3 An(s),3 ans,Bac+2,False,Mensuel de 2091.0 Euros à 2175.0 Euros,Mensuel,25092,26100,2026-09-25,False,https://candidat.francetravail.fr/offres/recherche/detail/214KGNS
214KGPN,D1415,Chargé(e) de relation client (CRM),Chargé de clientèle (H/F),SHIVA,75,75 - Paris 9e Arrondissement,offre,CDI,CDI,True,Débutant accepté,Débutant accepté,,False,Mensuel de 2250.0 Euros - + variable mensuelle,Mensuel,27000,27000,2026-09-25,False,https://candidat.francetravail.fr/offres/recherche/detail/214KGPN
214KGQF,D1415,Chargé(e) de relation client (CRM),Chargé de clientèle (H/F),SHIVA,27,27 - Gisors,offre,CDI,CDI,True,1 An(s),1 an,,False,Mensuel de 2150.0 Euros - + variable mensuelle,Mensuel,25800,25800,2026-09-25,False,https://candidat.francetravail.fr/offres/recherche/detail/214KGQF
214KYRR,D1415,Chargé(e) de relation client (CRM),Secrétaire Centre de Relation Client (Job étudiant) (H/F),AMAELLES,42,42 - Saint-Étienne,offre,CDD,CDD,True,Débutant accepté,Débutant accepté,,False,,,,,2026-09-25,False,https://candidat.francetravail.fr/offres/recherche/detail/214KYRR
214LBVK,D1415,Chargé(e) de relation client (CRM),Chargé relation client / planification (H/F),LES INTERIMAIRES PROFESSIONNELS TERTIAIR,34,34 - Montpellier,offre,CDI,CDI,True,2 An(s),2 ans,,False,Annuel de 24000.0 Euros,Annuel,24000,24000,2026-09-25,False,https://candidat.francetravail.fr/offres/recherche/detail/214LBVK
214LCQZ,D1415,Chargé(e) de relation client (CRM),Responsable de service télévente (H/F),R H PERFORMANCES,84,84 - AVIGNON,offre,CDI,CDI,True,3 An(s),3 ans,,False,Annuel de 35230.0 Euros à 39630.0 Euros,Annuel,35230,39630,2026-09-25,False,https://candidat.francetravail.fr/offres/recherche/detail/214LCQZ
214LCXN,D1415,Chargé(e) de relation client (CRM),Chargé(e) de relation client pour nos clients professionnels (H/F),CASTORAMA,78,78 - CHAMBOURCY,offre,CDI,CDI,True,2 An(s),2 ans,,False,"Mensuel de 1900.0 Euros à 1950.0 Euros - Primes d'été et d'hiver, intéressement trimestriel, participation.",Mensuel,22800,23400,2026-09-25,False,https://candidat.francetravail.fr/offres/recherche/detail/214LCXN
214LXZG,D1415,Chargé(e) de relation client (CRM),Chargé de relation clients international (H/F),HEPPNER SOCIETE DE TRANSPORTS,67,67 - HOERDT,offre,CDD,CDD,True,4 Mois,Moins d'un an,Bac+2,False,,,,,2026-09-28,False,https://candidat.francetravail.fr/offres/recherche/detail/214LXZG
214LYXK,D1415,Chargé(e) de relation client (CRM),Chargé de relation client et développement commercial (H/F),SAVOIE HELICOPTERES,74,74 - MARNAZ,offre,Saisonnier,SAI,True,1 An(s),1 an,,False,Mensuel de 2200.0 Euros à 2400.0 Euros - 13èmes mois,Mensuel,26400,28800,2026-09-28,False,https://candidat.francetravail.fr/offres/recherche/detail/214LYXK
214LZZX,D1415,Chargé(e) de relation client (CRM),Chargé de clientèle h/f (H/F),AU RELAIS DES FAMILLES,41,41 - VENDOME,offre,CDI,CDI,True,2 An(s),2 ans,Bac+2,False,Mensuel de 2300.0 Euros à 2450.0 Euros - Selon expérience,Mensuel,27600,29400,2026-09-28,False,https://candidat.francetravail.fr/offres/recherche/detail/214LZZX
214MLVW,D1415,Chargé(e) de relation client (CRM),Chargé de relation client (H/F),POTENTIEL HUMAIN,34,34 - MONTPELLIER,offre,Intérim,MIS,True,2 An(s),2 ans,,False,Annuel de 25500.0 Euros,Annuel,25500,25500,2026-09-28,False,https://candidat.francetravail.fr/offres/recherche/detail/214MLVW
214MNBV,D1415,Chargé(e) de relation client (CRM),Conseiller relation client H/F (H/F),CAISSE COMMUNE DE SECURITE SOCIALE DE CR,23,23 - GUERET,offre,CDI,CDI,True,Débutant accepté,Débutant accepté,Bac+2,False,"Mensuel de 2080.39 Euros - Niveau 3 de la grille des employés et cadres de la CCNT du 8 février 1957 du personnel des organismes de sécurité sociale soit 1919 € brut sur 14 mois,",Mensuel,24965,24965,2026-09-28,False,https://candidat.francetravail.fr/offres/recherche/detail/214MNBV
214MSLV,D1415,Chargé(e) de relation client (CRM),Un Conseiller Client en réception d'appels (H/F),CAPACTUEL TRAVAIL TEMPORAIRE,33,33 - BORDEAUX,offre,Intérim,MIS,True,Débutant accepté,Débutant accepté,,False,Horaire de 12.31 Euros,Horaire,22404,22404,2026-09-28,False,https://candidat.francetravail.fr/offres/recherche/detail/214MSLV
214NBLW,D1415,Chargé(e) de relation client (CRM),Chargé de service Après-vente (H/F),PROFILIA,95,95 - ST OUEN L AUMONE,offre,Intérim,MIS,True,Débutant accepté,Débutant accepté,,False,Horaire de 14.0 Euros à 15.0 Euros,Horaire,25480,27300,2026-09-29,False,https://candidat.francetravail.fr/offres/recherche/detail/214NBLW
214NCMT,D1415,Chargé(e) de relation client (CRM),Chargé de relation client sénior F/H,ENEDIS,54,54 - Villers-lès-Nancy,offre,CDI,CDI,True,2 An(s),2 ans,,True,Annuel de 27800.0 Euros à 29300.0 Euros,Annuel,27800,29300,2026-09-29,False,https://candidat.francetravail.fr/offres/recherche/detail/214NCMT
214NDMZ,D1415,Chargé(e) de relation client (CRM),Chargé / Chargée de relation client,,62,62 - LENS,offre,CDD,CDD,True,Débutant accepté,Débutant accepté,,False,Mensuel de 1966.66 Euros,Mensuel,23600,23600,2026-09-29,False,https://candidat.francetravail.fr/offres/recherche/detail/214NDMZ
214NDNV,D1415,Chargé(e) de relation client (CRM),Chargé / Chargée de clientèle (H/F),GE 64,64,64 - ANGLET,offre,CDD,CDD,True,2 An(s),2 ans,,False,Mensuel de 1867.02 Euros - 13EME MOIS + TICKET RESTAURANT,Mensuel,22404,22404,2026-09-29,False,https://candidat.francetravail.fr/offres/recherche/detail/214NDNV
214NJRZ,D1415,Chargé(e) de relation client (CRM),Téléconseiller SAV Habitat H/F (H/F),COMEARTH,62,62 - Libercourt,offre,CDI,CDI,True,1 An(s),1 an,,False,Mensuel de 1870.0 Euros à 2000.0 Euros,Mensuel,22440,24000,2026-09-29,False,https://candidat.francetravail.fr/offres/recherche/detail/214NJRZ
3442615,D1415,Chargé(e) de relation client (CRM),Reprographe (H/F),,95,95 - Bonneuil-en-France,commune,CDI,CDI,True,Débutant accepté,Débutant accepté,,False,Annuel de 20000.0 Euros à 25000.0 Euros,Annuel,20000,25000,2026-06-04,False,https://candidat.francetravail.fr/offres/recherche/detail/3442615
3442985,D1415,Chargé(e) de relation client (CRM),Reprographe (H/F),,94,94 - Villiers-sur-Marne,commune,CDI,CDI,True,Débutant accepté,Débutant accepté,,False,Annuel de 20000.0 Euros à 25000.0 Euros,Annuel,20000,25000,2026-06-04,False,https://candidat.francetravail.fr/offres/recherche/detail/3442985
3953502,D1415,Chargé(e) de relation client (CRM),Chargé / Chargée de relation client (H/F),,29,29 - Brest,commune,CDD,CDD,True,Débutant accepté,Débutant accepté,,False,,,,,2026-06-18,False,https://candidat.francetravail.fr/offres/recherche/detail/3953502
3953523,D1415,Chargé(e) de relation client (CRM),Chargé / Chargée de relation client (H/F),,81,81 - Gaillac,commune,CDD,CDD,True,Débutant accepté,Débutant accepté,,False,,,,,2026-06-18,False,https://candidat.francetravail.fr/offres/recherche/detail/3953523
3953545,D1415,Chargé(e) de relation client (CRM),Chargé / Chargée de relation client (H/F),,33,33 - Haillan,commune,CDI,CDI,True,Débutant accepté,Débutant accepté,,False,,,,,2026-06-18,False,https://candidat.francetravail.fr/offres/recherche/detail/3953545
4525753,D1415,Chargé(e) de relation client (CRM),Conseiller client après vente H/F,Temporis Metz,57,57 - Metz,offre,CDI,CDI,True,2 An(s),2 ans,,False,,,,,2026-07-03,False,https://candidat.francetravail.fr/offres/recherche/detail/4525753
4528373,D1415,Chargé(e) de relation client (CRM),Chargé / Chargée de relation client (H/F),,81,81 - Albi,commune,CDI,CDI,True,Débutant accepté,Débutant accepté,,False,,,,,2026-07-03,False,https://candidat.francetravail.fr/offres/recherche/detail/4528373
4590618,D1415,Chargé(e) de relation client (CRM),Chargé de clientèle automobile en CDI H/F,Temporis Experts & Cadres Vannes,56,56 - Vannes,offre,CDI,CDI,True,2 An(s),2 ans,,False,,,,,2026-07-06,False,https://candidat.francetravail.fr/offres/recherche/detail/4590618
4590786,D1415,Chargé(e) de relation client (CRM),Chargé de développement commercial sédentaire F/H CDI H/F,Temporis Fougères,35,35 - Fougères,offre,CDI,CDI,True,2 An(s),2 ans,,True,,,,,2026-07-06,False,https://candidat.francetravail.fr/offres/recherche/detail/4590786
4592264,D1415,Chargé(e) de relation client (CRM),Chargé de call center H/F,Temporis Fréjus,83,83 - Fréjus,offre,Intérim,MIS,True,2 An(s),2 ans,,False,,,,,2026-07-06,False,https://candidat.francetravail.fr/offres/recherche/detail/4592264
4656846,D1415,Chargé(e) de relation client (CRM),Conseiller de vente (H/F),,16,16 - Cognac,offre,CDD,CDD,True,Débutant accepté,Débutant accepté,Bac,False,Annuel de 486.0 Euros à 1801.0 Euros,Annuel,,,2026-07-07,False,https://candidat.francetravail.fr/offres/recherche/detail/4656846
4710970,D1415,Chargé(e) de relation client (CRM),Assistant administratif BTP et suivi de chantiers (H/F),FAYAT ENERGIE SERVICES,92,92 - Nanterre,commune,CDI,CDI,True,3 An(s),3 ans,,False,,,,,2026-07-09,False,https://candidat.francetravail.fr/offres/recherche/detail/4710970
4786806,D1415,Chargé(e) de relation client (CRM),Manager Relation Client F/H (H/F),,59,59 - Valenciennes,offre,CDI,CDI,True,Débutant accepté,Débutant accepté,,False,,,,,2026-07-10,False,https://candidat.francetravail.fr/offres/recherche/detail/4786806
5016027,D1415,Chargé(e) de relation client (CRM),Conseiller de vente (H/F),,77,77 - Saint-Mard,commune,CDD,CDD,True,Débutant accepté,Débutant accepté,,False,Annuel de 480.0 Euros à 1801.0 Euros,Annuel,,,2026-07-16,False,https://candidat.francetravail.fr/offres/recherche/detail/5016027
5040027,D1415,Chargé(e) de relation client (CRM),Un.e Chargé(e) de la relation client H/F,,93,93 - Noisy-le-Sec,offre,CDI,CDI,True,Débutant accepté,Débutant accepté,,False,,,,,2026-07-16,False,https://candidat.francetravail.fr/offres/recherche/detail/5040027
5184876,D1415,Chargé(e) de relation client (CRM),Responsable de Secteur Services aux Entreprises (H/F),SARL MAISON & SERVICES Rive gauche,39,39 - Dole,commune,CDI,CDI,True,Débutant accepté,Débutant accepté,,False,Mensuel de 1764.0 Euros à 2205.0 Euros,Mensuel,21168,26460,2026-07-21,False,https://candidat.francetravail.fr/offres/recherche/detail/5184876
5355183,D1415,Chargé(e) de relation client (CRM),Reprographe (H/F),,95,95 - Herblay-sur-Seine,commune,CDI,CDI,True,Débutant accepté,Débutant accepté,,False,Annuel de 20000.0 Euros à 25000.0 Euros,Annuel,20000,25000,2026-07-23,False,https://candidat.francetravail.fr/offres/recherche/detail/5355183
5357880,D1415,Chargé(e) de relation client (CRM),Conseiller client (H/F),LE CABRH,13,13 - Aubagne,offre,CDI,CDI,True,1 An(s),1 an,Bac+3/4,True,,,,,2026-07-23,False,https://candidat.francetravail.fr/offres/recherche/detail/5357880
5486667,D1415,Chargé(e) de relation client (CRM),Chargé / Chargée de relation client (H/F),,29,29 - Châteaulin,commune,CDD,CDD,True,Débutant accepté,Débutant accepté,,False,,,,,2026-07-27,False,https://candidat.francetravail.fr/offres/recherche/detail/5486667
5629728,D1415,Chargé(e) de relation client (CRM),CBA Informatique Libérale - Chargé / Chargée de relation client (H/F),CBA Informatique Libérale,84,84 - Avignon,commune,CDI,CDI,True,Débutant accepté,Débutant accepté,,True,Mensuel de 1920.9 Euros à 1920.9 Euros sur 12.0 mois,Mensuel,23051,23051,2026-07-31,False,https://candidat.francetravail.fr/offres/recherche/detail/5629728
5637028,D1415,Chargé(e) de relation client (CRM),Conseiller de vente et d'encaissement en Parfumerie et Cosmétiques (H/F),,13,13 - Trets,commune,CDD,CDD,True,Débutant accepté,Débutant accepté,,False,,,,,2026-08-01,False,https://candidat.francetravail.fr/offres/recherche/detail/5637028
5677580,D1415,Chargé(e) de relation client (CRM),Technicien back office pour notre Service Après-Ventes (m/f/d) (H/F),,,Luxembourg,aucune,CDI,CDI,True,Débutant accepté,Débutant accepté,,False,,,,,2026-08-02,False,https://candidat.francetravail.fr/offres/recherche/detail/5677580
5725332,D1415,Chargé(e) de relation client (CRM),Conseiller de vente (H/F),,06,06 - Nice,commune,CDI,CDI,True,Débutant accepté,Débutant accepté,,False,Mensuel de 1764.0 Euros à 1911.0 Euros,Mensuel,21168,22932,2026-08-05,False,https://candidat.francetravail.fr/offres/recherche/detail/5725332
5733517,D1415,Chargé(e) de relation client (CRM),Reprographe (H/F),,51,51 - Cormontreuil,commune,CDI,CDI,True,Débutant accepté,Débutant accepté,,False,Annuel de 20000.0 Euros à 25000.0 Euros,Annuel,20000,25000,2026-08-05,False,https://candidat.francetravail.fr/offres/recherche/detail/5733517
5787385,D1415,Chargé(e) de relation client (CRM),ALTERNANCE - Chargé de coordination dans les services à la personne (H/F),Petits-fils,41,41 - Blois,commune,CDD,CDD,True,1 An(s),1 an,,False,,,,,2026-08-06,False,https://candidat.francetravail.fr/offres/recherche/detail/5787385
5882363,D1415,Chargé(e) de relation client (CRM),Conseiller de vente (H/F),,62,62 - Carvin,offre,CDD,CDD,True,Débutant accepté,Débutant accepté,Bac,False,Mensuel de 486.0 Euros à 1801.0 Euros,Mensuel,5832,21612,2026-08-11,False,https://candidat.francetravail.fr/offres/recherche/detail/5882363
5903861,D1415,Chargé(e) de relation client (CRM),CHARGE DE CLIENTELE (H/F),,06,06 - Saint-Laurent-du-Var,commune,Intérim,MIS,True,Débutant accepté,Débutant accepté,,False,,,,,2026-08-11,True,https://candidat.francetravail.fr/offres/recherche/detail/5903861
5935505,D1415,Chargé(e) de relation client (CRM),CHARGÉ DE RELATION CLIENT (F/H),,75,75 - Paris,commune,Intérim,MIS,True,Débutant accepté,Débutant accepté,,False,,,,,2026-08-12,False,https://candidat.francetravail.fr/offres/recherche/detail/5935505
5944599,D1415,Chargé(e) de relation client (CRM),Reprographe (H/F),,59,59 - Coudekerque-Branche,commune,CDI,CDI,True,Débutant accepté,Débutant accepté,,False,Annuel de 20000.0 Euros à 25000.0 Euros,Annuel,20000,25000,2026-08-13,False,https://candidat.francetravail.fr/offres/recherche/detail/5944599
5944637,D1415,Chargé(e) de relation client (CRM),Reprographe (H/F),,91,91 - Sainte-Geneviève-des-Bois,commune,CDI,CDI,True,Débutant accepté,Débutant accepté,,False,Annuel de 20000.0 Euros à 25000.0 Euros,Annuel,20000,25000,2026-08-13,False,https://candidat.francetravail.fr/offres/recherche/detail/5944637
5947269,D1415,Chargé(e) de relation client (CRM),Chargé Crédit clients H/F,GROUPE MAUFFREY,88,88 - Saint-Nabord,commune,CDI,CDI,True,Débutant accepté,Débutant accepté,,True,,,,,2026-08-13,False,https://candidat.francetravail.fr/offres/recherche/detail/5947269
6054693,D1415,Chargé(e) de relation client (CRM),Reprographe (H/F),,94,94 - Arcueil,commune,CDI,CDI,True,Débutant accepté,Débutant accepté,,False,Annuel de 20000.0 Euros à 25000.0 Euros,Annuel,20000,25000,2026-08-18,False,https://candidat.francetravail.fr/offres/recherche/detail/6054693
6171050,D1415,Chargé(e) de relation client (CRM),Manager Relation Client F/H,,60,60 - Noyon,commune,CDI,CDI,True,Débutant accepté,Débutant accepté,,False,,,,,2026-08-21,False,https://candidat.francetravail.fr/offres/recherche/detail/6171050
6209069,D1415,Chargé(e) de relation client (CRM),CHARGE DE CLIENTELE (H/F),,13,13 - Salon-de-Provence,commune,Intérim,MIS,True,Débutant accepté,Débutant accepté,,False,,,,,2026-08-22,False,https://candidat.francetravail.fr/offres/recherche/detail/6209069
6226960,D1415,Chargé(e) de relation client (CRM),Conseiller de vente (H/F),ADECCO FRANCE,75,75 - Paris 9e Arrondissement,commune,CDI,CDI,True,6 An(s),6 ans et plus,,False,,,,,2026-08-24,False,https://candidat.francetravail.fr/offres/recherche/detail/6226960
6245249,D1415,Chargé(e) de relation client (CRM),Chargé / Chargée de relation client (H/F)," La Compagnie des Toits
                ",74,74 - Annecy,commune,CDI,CDI,True,3 An(s),3 ans,,False,Mensuel de 2250.0 Euros à 2450.0 Euros,Mensuel,27000,29400,2026-08-25,False,https://candidat.francetravail.fr/offres/recherche/detail/6245249
6268784,D1415,Chargé(e) de relation client (CRM),Manager Relation Client F/H,,91,91 - Villebon-sur-Yvette,commune,CDI,CDI,True,Débutant accepté,Débutant accepté,,False,,,,,2026-08-25,False,https://candidat.francetravail.fr/offres/recherche/detail/6268784
6270416,D1415,Chargé(e) de relation client (CRM),CHARGE DE CLIENTELE (H/F),,37,37 - Amboise,commune,Intérim,MIS,True,Débutant accepté,Débutant accepté,,False,,,,,2026-08-25,False,https://candidat.francetravail.fr/offres/recherche/detail/6270416
6281469,D1415,Chargé(e) de relation client (CRM),Reprographe (H/F),,77,77 - Montévrain,commune,CDI,CDI,True,Débutant accepté,Débutant accepté,,False,Annuel de 20000.0 Euros à 25000.0 Euros,Annuel,20000,25000,2026-08-26,False,https://candidat.francetravail.fr/offres/recherche/detail/6281469
6357317,D1415,Chargé(e) de relation client (CRM),Conseiller de vente (H/F),,31,31 - Estancarbon,commune,CDD,CDD,True,Débutant accepté,Débutant accepté,,False,Mensuel de 486.0 Euros à 1801.0 Euros,Mensuel,5832,21612,2026-08-28,False,https://candidat.francetravail.fr/offres/recherche/detail/6357317
6361514,D1415,Chargé(e) de relation client (CRM),Chargé / Chargée de relation client (H/F)," Orixa Media
                ",75,75 - Paris,commune,CDI,CDI,True,5 An(s),5 ans,,True,Annuel de 40000.0 Euros à 50000.0 Euros,Annuel,40000,50000,2026-08-28,False,https://candidat.francetravail.fr/offres/recherche/detail/6361514
6395418,D1415,Chargé(e) de relation client (CRM),Responsable Relation Client (H/F),RE'FLEX SERVICES,67,67 - Bitschhoffen,commune,CDI,CDI,True,1 An(s),1 an,,False,"Annuel de 25000.0 Euros à 35000.0 Euros - tickets repas, chèques vacances,...",Annuel,25000,35000,2026-08-29,False,https://candidat.francetravail.fr/offres/recherche/detail/6395418
6444935,D1415,Chargé(e) de relation client (CRM),Chargé / Chargée de service après-vente (H/F),SCREENOVA,75,75 - Paris 9e Arrondissement,commune,CDD,CDD,True,Débutant accepté,Débutant accepté,,False,,,,,2026-08-31,False,https://candidat.francetravail.fr/offres/recherche/detail/6444935
6496015,D1415,Chargé(e) de relation client (CRM),Conseiller relation client F/H,,92,92 - Hauts-de-Seine,departement,CDD,CDD,True,Expérience exigée,"Exigée, sans durée",,False,,,,,2026-09-01,False,https://candidat.francetravail.fr/offres/recherche/detail/6496015
6500212,D1415,Chargé(e) de relation client (CRM),Chargé de clientèle H/F,GROUPE PIMENT,64,64 - Serres-Castet,commune,Intérim,MIS,True,Débutant accepté,Débutant accepté,,False,Horaire de 13.0 Euros à 14.0 Euros,Horaire,23660,25480,2026-09-01,False,https://candidat.francetravail.fr/offres/recherche/detail/6500212
6504465,D1415,Chargé(e) de relation client (CRM),Conseiller Clientèle Service Après-Vente Électroménager (H/F),LECLERC VOYAGES,01,01 - Beynost,commune,CDI,CDI,True,1 An(s),1 an,,False,,,,,2026-09-02,False,https://candidat.francetravail.fr/offres/recherche/detail/6504465
6521597,D1415,Chargé(e) de relation client (CRM),COORDINATEUR RELATION CLIENT H/F,,90,90 - Belfort,commune,Intérim,MIS,True,Débutant accepté,Débutant accepté,,False,,,,,2026-09-02,False,https://candidat.francetravail.fr/offres/recherche/detail/6521597
6525341,D1415,Chargé(e) de relation client (CRM),CHARGE DE CLIENTELE (H/F),,88,88 - Bresse,commune,Intérim,MIS,True,Débutant accepté,Débutant accepté,,False,,,,,2026-09-02,False,https://candidat.francetravail.fr/offres/recherche/detail/6525341
6536664,D1415,Chargé(e) de relation client (CRM),Conseiller Clientèle à Distance (H/F),GEZIM INTERIM,67,67 - Strasbourg,commune,CDI,CDI,True,Débutant accepté,Débutant accepté,,True,Mensuel de 1867.0 Euros - 1867.02 € (Euros) par mois,Mensuel,22404,22404,2026-09-03,False,https://candidat.francetravail.fr/offres/recherche/detail/6536664
6591182,D1415,Chargé(e) de relation client (CRM),Conseiller de vente (H/F),,91,91 - Sainte-Geneviève-des-Bois,commune,CDD,CDD,True,Débutant accepté,Débutant accepté,,False,Annuel de 486.0 Euros à 1801.0 Euros,Annuel,,,2026-09-04,True,https://candidat.francetravail.fr/offres/recherche/detail/6591182
6591269,D1415,Chargé(e) de relation client (CRM),Conseiller de vente (H/F),,92,92 - Villeneuve-la-Garenne,commune,CDD,CDD,True,Débutant accepté,Débutant accepté,,False,Annuel de 480.0 Euros à 1801.0 Euros,Annuel,,,2026-09-04,False,https://candidat.francetravail.fr/offres/recherche/detail/6591269
6591320,D1415,Chargé(e) de relation client (CRM),Conseiller de vente (H/F),,77,77 - Servon,commune,CDD,CDD,True,Débutant accepté,Débutant accepté,,False,Annuel de 480.0 Euros à 1801.0 Euros,Annuel,,,2026-09-04,False,https://candidat.francetravail.fr/offres/recherche/detail/6591320
6591322,D1415,Chargé(e) de relation client (CRM),Conseiller de vente (H/F),,26,26 - Montélimar,commune,CDD,CDD,True,Débutant accepté,Débutant accepté,,False,Annuel de 504.0 Euros à 1867.0 Euros,Annuel,,,2026-09-04,False,https://candidat.francetravail.fr/offres/recherche/detail/6591322
6591558,D1415,Chargé(e) de relation client (CRM),Reprographe (H/F),,80,80 - Longueau,commune,CDI,CDI,True,Débutant accepté,Débutant accepté,,False,Annuel de 20000.0 Euros à 25000.0 Euros,Annuel,20000,25000,2026-09-04,False,https://candidat.francetravail.fr/offres/recherche/detail/6591558
6592254,D1415,Chargé(e) de relation client (CRM),Conseiller de vente (H/F),,69,69 - Lyon 5e Arrondissement,commune,CDD,CDD,True,Débutant accepté,Débutant accepté,,False,Mensuel de 1764.0 Euros à 1911.0 Euros,Mensuel,21168,22932,2026-09-04,True,https://candidat.francetravail.fr/offres/recherche/detail/6592254
6627699,D1415,Chargé(e) de relation client (CRM),Chargé de relation client (H/F),,13,13 - Bouches-du-Rhône,departement,CDI,CDI,True,Débutant accepté,Débutant accepté,,False,,,,,2026-09-04,False,https://candidat.francetravail.fr/offres/recherche/detail/6627699
6634923,D1415,Chargé(e) de relation client (CRM),Superviseur - 30h - Montrouge   (H/F),Café joyeux ,92,92 - Montrouge,commune,CDI,CDI,True,Débutant accepté,Débutant accepté,,False,,,,,2026-09-04,False,https://candidat.francetravail.fr/offres/recherche/detail/6634923
6688737,D1415,Chargé(e) de relation client (CRM),Conseiller clientèle H/F,Lynx Rh,57,57 - Metz,commune,Intérim,MIS,True,Expérience exigée,"Exigée, sans durée",,False,,,,,2026-09-07,False,https://candidat.francetravail.fr/offres/recherche/detail/6688737
6710556,D1415,Chargé(e) de relation client (CRM),CONSEILLER DE VENTE (H/F),Brico Cash,47,47 - Castelculier,commune,CDI,CDI,True,Expérience exigée,"Exigée, sans durée",,False,,,,,2026-09-08,False,https://candidat.francetravail.fr/offres/recherche/detail/6710556
6710557,D1415,Chargé(e) de relation client (CRM),CONSEILLER DE VENTE (H/F),Bricorama,38,38 - Grenoble,commune,CDD,CDD,True,Expérience exigée,"Exigée, sans durée",,False,,,,,2026-09-08,False,https://candidat.francetravail.fr/offres/recherche/detail/6710557
6710570,D1415,Chargé(e) de relation client (CRM),CONSEILLER DE VENTE (H/F),Bricorama,38,38 - Grenoble,commune,CDI,CDI,True,Expérience exigée,"Exigée, sans durée",,False,,,,,2026-09-08,True,https://candidat.francetravail.fr/offres/recherche/detail/6710570
6710573,D1415,Chargé(e) de relation client (CRM),CONSEILLER DE VENTE (H/F),Bricorama,75,75 - Paris,commune,CDI,CDI,True,Expérience exigée,"Exigée, sans durée",,False,,,,,2026-09-08,False,https://candidat.francetravail.fr/offres/recherche/detail/6710573
6710576,D1415,Chargé(e) de relation client (CRM),CONSEILLER DE VENTE (H/F).,Bricorama,21,21 - Beaune,commune,CDI,CDI,True,Expérience exigée,"Exigée, sans durée",,False,,,,,2026-09-08,False,https://candidat.francetravail.fr/offres/recherche/detail/6710576
6710582,D1415,Chargé(e) de relation client (CRM),CONSEILLER DE VENTE (H/F),Bricorama,93,93 - Pantin,commune,CDD,CDD,True,Expérience exigée,"Exigée, sans durée",,False,,,,,2026-09-08,False,https://candidat.francetravail.fr/offres/recherche/detail/6710582
6710585,D1415,Chargé(e) de relation client (CRM),CONSEILLER DE VENTE (H/F),Bricorama,17,17 - Royan,commune,CDI,CDI,True,Expérience exigée,"Exigée, sans durée",,False,,,,,2026-09-08,False,https://candidat.francetravail.fr/offres/recherche/detail/6710585
6710637,D1415,Chargé(e) de relation client (CRM),CONSEILLER DE VENTE (H/F),Bricomarché,64,64 - Saint-Pée-sur-Nivelle,commune,CDI,CDI,True,Débutant accepté,Débutant accepté,,False,,,,,2026-09-08,False,https://candidat.francetravail.fr/offres/recherche/detail/6710637
6710646,D1415,Chargé(e) de relation client (CRM),CONSEILLER DE VENTE H/F,Bricomarché,50,50 - Saint-Vaast-la-Hougue,commune,CDI,CDI,True,Débutant accepté,Débutant accepté,,False,,,,,2026-09-08,False,https://candidat.francetravail.fr/offres/recherche/detail/6710646
6710651,D1415,Chargé(e) de relation client (CRM),CONSEILLER DE VENTE (H/F),Bricomarché,39,39 - Champagnole,commune,CDI,CDI,True,Expérience exigée,"Exigée, sans durée",,False,,,,,2026-09-08,False,https://candidat.francetravail.fr/offres/recherche/detail/6710651
6710658,D1415,Chargé(e) de relation client (CRM),CONSEILLER DE VENTE (H/F),Bricomarché,25,25 - Isle-sur-le-Doubs,commune,CDI,CDI,True,Expérience exigée,"Exigée, sans durée",,False,,,,,2026-09-08,False,https://candidat.francetravail.fr/offres/recherche/detail/6710658
6710662,D1415,Chargé(e) de relation client (CRM),CONSEILLER DE VENTE - VENDEUR (H/F),Bricomarché,38,38 - Aoste,commune,CDI,CDI,True,Expérience exigée,"Exigée, sans durée",,False,,,,,2026-09-08,False,https://candidat.francetravail.fr/offres/recherche/detail/6710662
6710666,D1415,Chargé(e) de relation client (CRM),CONSEILLER DE VENTE (H/F),Bricomarché,44,44 - Batz-sur-Mer,commune,CDI,CDI,True,Expérience exigée,"Exigée, sans durée",,False,,,,,2026-09-08,False,https://candidat.francetravail.fr/offres/recherche/detail/6710666
6710667,D1415,Chargé(e) de relation client (CRM),CONSEILLER DE VENTE (H/F),Bricomarché,01,01 - Gex,commune,CDI,CDI,True,Expérience exigée,"Exigée, sans durée",,False,,,,,2026-09-08,False,https://candidat.francetravail.fr/offres/recherche/detail/6710667
6710670,D1415,Chargé(e) de relation client (CRM),CONSEILLER DE VENTE (H/F),Bricomarché,12,12 - Millau,commune,CDI,CDI,True,Expérience exigée,"Exigée, sans durée",,False,,,,,2026-09-08,False,https://candidat.francetravail.fr/offres/recherche/detail/6710670
6710677,D1415,Chargé(e) de relation client (CRM),CONSEILLER DE VENTE (H/F),Bricomarché,76,76 - Criquetot-l'Esneval,commune,CDI,CDI,True,Débutant accepté,Débutant accepté,,False,,,,,2026-09-08,False,https://candidat.francetravail.fr/offres/recherche/detail/6710677
6710683,D1415,Chargé(e) de relation client (CRM),CONSEILLER DE VENTE (H/F),Bricomarché,27,27 - Eure,departement,CDD,CDD,True,Expérience exigée,"Exigée, sans durée",,False,,,,,2026-09-08,False,https://candidat.francetravail.fr/offres/recherche/detail/6710683
6710684,D1415,Chargé(e) de relation client (CRM),CONSEILLER DE VENTE (H/F),Bricomarché,54,54 - Méréville,commune,CDD,CDD,True,Expérience exigée,"Exigée, sans durée",,False,,,,,2026-09-08,False,https://candidat.francetravail.fr/offres/recherche/detail/6710684
6710688,D1415,Chargé(e) de relation client (CRM),CONSEILLER DE VENTE (H/F),Bricomarché,64,64 - Orthez,commune,CDI,CDI,True,Expérience exigée,"Exigée, sans durée",,False,,,,,2026-09-08,False,https://candidat.francetravail.fr/offres/recherche/detail/6710688
6710692,D1415,Chargé(e) de relation client (CRM),CONSEILLER DE VENTE (H/F),Bricomarché,44,44 - Batz-sur-Mer,commune,CDI,CDI,True,Expérience exigée,"Exigée, sans durée",,False,,,,,2026-09-08,True,https://candidat.francetravail.fr/offres/recherche/detail/6710692
6710693,D1415,Chargé(e) de relation client (CRM),CONSEILLER DE VENTE (H/F),Bricomarché,57,57 - Aumetz,commune,CDI,CDI,True,Expérience exigée,"Exigée, sans durée",,False,,,,,2026-09-08,False,https://candidat.francetravail.fr/offres/recherche/detail/6710693
6710704,D1415,Chargé(e) de relation client (CRM),CONSEILLER DE VENTE (H/F),Bricomarché,54,54 - Pont-à-Mousson,commune,CDI,CDI,True,Expérience exigée,"Exigée, sans durée",,False,,,,,2026-09-08,False,https://candidat.francetravail.fr/offres/recherche/detail/6710704
6710743,D1415,Chargé(e) de relation client (CRM),CONSEILLER DE VENTE - VENDEUR (H/F),Bricomarché,48,48 - Mende,commune,CDD,CDD,True,Expérience exigée,"Exigée, sans durée",,False,,,,,2026-09-08,False,https://candidat.francetravail.fr/offres/recherche/detail/6710743
6710745,D1415,Chargé(e) de relation client (CRM),CONSEILLER DE VENTE - VENDEUR (H/F),Bricomarché,25,25 - Pont-de-Roide-Vermondans,commune,CDD,CDD,True,Expérience exigée,"Exigée, sans durée",,False,,,,,2026-09-08,False,https://candidat.francetravail.fr/offres/recherche/detail/6710745
6710770,D1415,Chargé(e) de relation client (CRM),CONSEILLER DE VENTE (H/F),Bricomarché,28,28 - Loupe,commune,CDI,CDI,True,Expérience exigée,"Exigée, sans durée",,False,,,,,2026-09-08,False,https://candidat.francetravail.fr/offres/recherche/detail/6710770
6710772,D1415,Chargé(e) de relation client (CRM),CONSEILLER DE VENTE (H/F),Bricomarché,54,54 - Écrouves,commune,CDI,CDI,True,Expérience exigée,"Exigée, sans durée",,False,,,,,2026-09-08,False,https://candidat.francetravail.fr/offres/recherche/detail/6710772
6710775,D1415,Chargé(e) de relation client (CRM),CONSEILLER DE VENTE (H/F),Bricomarché,38,38 - Touvet,commune,CDD,CDD,True,Expérience exigée,"Exigée, sans durée",,False,,,,,2026-09-08,False,https://candidat.francetravail.fr/offres/recherche/detail/6710775
6710780,D1415,Chargé(e) de relation client (CRM),- CONSEILLER DE VENTE (H/F),Bricomarché,63,63 - Thiers,commune,CDI,CDI,True,Expérience exigée,"Exigée, sans durée",,False,,,,,2026-09-08,False,https://candidat.francetravail.fr/offres/recherche/detail/6710780
6710781,D1415,Chargé(e) de relation client (CRM),CONSEILLER DE VENTE - VENDEUR (H/F),Bricomarché,38,38 - Villette-d'Anthon,commune,CDI,CDI,True,Expérience exigée,"Exigée, sans durée",,False,,,,,2026-09-08,False,https://candidat.francetravail.fr/offres/recherche/detail/6710781
6710800,D1415,Chargé(e) de relation client (CRM),CONSEILLER DE VENTE - VENDEUR (H/F),Bricomarché,49,49 - Maine-et-Loire,departement,CDI,CDI,True,Débutant accepté,Débutant accepté,,False,,,,,2026-09-08,False,https://candidat.francetravail.fr/offres/recherche/detail/6710800
6710801,D1415,Chargé(e) de relation client (CRM),CONSEILLER DE VENTE (H/F),Bricomarché,17,17 - Flotte,commune,CDI,CDI,True,Expérience exigée,"Exigée, sans durée",,False,,,,,2026-09-08,False,https://candidat.francetravail.fr/offres/recherche/detail/6710801
6710841,D1415,Chargé(e) de relation client (CRM),CONSEILLER DE VENTE (H/F),Groupement Mousquetaires,27,27 - Eure,departement,CDD,CDD,True,Expérience exigée,"Exigée, sans durée",,False,,,,,2026-09-08,False,https://candidat.francetravail.fr/offres/recherche/detail/6710841
6728369,D1415,Chargé(e) de relation client (CRM),Superviseur Télevente H/F,,94,94 - Valenton,commune,CDI,CDI,True,Débutant accepté,Débutant accepté,,False,,,,,2026-09-08,False,https://candidat.francetravail.fr/offres/recherche/detail/6728369
6730160,D1415,Chargé(e) de relation client (CRM),Responsable Caisses & Relation Client F/H,,23,23 - Saint-Priest,commune,CDI,CDI,True,Débutant accepté,Débutant accepté,,False,,,,,2026-09-08,False,https://candidat.francetravail.fr/offres/recherche/detail/6730160
6744712,D1415,Chargé(e) de relation client (CRM),Conseiller Relation Clientèle (H/F),ATOUT TRAVAIL TEMPORAIRE,69,69 - Villeurbanne,commune,CDD,CDD,True,1 An(s),1 an,,True,Mensuel de 1911.0 Euros - 13.19 € (Euros) par heure,Mensuel,22932,22932,2026-09-09,False,https://candidat.francetravail.fr/offres/recherche/detail/6744712
6749335,D1415,Chargé(e) de relation client (CRM),Chargé / Chargée de relation client (H/F)," La Compagnie des Toits
                ",77,77 - Saint-Thibault-des-Vignes,commune,CDI,CDI,True,3 An(s),3 ans,,False,Mensuel de 3200.0 Euros à 3200.0 Euros,Mensuel,38400,38400,2026-09-09,False,https://candidat.francetravail.fr/offres/recherche/detail/6749335
6766488,D1415,Chargé(e) de relation client (CRM),CHARGE DE CLIENTELE F/H,,95,95 - Cergy,commune,Intérim,MIS,True,Débutant accepté,Débutant accepté,,False,,,,,2026-09-09,False,https://candidat.francetravail.fr/offres/recherche/detail/6766488
6767839,D1415,Chargé(e) de relation client (CRM),Alternance Chargé Commercial et Relation Client - Paris (F/H),,75,75 - Paris,commune,CDD,CDD,True,Débutant accepté,Débutant accepté,,False,,,,,2026-09-09,False,https://candidat.francetravail.fr/offres/recherche/detail/6767839
6768145,D1415,Chargé(e) de relation client (CRM),Charge de clientele (H/F),,06,06 - Nice,commune,Intérim,MIS,True,Débutant accepté,Débutant accepté,,False,,,,,2026-09-09,False,https://candidat.francetravail.fr/offres/recherche/detail/6768145
6769047,D1415,Chargé(e) de relation client (CRM),Chargé de relation clients H/F,,67,67 - Strasbourg,commune,Intérim,MIS,True,Débutant accepté,Débutant accepté,,False,,,,,2026-09-09,False,https://candidat.francetravail.fr/offres/recherche/detail/6769047
6770166,D1415,Chargé(e) de relation client (CRM),CHARGE DE CLIENTELE (H/F),,56,56 - Vannes,commune,Intérim,MIS,True,Débutant accepté,Débutant accepté,,False,,,,,2026-09-09,False,https://candidat.francetravail.fr/offres/recherche/detail/6770166
6782139,D1415,Chargé(e) de relation client (CRM),Chargé / Chargée de relation client (H/F)," Labocéa
                ",29,29 - Quimper,commune,CDI,CDI,True,2 An(s),2 ans,,True,Annuel de 25200.0 Euros à 25200.0 Euros,Annuel,25200,25200,2026-09-10,False,https://candidat.francetravail.fr/offres/recherche/detail/6782139
6783233,D1415,Chargé(e) de relation client (CRM),Chargé Relation Client H/F,DACHSER,,Auvergne-Rhône-Alpes,aucune,CDI,CDI,True,Expérience exigée,"Exigée, sans durée",,False,,,,,2026-09-10,False,https://candidat.francetravail.fr/offres/recherche/detail/6783233
6809315,D1415,Chargé(e) de relation client (CRM),Conseiller Relation Clientèle (H/F),ATOUT TRAVAIL TEMPORAIRE,69,69 - Jonage,commune,Intérim,MIS,True,Débutant accepté,Débutant accepté,,False,Mensuel de 2100.0 Euros - 2100 € (Euros) par mois,Mensuel,25200,25200,2026-09-11,False,https://candidat.francetravail.fr/offres/recherche/detail/6809315
6828482,D1415,Chargé(e) de relation client (CRM),Manager Relation Client F/H,,78,78 - Maurepas,commune,CDI,CDI,True,Débutant accepté,Débutant accepté,,False,,,,,2026-09-11,False,https://candidat.francetravail.fr/offres/recherche/detail/6828482
6829807,D1415,Chargé(e) de relation client (CRM),CHARGE DE CLIENTELE (H/F),,57,57 - Thionville,commune,Intérim,MIS,True,Débutant accepté,Débutant accepté,,False,,,,,2026-09-11,False,https://candidat.francetravail.fr/offres/recherche/detail/6829807
6847887,D1415,Chargé(e) de relation client (CRM),Alternance Chargé Relation Client - Paris (F/H),,75,75 - Paris,commune,CDD,CDD,True,Débutant accepté,Débutant accepté,,False,,,,,2026-09-12,False,https://candidat.francetravail.fr/offres/recherche/detail/6847887
6881537,D1415,Chargé(e) de relation client (CRM),Conseiller de vente (H/F),INSTITUT FORMAT CARRIERES COMMUN VENTE,95,95 - Roissy-en-France,commune,CDD,CDD,True,Débutant accepté,Débutant accepté,,False,,,,,2026-09-15,False,https://candidat.francetravail.fr/offres/recherche/detail/6881537
6881538,D1415,Chargé(e) de relation client (CRM),Conseiller de vente (H/F),INSTITUT FORMAT CARRIERES COMMUN VENTE,95,95 - Cergy,commune,CDD,CDD,True,Débutant accepté,Débutant accepté,,False,,,,,2026-09-15,False,https://candidat.francetravail.fr/offres/recherche/detail/6881538
6881539,D1415,Chargé(e) de relation client (CRM),Conseiller de vente (H/F),INSTITUT FORMAT CARRIERES COMMUN VENTE,95,95 - Roissy-en-France,commune,CDD,CDD,True,Débutant accepté,Débutant accepté,,False,,,,,2026-09-15,True,https://candidat.francetravail.fr/offres/recherche/detail/6881539
6881547,D1415,Chargé(e) de relation client (CRM),Conseiller de vente (H/F),INSTITUT FORMAT CARRIERES COMMUN VENTE,95,95 - Roissy-en-France,commune,CDD,CDD,True,Débutant accepté,Débutant accepté,,False,,,,,2026-09-15,True,https://candidat.francetravail.fr/offres/recherche/detail/6881547
6881737,D1415,Chargé(e) de relation client (CRM),Conseiller de vente (H/F),INSTITUT FORMAT CARRIERES COMMUN VENTE,93,93 - Aubervilliers,commune,CDD,CDD,True,Débutant accepté,Débutant accepté,,False,,,,,2026-09-15,False,https://candidat.francetravail.fr/offres/recherche/detail/6881737
6881744,D1415,Chargé(e) de relation client (CRM),Conseiller de vente (H/F),INSTITUT FORMAT CARRIERES COMMUN VENTE,,Île-de-France,aucune,CDD,CDD,True,Débutant accepté,Débutant accepté,,False,,,,,2026-09-15,False,https://candidat.francetravail.fr/offres/recherche/detail/6881744
6881745,D1415,Chargé(e) de relation client (CRM),Conseiller de vente (H/F),INSTITUT FORMAT CARRIERES COMMUN VENTE,91,91 - Grigny,commune,CDD,CDD,True,Débutant accepté,Débutant accepté,,False,,,,,2026-09-15,False,https://candidat.francetravail.fr/offres/recherche/detail/6881745
6881749,D1415,Chargé(e) de relation client (CRM),Conseiller de vente (H/F),INSTITUT FORMAT CARRIERES COMMUN VENTE,75,75 - Paris 9e Arrondissement,commune,CDD,CDD,True,Débutant accepté,Débutant accepté,,False,Annuel de 400.0 Euros,Annuel,,,2026-09-15,False,https://candidat.francetravail.fr/offres/recherche/detail/6881749
6881751,D1415,Chargé(e) de relation client (CRM),Conseiller de vente (H/F),INSTITUT FORMAT CARRIERES COMMUN VENTE,92,92 - Clamart,commune,CDD,CDD,True,Débutant accepté,Débutant accepté,,False,,,,,2026-09-15,False,https://candidat.francetravail.fr/offres/recherche/detail/6881751
6881758,D1415,Chargé(e) de relation client (CRM),Conseiller de vente (H/F),INSTITUT FORMAT CARRIERES COMMUN VENTE,78,78 - Versailles,commune,CDD,CDD,True,Débutant accepté,Débutant accepté,,False,Annuel de 400.0 Euros,Annuel,,,2026-09-15,False,https://candidat.francetravail.fr/offres/recherche/detail/6881758
6881771,D1415,Chargé(e) de relation client (CRM),Conseiller de vente (H/F),INSTITUT FORMAT CARRIERES COMMUN VENTE,77,77 - Lieusaint,commune,CDD,CDD,True,Débutant accepté,Débutant accepté,,False,,,,,2026-09-15,False,https://candidat.francetravail.fr/offres/recherche/detail/6881771
6881772,D1415,Chargé(e) de relation client (CRM),Conseiller de vente (H/F),INSTITUT FORMAT CARRIERES COMMUN VENTE,94,94 - Arcueil,commune,CDD,CDD,True,Débutant accepté,Débutant accepté,,False,,,,,2026-09-15,False,https://candidat.francetravail.fr/offres/recherche/detail/6881772
6881773,D1415,Chargé(e) de relation client (CRM),Conseiller de vente (H/F),INSTITUT FORMAT CARRIERES COMMUN VENTE,92,92 - Villeneuve-la-Garenne,commune,CDD,CDD,True,Débutant accepté,Débutant accepté,,False,,,,,2026-09-15,False,https://candidat.francetravail.fr/offres/recherche/detail/6881773
6881775,D1415,Chargé(e) de relation client (CRM),Conseiller de vente (H/F),INSTITUT FORMAT CARRIERES COMMUN VENTE,94,94 - Bry-sur-Marne,commune,CDD,CDD,True,Débutant accepté,Débutant accepté,,False,,,,,2026-09-15,False,https://candidat.francetravail.fr/offres/recherche/detail/6881775
6881778,D1415,Chargé(e) de relation client (CRM),Conseiller de vente (H/F),INSTITUT FORMAT CARRIERES COMMUN VENTE,75,75 - Paris 9e Arrondissement,commune,CDD,CDD,True,Débutant accepté,Débutant accepté,,False,,,,,2026-09-15,True,https://candidat.francetravail.fr/offres/recherche/detail/6881778
6881794,D1415,Chargé(e) de relation client (CRM),Conseiller client (H/F),INSTITUT FORMAT CARRIERES COMMUN VENTE,,Île-de-France,aucune,CDD,CDD,True,1 An(s),1 an,,False,Mensuel de 400.0 Euros,Mensuel,4800,4800,2026-09-15,False,https://candidat.francetravail.fr/offres/recherche/detail/6881794
6881822,D1415,Chargé(e) de relation client (CRM),Conseiller de vente (H/F),INSTITUT FORMAT CARRIERES COMMUN VENTE,75,75 - Paris 9e Arrondissement,commune,CDD,CDD,True,Débutant accepté,Débutant accepté,,False,,,,,2026-09-15,True,https://candidat.francetravail.fr/offres/recherche/detail/6881822
6882049,D1415,Chargé(e) de relation client (CRM),Conseiller de vente (H/F),INSTITUT FORMAT CARRIERES COMMUN VENTE,,Île-de-France,aucune,CDD,CDD,True,Débutant accepté,Débutant accepté,,False,Annuel de 400.0 Euros à 1800.0 Euros,Annuel,,,2026-09-15,True,https://candidat.francetravail.fr/offres/recherche/detail/6882049
6882057,D1415,Chargé(e) de relation client (CRM),Conseiller de vente (H/F),INSTITUT FORMAT CARRIERES COMMUN VENTE,,Île-de-France,aucune,CDD,CDD,True,Débutant accepté,Débutant accepté,,False,Annuel de 400.0 Euros à 1800.0 Euros,Annuel,,,2026-09-15,True,https://candidat.francetravail.fr/offres/recherche/detail/6882057
6882180,D1415,Chargé(e) de relation client (CRM),Conseiller de vente (H/F),INSTITUT FORMAT CARRIERES COMMUN VENTE,75,75 - Paris 9e Arrondissement,commune,CDD,CDD,True,1 An(s),1 an,,False,Annuel de 400.0 Euros à 1800.0 Euros,Annuel,,,2026-09-15,True,https://candidat.francetravail.fr/offres/recherche/detail/6882180
6898469,D1415,Chargé(e) de relation client (CRM),CHARGE DE CLIENTELE (H/F),,31,31 - Muret,commune,Intérim,MIS,True,Débutant accepté,Débutant accepté,,False,,,,,2026-09-15,False,https://candidat.francetravail.fr/offres/recherche/detail/6898469
6943825,D1415,Chargé(e) de relation client (CRM),Conseiller de vente (H/F),,95,95 - Cergy,commune,CDD,CDD,True,Débutant accepté,Débutant accepté,,False,Mensuel de 486.0 Euros à 1801.0 Euros,Mensuel,5832,21612,2026-09-17,False,https://candidat.francetravail.fr/offres/recherche/detail/6943825
6943834,D1415,Chargé(e) de relation client (CRM),Conseiller de vente (H/F),,59,59 - Haubourdin,commune,CDD,CDD,True,Débutant accepté,Débutant accepté,,False,Annuel de 486.0 Euros,Annuel,,,2026-09-17,False,https://candidat.francetravail.fr/offres/recherche/detail/6943834
6943864,D1415,Chargé(e) de relation client (CRM),Conseiller de vente (H/F),,69,69 - Vindry-sur-Turdine,commune,CDD,CDD,True,Débutant accepté,Débutant accepté,,False,Mensuel de 486.0 Euros,Mensuel,5832,5832,2026-09-17,False,https://candidat.francetravail.fr/offres/recherche/detail/6943864
6943883,D1415,Chargé(e) de relation client (CRM),Conseiller de vente (H/F),,95,95 - Persan,commune,CDD,CDD,True,Débutant accepté,Débutant accepté,,False,Mensuel de 486.0 Euros à 1801.0 Euros,Mensuel,5832,21612,2026-09-17,False,https://candidat.francetravail.fr/offres/recherche/detail/6943883
6944056,D1415,Chargé(e) de relation client (CRM),Conseiller de vente (H/F),,92,92 - Levallois-Perret,commune,CDD,CDD,True,Débutant accepté,Débutant accepté,,False,Annuel de 486.0 Euros à 1801.0 Euros,Annuel,,,2026-09-17,False,https://candidat.francetravail.fr/offres/recherche/detail/6944056
6944102,D1415,Chargé(e) de relation client (CRM),Conseiller de vente (H/F),,75,75 - Paris 9e Arrondissement,commune,CDD,CDD,True,Débutant accepté,Débutant accepté,,False,Annuel de 486.0 Euros à 1801.0 Euros,Annuel,,,2026-09-17,False,https://candidat.francetravail.fr/offres/recherche/detail/6944102
6944111,D1415,Chargé(e) de relation client (CRM),Conseiller de vente (H/F),,69,69 - Lyon 5e Arrondissement,commune,CDD,CDD,True,Débutant accepté,Débutant accepté,,False,Annuel de 489.0 Euros à 1801.0 Euros,Annuel,,,2026-09-17,False,https://candidat.francetravail.fr/offres/recherche/detail/6944111
6944138,D1415,Chargé(e) de relation client (CRM),Conseiller de vente (H/F),,92,92 - Neuilly-sur-Seine,commune,CDD,CDD,True,Débutant accepté,Débutant accepté,,False,Annuel de 486.0 Euros à 1801.0 Euros,Annuel,,,2026-09-17,False,https://candidat.francetravail.fr/offres/recherche/detail/6944138
6944412,D1415,Chargé(e) de relation client (CRM),Conseiller de vente (H/F),,59,59 - Villeneuve-d'Ascq,commune,CDD,CDD,True,Débutant accepté,Débutant accepté,,False,Annuel de 487.0 Euros à 1806.0 Euros,Annuel,,,2026-09-17,False,https://candidat.francetravail.fr/offres/recherche/detail/6944412
6944435,D1415,Chargé(e) de relation client (CRM),Conseiller de vente (H/F),,14,14 - Caen,commune,CDD,CDD,True,Débutant accepté,Débutant accepté,,False,Annuel de 487.0 Euros,Annuel,,,2026-09-17,False,https://candidat.francetravail.fr/offres/recherche/detail/6944435
6944460,D1415,Chargé(e) de relation client (CRM),Conseiller de vente (H/F),,76,76 - Rouen,commune,CDD,CDD,True,Débutant accepté,Débutant accepté,,False,Mensuel de 487.0 Euros à 1807.0 Euros,Mensuel,5844,21684,2026-09-17,False,https://candidat.francetravail.fr/offres/recherche/detail/6944460
6944465,D1415,Chargé(e) de relation client (CRM),Conseiller de vente (H/F),,59,59 - Baisieux,commune,CDD,CDD,True,Débutant accepté,Débutant accepté,,False,Mensuel de 487.0 Euros à 1807.0 Euros,Mensuel,5844,21684,2026-09-17,False,https://candidat.francetravail.fr/offres/recherche/detail/6944465
6944476,D1415,Chargé(e) de relation client (CRM),Conseiller de vente (H/F),,59,59 - Dunkerque,commune,CDD,CDD,True,Débutant accepté,Débutant accepté,,False,Annuel de 487.0 Euros à 1807.0 Euros,Annuel,,,2026-09-17,False,https://candidat.francetravail.fr/offres/recherche/detail/6944476
6944508,D1415,Chargé(e) de relation client (CRM),Conseiller de vente (H/F),,59,59 - Lille,commune,CDD,CDD,True,Débutant accepté,Débutant accepté,,False,Annuel de 487.0 Euros à 1807.0 Euros,Annuel,,,2026-09-17,False,https://candidat.francetravail.fr/offres/recherche/detail/6944508
6944510,D1415,Chargé(e) de relation client (CRM),Conseiller de vente (H/F),,91,91 - Évry-Courcouronnes,commune,CDD,CDD,True,Débutant accepté,Débutant accepté,,False,Annuel de 486.0 Euros à 1801.0 Euros,Annuel,,,2026-09-17,False,https://candidat.francetravail.fr/offres/recherche/detail/6944510
6944535,D1415,Chargé(e) de relation client (CRM),Conseiller de vente (H/F),,91,91 - Évry-Courcouronnes,commune,CDD,CDD,True,Débutant accepté,Débutant accepté,,False,Annuel de 486.0 Euros à 1801.0 Euros,Annuel,,,2026-09-17,True,https://candidat.francetravail.fr/offres/recherche/detail/6944535
6944627,D1415,Chargé(e) de relation client (CRM),Conseiller de vente (H/F),,91,91 - Sainte-Geneviève-des-Bois,commune,CDD,CDD,True,Débutant accepté,Débutant accepté,,False,Annuel de 486.0 Euros à 1801.0 Euros,Annuel,,,2026-09-17,False,https://candidat.francetravail.fr/offres/recherche/detail/6944627
6944815,D1415,Chargé(e) de relation client (CRM),Conseiller de vente (H/F),,62,62 - Liévin,commune,CDD,CDD,True,Débutant accepté,Débutant accepté,,False,Mensuel de 486.0 Euros,Mensuel,5832,5832,2026-09-17,False,https://candidat.francetravail.fr/offres/recherche/detail/6944815
6944855,D1415,Chargé(e) de relation client (CRM),Conseiller de vente (H/F),,91,91 - Ville-du-Bois,commune,CDD,CDD,True,Débutant accepté,Débutant accepté,,False,Annuel de 486.0 Euros à 1801.0 Euros,Annuel,,,2026-09-17,False,https://candidat.francetravail.fr/offres/recherche/detail/6944855
6944880,D1415,Chargé(e) de relation client (CRM),Conseiller de vente (H/F),,75,75 - Paris 9e Arrondissement,commune,CDD,CDD,True,Débutant accepté,Débutant accepté,,False,Mensuel de 486.0 Euros à 1801.0 Euros,Mensuel,5832,21612,2026-09-17,True,https://candidat.francetravail.fr/offres/recherche/detail/6944880
6944953,D1415,Chargé(e) de relation client (CRM),Conseiller de vente (H/F),,37,37 - Savigné-sur-Lathan,commune,CDD,CDD,True,Débutant accepté,Débutant accepté,,False,Mensuel de 487.0 Euros à 1802.0 Euros,Mensuel,5844,21624,2026-09-17,False,https://candidat.francetravail.fr/offres/recherche/detail/6944953
6944972,D1415,Chargé(e) de relation client (CRM),Conseiller de vente (H/F),,37,37 - Tours,commune,CDD,CDD,True,Débutant accepté,Débutant accepté,,False,Annuel de 480.0 Euros à 1801.0 Euros,Annuel,,,2026-09-17,False,https://candidat.francetravail.fr/offres/recherche/detail/6944972
6944979,D1415,Chargé(e) de relation client (CRM),Conseiller de vente (H/F),,45,45 - Amilly,commune,CDD,CDD,True,Débutant accepté,Débutant accepté,,False,Annuel de 480.0 Euros à 1801.0 Euros,Annuel,,,2026-09-17,False,https://candidat.francetravail.fr/offres/recherche/detail/6944979
6945020,D1415,Chargé(e) de relation client (CRM),Conseiller de vente (H/F),,38,38 - Salaise-sur-Sanne,commune,CDD,CDD,True,Débutant accepté,Débutant accepté,,False,Mensuel de 486.0 Euros,Mensuel,5832,5832,2026-09-17,False,https://candidat.francetravail.fr/offres/recherche/detail/6945020
6945065,D1415,Chargé(e) de relation client (CRM),Conseiller de vente (H/F),,77,77 - Varennes-sur-Seine,commune,CDD,CDD,True,Débutant accepté,Débutant accepté,,False,Annuel de 480.0 Euros à 1801.0 Euros,Annuel,,,2026-09-17,False,https://candidat.francetravail.fr/offres/recherche/detail/6945065
6945068,D1415,Chargé(e) de relation client (CRM),Conseiller de vente (H/F),,91,91 - Quincy-sous-Sénart,commune,CDD,CDD,True,Débutant accepté,Débutant accepté,,False,Annuel de 480.0 Euros à 1801.0 Euros,Annuel,,,2026-09-17,False,https://candidat.francetravail.fr/offres/recherche/detail/6945068
6945077,D1415,Chargé(e) de relation client (CRM),Conseiller de vente (H/F),,95,95 - Sarcelles,commune,CDD,CDD,True,Débutant accepté,Débutant accepté,,False,Annuel de 480.0 Euros à 1801.0 Euros,Annuel,,,2026-09-17,False,https://candidat.francetravail.fr/offres/recherche/detail/6945077
6946396,D1415,Chargé(e) de relation client (CRM),Conseiller Relation Clientèle (H/F),GOJOB,54,54 - Atton,commune,Intérim,MIS,True,Débutant accepté,Débutant accepté,,False,Mensuel de 2208.0 Euros à 2672.0 Euros,Mensuel,26496,32064,2026-09-17,False,https://candidat.francetravail.fr/offres/recherche/detail/6946396
6964993,D1415,Chargé(e) de relation client (CRM),Technicien support vente H/F,,68,68 - Saint-Louis,commune,Intérim,MIS,True,Débutant accepté,Débutant accepté,,False,,,,,2026-09-17,False,https://candidat.francetravail.fr/offres/recherche/detail/6964993
6966387,D1415,Chargé(e) de relation client (CRM),CHARGE DE CLIENTELE H/F,,59,59 - Petite-Forêt,commune,Intérim,MIS,True,Débutant accepté,Débutant accepté,,False,,,,,2026-09-17,False,https://candidat.francetravail.fr/offres/recherche/detail/6966387
6966412,D1415,Chargé(e) de relation client (CRM),CHARGE DE CLIENTELE H/F,,59,59 - Aulnoye-Aymeries,commune,Intérim,MIS,True,Débutant accepté,Débutant accepté,,False,,,,,2026-09-17,False,https://candidat.francetravail.fr/offres/recherche/detail/6966412
7010364,D1415,Chargé(e) de relation client (CRM),Chargé de relation clients H/F,Gi Group France,33,33 - Mérignac,commune,Intérim,MIS,True,1 An(s),1 an,,False,Annuel de 23490.0 Euros à 23500.0 Euros,Annuel,23490,23500,2026-09-19,False,https://candidat.francetravail.fr/offres/recherche/detail/7010364
7031054,D1415,Chargé(e) de relation client (CRM),Conseiller Relation Clients en alternance H/F,,75,75 - Paris,commune,CDD,CDD,True,Débutant accepté,Débutant accepté,,False,,,,,2026-09-19,False,https://candidat.francetravail.fr/offres/recherche/detail/7031054
7031111,D1415,Chargé(e) de relation client (CRM),Chargé de Relation Client H/F en alternance,,75,75 - Paris,commune,CDD,CDD,True,Débutant accepté,Débutant accepté,,False,,,,,2026-09-19,False,https://candidat.francetravail.fr/offres/recherche/detail/7031111
7033224,D1415,Chargé(e) de relation client (CRM),Manager de la Relation Client F/H,,63,63 - Besse-et-Saint-Anastaise,commune,CDI,CDI,True,Débutant accepté,Débutant accepté,,False,,,,,2026-09-19,False,https://candidat.francetravail.fr/offres/recherche/detail/7033224
7033233,D1415,Chargé(e) de relation client (CRM),Manager de la Relation Client F/H,,31,31 - Toulouse,commune,CDI,CDI,True,Débutant accepté,Débutant accepté,,False,,,,,2026-09-19,False,https://candidat.francetravail.fr/offres/recherche/detail/7033233
7036081,D1415,Chargé(e) de relation client (CRM),Chargé de clientèle Leasing H/F,Michael Page,,Île-de-France,aucune,CDI,CDI,True,1 An(s),1 an,,False,Annuel de 30000.0 Euros à 32000.0 Euros,Annuel,30000,32000,2026-09-20,False,https://candidat.francetravail.fr/offres/recherche/detail/7036081
7043488,D1415,Chargé(e) de relation client (CRM),Manager de la Relation Client F/H,,45,45 - Orléans,commune,CDI,CDI,True,Débutant accepté,Débutant accepté,,False,,,,,2026-09-20,False,https://candidat.francetravail.fr/offres/recherche/detail/7043488
7043687,D1415,Chargé(e) de relation client (CRM),Chargé de relation client H/F,,30,30 - Garons,commune,Intérim,MIS,True,Débutant accepté,Débutant accepté,,False,,,,,2026-09-20,False,https://candidat.francetravail.fr/offres/recherche/detail/7043687
7058991,D1415,Chargé(e) de relation client (CRM),CHARGE(E) DE RELATION CLIENT - SUPPORT LOGICIEL MÉTIER (H/F),Randstad,14,14 - Hérouville-Saint-Clair,commune,Intérim,MIS,True,3 An(s),3 ans,,False,,,,,2026-09-21,False,https://candidat.francetravail.fr/offres/recherche/detail/7058991
7060753,D1415,Chargé(e) de relation client (CRM),CONSEILLER DE VENTE (H/F),Bricomarché,54,54 - Jarny,commune,CDD,CDD,True,Expérience exigée,"Exigée, sans durée",,False,,,,,2026-09-21,False,https://candidat.francetravail.fr/offres/recherche/detail/7060753
7061294,D1415,Chargé(e) de relation client (CRM),CONSEILLER VENTE H/F,U Les Commerçants,83,83 - Arcs,commune,CDD,CDD,True,Expérience exigée,"Exigée, sans durée",,False,,,,,2026-09-21,False,https://candidat.francetravail.fr/offres/recherche/detail/7061294
7094992,D1415,Chargé(e) de relation client (CRM),CHARGE DE CLIENTELE (H/F),,68,68 - Mulhouse,commune,Intérim,MIS,True,Débutant accepté,Débutant accepté,,False,,,,,2026-09-22,False,https://candidat.francetravail.fr/offres/recherche/detail/7094992
7095446,D1415,Chargé(e) de relation client (CRM),CHARGE DE CLIENTELE (H/F),,28,28 - Chartres,commune,Intérim,MIS,True,Débutant accepté,Débutant accepté,,False,,,,,2026-09-22,False,https://candidat.francetravail.fr/offres/recherche/detail/7095446
7095600,D1415,Chargé(e) de relation client (CRM),CHARGE DE CLIENTELE (H/F),,54,54 - Nancy,commune,Intérim,MIS,True,Débutant accepté,Débutant accepté,,False,,,,,2026-09-22,False,https://candidat.francetravail.fr/offres/recherche/detail/7095600
7095683,D1415,Chargé(e) de relation client (CRM),CHARGE.E DE RELATION CLIENT (H/F),,69,69 - Dardilly,commune,Intérim,MIS,True,Débutant accepté,Débutant accepté,,False,,,,,2026-09-22,False,https://candidat.francetravail.fr/offres/recherche/detail/7095683
7096230,D1415,Chargé(e) de relation client (CRM),Chargé ADV et Relations clients (H/F/D),,16,16 - Champagne-Mouton,commune,Intérim,MIS,True,Débutant accepté,Débutant accepté,,False,,,,,2026-09-22,False,https://candidat.francetravail.fr/offres/recherche/detail/7096230
7096495,D1415,Chargé(e) de relation client (CRM),CHARGE DE RELATION CLIENTS (H/F),,59,59 - Lille,commune,Intérim,MIS,True,Débutant accepté,Débutant accepté,,False,,,,,2026-09-22,False,https://candidat.francetravail.fr/offres/recherche/detail/7096495
7096512,D1415,Chargé(e) de relation client (CRM),CONSEILLER RELATION CLIENT (H/F),,59,59 - Marcq-en-Barœul,commune,Intérim,MIS,True,Débutant accepté,Débutant accepté,,False,,,,,2026-09-22,False,https://candidat.francetravail.fr/offres/recherche/detail/7096512
7097104,D1415,Chargé(e) de relation client (CRM),Réceptionnaire après-vente (H/F),,35,35 - Pacé,commune,CDD,CDD,True,Débutant accepté,Débutant accepté,,False,,,,,2026-09-22,False,https://candidat.francetravail.fr/offres/recherche/detail/7097104
7103258,D1415,Chargé(e) de relation client (CRM),CAP2CALL - Chargé / Chargée de relation client (H/F),CAP2CALL,52,52 - Chaumont,commune,CDI,CDI,True,Débutant accepté,Débutant accepté,,False,Mensuel de 1867.02 Euros à 1867.02 Euros,Mensuel,22404,22404,2026-09-22,False,https://candidat.francetravail.fr/offres/recherche/detail/7103258
7117526,D1415,Chargé(e) de relation client (CRM),Chargé de Relations Clients international (F/H),GROUPE HEPPNER,74,74 - Haute-Savoie,departement,CDI,CDI,True,Expérience exigée,"Exigée, sans durée",,False,,,,,2026-09-23,False,https://candidat.francetravail.fr/offres/recherche/detail/7117526
7136691,D1415,Chargé(e) de relation client (CRM),Conseiller Relation Clients H/F,,59,59 - Lille,commune,Intérim,MIS,True,Débutant accepté,Débutant accepté,,False,,,,,2026-09-23,False,https://candidat.francetravail.fr/offres/recherche/detail/7136691
7152402,D1415,Chargé(e) de relation client (CRM),Chargé de relation client (H/F),GROUPE VILAVI,93,93 - Montreuil,commune,CDI,CDI,True,1 An(s),1 an,,False,Annuel de 30000.0 Euros à 33000.0 Euros,Annuel,30000,33000,2026-09-24,False,https://candidat.francetravail.fr/offres/recherche/detail/7152402
7164436,D1415,Chargé(e) de relation client (CRM),CHARGE DE CLIENTELE (H/F),,27,27 - Bernay,commune,Intérim,MIS,True,Débutant accepté,Débutant accepté,,False,,,,,2026-09-24,False,https://candidat.francetravail.fr/offres/recherche/detail/7164436
7165913,D1415,Chargé(e) de relation client (CRM),Charge de clientele (H/F),,04,04 - Garde,commune,Intérim,MIS,True,Débutant accepté,Débutant accepté,,False,,,,,2026-09-24,False,https://candidat.francetravail.fr/offres/recherche/detail/7165913
7345445,D1415,Chargé(e) de relation client (CRM),Foncia - Chargé / Chargée de relation client (H/F),Foncia,76,76 - Rouen,commune,CDD,CDD,True,Débutant accepté,Débutant accepté,,False,,,,,2026-09-24,False,https://candidat.francetravail.fr/offres/recherche/detail/7345445
7347216,D1415,Chargé(e) de relation client (CRM),Conseiller de vente (H/F),GROUPE IGF,92,92 - Hauts-de-Seine,departement,CDD,CDD,True,1 An(s),1 an,,False,Mensuel de 759.0 Euros,Mensuel,9108,9108,2026-09-25,False,https://candidat.francetravail.fr/offres/recherche/detail/7347216
7347252,D1415,Chargé(e) de relation client (CRM),Conseiller de vente (H/F),GROUPE IGF,75,75 - Paris,departement,CDD,CDD,True,Débutant accepté,Débutant accepté,,False,Mensuel de 759.0 Euros,Mensuel,9108,9108,2026-09-25,False,https://candidat.francetravail.fr/offres/recherche/detail/7347252
7347401,D1415,Chargé(e) de relation client (CRM),Conseiller de clientèle (H/F),GROUPE IGF,75,75 - Paris 9e Arrondissement,commune,CDD,CDD,True,1 An(s),1 an,,False,Mensuel de 774.0 Euros,Mensuel,9288,9288,2026-09-25,False,https://candidat.francetravail.fr/offres/recherche/detail/7347401
7348130,D1415,Chargé(e) de relation client (CRM),Chargé de réclamation clients (H/F),,92,92 - Clamart,commune,CDI,CDI,True,3 An(s),3 ans,,True,Annuel de 25000.0 Euros à 26000.0 Euros,Annuel,25000,26000,2026-09-25,False,https://candidat.francetravail.fr/offres/recherche/detail/7348130
7348649,D1415,Chargé(e) de relation client (CRM),Conseiller de vente (H/F),,84,84 - Orange,commune,CDD,CDD,True,Débutant accepté,Débutant accepté,,False,Mensuel de 486.0 Euros à 1801.0 Euros,Mensuel,5832,21612,2026-09-25,False,https://candidat.francetravail.fr/offres/recherche/detail/7348649
7353527,D1415,Chargé(e) de relation client (CRM),CONSEILLER CLIENT (H/F),Randstad,35,35 - Châteaubourg,commune,CDD,CDD,True,Débutant accepté,Débutant accepté,,False,,,,,2026-09-25,False,https://candidat.francetravail.fr/offres/recherche/detail/7353527
7354244,D1415,Chargé(e) de relation client (CRM),CONSEILLER(E) RELATION CLIENTÈLE (H/F),Randstad professional,92,92 - Nanterre,commune,Intérim,MIS,True,3 An(s),3 ans,,False,,,,,2026-09-25,False,https://candidat.francetravail.fr/offres/recherche/detail/7354244
7354815,D1415,Chargé(e) de relation client (CRM),CHARGÉ DES RELATIONS CLIENTS ET TALENTS (H/F),Appel Medical,29,29 - Brest,commune,CDD,CDD,True,3 An(s),3 ans,,True,,,,,2026-09-25,False,https://candidat.francetravail.fr/offres/recherche/detail/7354815
7354835,D1415,Chargé(e) de relation client (CRM),CHARGÉ DES RELATIONS CLIENTS ET TALENTS (H/F),Appel Medical,29,29 - Brest,commune,CDD,CDD,True,3 An(s),3 ans,,True,,,,,2026-09-25,True,https://candidat.francetravail.fr/offres/recherche/detail/7354835
7355325,D1415,Chargé(e) de relation client (CRM),CONSEILLER CLIENT (H/F),Randstad,67,67 - Strasbourg,commune,CDI,CDI,True,Débutant accepté,Débutant accepté,,False,,,,,2026-09-25,False,https://candidat.francetravail.fr/offres/recherche/detail/7355325
7357168,D1415,Chargé(e) de relation client (CRM),CHARGÉ DE RELATION CLIENT (H/F),Randstad professional,75,75 - Paris 13e Arrondissement,commune,Intérim,MIS,True,3 An(s),3 ans,,False,,,,,2026-09-25,False,https://candidat.francetravail.fr/offres/recherche/detail/7357168
7357243,D1415,Chargé(e) de relation client (CRM),CHARGÉ DE CLIENTELE (H/F),Randstad,59,59 - Lille,commune,Intérim,MIS,True,Débutant accepté,Débutant accepté,,False,,,,,2026-09-25,False,https://candidat.francetravail.fr/offres/recherche/detail/7357243
7357296,D1415,Chargé(e) de relation client (CRM),CHARGÉ RELATIONS CLIENTS ET TALENTS (H/F),Appel Medical,24,24 - Coulounieix-Chamiers,commune,CDD,CDD,True,Débutant accepté,Débutant accepté,,False,,,,,2026-09-25,False,https://candidat.francetravail.fr/offres/recherche/detail/7357296
7357456,D1415,Chargé(e) de relation client (CRM),RESPONSABLE GESTION DE LA RELATION CLIENTS (H/F),Randstad professional,31,31 - Toulouse,commune,CDI,CDI,True,3 An(s),3 ans,,False,,,,,2026-09-25,False,https://candidat.francetravail.fr/offres/recherche/detail/7357456
7384993,D1415,Chargé(e) de relation client (CRM),CHARGE DE CLIENTELE (H/F),,57,57 - Metz,commune,Intérim,MIS,True,Débutant accepté,Débutant accepté,,False,,,,,2026-09-25,False,https://candidat.francetravail.fr/offres/recherche/detail/7384993
7386619,D1415,Chargé(e) de relation client (CRM),CHARGE RELATION CLIENTS H/F,,38,38 - Saint-Égrève,commune,Intérim,MIS,True,Débutant accepté,Débutant accepté,,False,,,,,2026-09-25,False,https://candidat.francetravail.fr/offres/recherche/detail/7386619
7389375,D1415,Chargé(e) de relation client (CRM),Chargé de secteur relation client F/H H/F,,89,89 - Lain,commune,CDI,CDI,True,Débutant accepté,Débutant accepté,,False,,,,,2026-09-25,False,https://candidat.francetravail.fr/offres/recherche/detail/7389375
7400213,D1415,Chargé(e) de relation client (CRM),Chargé(e) de relation client en agence de voyage (H/F),,75,75 - Paris,departement,CDI,CDI,True,Débutant accepté,Débutant accepté,,False,,,,,2026-09-25,False,https://candidat.francetravail.fr/offres/recherche/detail/7400213
7400836,D1415,Chargé(e) de relation client (CRM),Chargé de relation patients H/F,Fed Group,92,92 - Puteaux,commune,CDD,CDD,True,3 An(s),3 ans,,False,Annuel de 35000.0 Euros à 38000.0 Euros,Annuel,35000,38000,2026-09-26,False,https://candidat.francetravail.fr/offres/recherche/detail/7400836
7403336,D1415,Chargé(e) de relation client (CRM),Conseiller de vente (H/F),,08,08 - Givet,commune,CDD,CDD,True,Débutant accepté,Débutant accepté,,False,Mensuel de 486.0 Euros à 1801.0 Euros,Mensuel,5832,21612,2026-09-26,False,https://candidat.francetravail.fr/offres/recherche/detail/7403336
7403708,D1415,Chargé(e) de relation client (CRM),Chargé de Relations Investisseurs (H/F),TALENTS GROUPE,75,75 - Paris 9e Arrondissement,commune,CDI,CDI,True,3 An(s),3 ans,,False,Annuel de 45000.0 Euros à 50000.0 Euros,Annuel,45000,50000,2026-09-26,False,https://candidat.francetravail.fr/offres/recherche/detail/7403708
7419985,D1415,Chargé(e) de relation client (CRM),Conseiller(ère) clientèle assurance - particuliers H/F,Temporis Experts & Cadres Saint-Malo,22,22 - Dinan,commune,CDI,CDI,True,2 An(s),2 ans,,False,,,,,2026-09-26,False,https://candidat.francetravail.fr/offres/recherche/detail/7419985
7419999,D1415,Chargé(e) de relation client (CRM),Emploi Chargé.e de clientèle ADV MARCQ-EN-BAROEUL H/F,Temporis Experts & Cadres Roubaix,59,59 - Marcq-en-Barœul,commune,Intérim,MIS,True,2 An(s),2 ans,,True,,,,,2026-09-26,False,https://candidat.francetravail.fr/offres/recherche/detail/7419999
7421897,D1415,Chargé(e) de relation client (CRM),Chargé / Chargée de relation client (H/F),,31,31 - Blagnac,commune,CDI,CDI,True,Débutant accepté,Débutant accepté,,False,,,,,2026-09-26,False,https://candidat.francetravail.fr/offres/recherche/detail/7421897
7423925,D1415,Chargé(e) de relation client (CRM),CHARGE DE CLIENTELE (H/F),,16,16 - Angoulême,commune,Intérim,MIS,True,Débutant accepté,Débutant accepté,,False,,,,,2026-09-26,False,https://candidat.francetravail.fr/offres/recherche/detail/7423925
7424183,D1415,Chargé(e) de relation client (CRM),Conseiller relation clients H/F,,74,74 - Annecy,commune,Intérim,MIS,True,Débutant accepté,Débutant accepté,,False,,,,,2026-09-26,False,https://candidat.francetravail.fr/offres/recherche/detail/7424183
7425156,D1415,Chargé(e) de relation client (CRM),Charge(e) de clientele (H/F),,13,13 - Salon-de-Provence,commune,Intérim,MIS,True,Débutant accepté,Débutant accepté,,False,,,,,2026-09-26,False,https://candidat.francetravail.fr/offres/recherche/detail/7425156
7437341,D1415,Chargé(e) de relation client (CRM),Conseiller Relation Clientèle H/F,MICHAEL PAGE ADVERTISING,77,77 - Chanteloup-en-Brie,commune,Intérim,MIS,True,Débutant accepté,Débutant accepté,,False,,,,,2026-09-27,False,https://candidat.francetravail.fr/offres/recherche/detail/7437341
7448642,D1415,Chargé(e) de relation client (CRM),Chargé(e) d'approvisionnement H/F,Temporis Saint Affrique,12,12 - Saint-Affrique,commune,Intérim,MIS,True,2 An(s),2 ans,,False,,,,,2026-09-27,False,https://candidat.francetravail.fr/offres/recherche/detail/7448642
7449563,D1415,Chargé(e) de relation client (CRM),CHARGE DE CLIENTELE (H/F),,06,06 - Saint-Laurent-du-Var,commune,Intérim,MIS,True,Débutant accepté,Débutant accepté,,False,,,,,2026-09-27,False,https://candidat.francetravail.fr/offres/recherche/detail/7449563
7464573,D1415,Chargé(e) de relation client (CRM),Commis / Commise de salle (H/F),,75,75 - Paris 17e Arrondissement,commune,CDI,CDI,True,Débutant accepté,Débutant accepté,,False,,,,,2026-09-28,False,https://candidat.francetravail.fr/offres/recherche/detail/7464573
7473067,D1415,Chargé(e) de relation client (CRM),Conseiller de vente (H/F),,37,37 - Chinon,commune,CDD,CDD,True,Débutant accepté,Débutant accepté,,False,Mensuel de 486.0 Euros à 1801.0 Euros,Mensuel,5832,21612,2026-09-29,False,https://candidat.francetravail.fr/offres/recherche/detail/7473067
7474885,D1415,Chargé(e) de relation client (CRM),Conseiller Relation Clientèle (H/F),SELECT T.T.,49,49 - Angers,commune,Intérim,MIS,True,3 An(s),3 ans,,False,Mensuel de 2058.0 Euros,Mensuel,24696,24696,2026-09-29,False,https://candidat.francetravail.fr/offres/recherche/detail/7474885
7474898,D1415,Chargé(e) de relation client (CRM),Conseiller Relation Clientèle (H/F),SELECT T.T.,92,92 - Nanterre,commune,Intérim,MIS,True,3 An(s),3 ans,,False,Annuel de 33000.0 Euros à 34000.0 Euros,Annuel,33000,34000,2026-09-29,False,https://candidat.francetravail.fr/offres/recherche/detail/7474898
7475421,D1415,Chargé(e) de relation client (CRM),Chargé de relations clientèle bilingue (H/F),SELECT T.T.,86,86 - Châtellerault,commune,Intérim,MIS,True,1 An(s),1 an,,False,Annuel de 28000.0 Euros,Annuel,28000,28000,2026-09-29,False,https://candidat.francetravail.fr/offres/recherche/detail/7475421
7476118,D1415,Chargé(e) de relation client (CRM),Chargé de relations clientèle bilingue (H/F),FONCIA,64,64 - Pau,commune,CDI,CDI,True,1 An(s),1 an,,False,,,,,2026-09-29,False,https://candidat.francetravail.fr/offres/recherche/detail/7476118
7476616,D1415,Chargé(e) de relation client (CRM),Chargé de Clientèle Télévente (H/F),RANDSTAD,67,67 - Strasbourg,commune,Intérim,MIS,True,Débutant accepté,Débutant accepté,,False,Mensuel de 1911.0 Euros,Mensuel,22932,22932,2026-09-29,False,https://candidat.francetravail.fr/offres/recherche/detail/7476616
7478676,D1415,Chargé(e) de relation client (CRM),CHARGÉ DE CLIENTÈLE RELATION PATIENT (H/F),Randstad,69,69 - Vaulx-en-Velin,commune,Intérim,MIS,True,Débutant accepté,Débutant accepté,,False,,,,,2026-09-29,False,https://candidat.francetravail.fr/offres/recherche/detail/7478676
7479631,D1415,Chargé(e) de relation client (CRM),CONSEILLER DE VENTE (H/F),Bricomarché,06,06 - Gattières,commune,CDI,CDI,True,Débutant accepté,Débutant accepté,,False,,,,,2026-09-29,False,https://candidat.francetravail.fr/offres/recherche/detail/7479631
7479735,D1415,Chargé(e) de relation client (CRM),Chargé Relation Client H/F,KUEHNE+NAGEL,51,51 - Cormontreuil,commune,CDI,CDI,True,Expérience exigée,"Exigée, sans durée",,False,,,,,2026-09-29,False,https://candidat.francetravail.fr/offres/recherche/detail/7479735
