id,rome,metier,intitule,entreprise,departement,lieu,position,contrat,contrat_code,salarie,experience_brute,experience,formation,teletravail,salaire_brut_texte,salaire_unite,salaire_min_annuel,salaire_max_annuel,date_publication,doublon,url
1830496,M1430,Chargé(e) d'études commerciales,Chargé d'études marketing (H/F),,94,94 - Kremlin-Bicêtre,commune,CDI,CDI,True,3 An(s),3 ans,,False,,,,,2026-04-23,False,https://candidat.francetravail.fr/offres/recherche/detail/1830496
210ZWMZ,M1430,Chargé(e) d'études commerciales,Analyste Performance Commerciale H/F,ANDROS GLOBAL SERVICES,46,46 - Biars-sur-Cère,offre,CDI,CDI,True,2 An(s),2 ans,,True,,,,,2026-07-09,False,https://candidat.francetravail.fr/offres/recherche/detail/210ZWMZ
212GCVB,M1430,Chargé(e) d'études commerciales,Strategic Insight Lead (H/F),A + A,69,69 - LYON,offre,CDI,CDI,True,7 An(s),6 ans et plus,,True,,,,,2026-08-07,False,https://candidat.francetravail.fr/offres/recherche/detail/212GCVB
212HZRT,M1430,Chargé(e) d'études commerciales,Chargé d'études H/F,ITM AI INTERMARCHE,91,91 - Bondoufle,offre,CDI,CDI,True,1 An(s),1 an,,True,Annuel de 22404.2 Euros,Annuel,22404,22404,2026-08-11,False,https://candidat.francetravail.fr/offres/recherche/detail/212HZRT
213GDKB,M1430,Chargé(e) d'études commerciales,"Responsable Prévisions des Ventes Senior, CDD, (H/F)",PEPSICO FRANCE,92,92 - COLOMBES,offre,CDD,CDD,True,3 An(s),3 ans,Bac+5,True,Annuel de 38600.0 Euros sur 12 mois,Annuel,38600,38600,2026-09-01,False,https://candidat.francetravail.fr/offres/recherche/detail/213GDKB
213GQJV,M1430,Chargé(e) d'études commerciales,Chargé d'études techniques et commerciales (H/F),,33,33 - LIBOURNE,offre,CDI,CDI,True,3 An(s),3 ans,Bac+2,False,Annuel de 37000.0 Euros à 42000.0 Euros,Annuel,37000,42000,2026-09-02,False,https://candidat.francetravail.fr/offres/recherche/detail/213GQJV
213KLHK,M1430,Chargé(e) d'études commerciales,CHARGE D'AFFAIRES H/F (H/F),UNION DES INDUSTRIES ET METIERS DE LA ME,59,59 - Raismes,offre,CDI,CDI,True,36 Mois,3 ans,,False,Annuel de 40000.0 Euros à 45000.0 Euros - primes diverses,Annuel,40000,45000,2026-09-04,False,https://candidat.francetravail.fr/offres/recherche/detail/213KLHK
213NMGV,M1430,Chargé(e) d'études commerciales,Chargé(e) d'Etudes Internationales - Anglais courant (H/F),A + A,69,69 - LYON 03,offre,CDI,CDI,True,1 An(s),1 an,Bac+5,True,Annuel de 30000.0 Euros,Annuel,30000,30000,2026-09-08,False,https://candidat.francetravail.fr/offres/recherche/detail/213NMGV
213NNKG,M1430,Chargé(e) d'études commerciales,Responsable Analyse Marge h/f (H/F),POINT P - DISPANO -,76,76 - Le Havre,offre,CDI,CDI,True,2 An(s),2 ans,,False,Annuel de 35000.0 Euros à 45000.0 Euros,Annuel,35000,45000,2026-09-08,False,https://candidat.francetravail.fr/offres/recherche/detail/213NNKG
213NPGN,M1430,Chargé(e) d'études commerciales,Chef de Projet Appels d'Offres - Ingénierie de la Construction (H/F),VERTICALSEA,92,92 - SEVRES,offre,CDI,CDI,True,3 An(s),3 ans,Bac+3/4,False,Annuel de 40000.0 Euros à 52000.0 Euros,Annuel,40000,52000,2026-09-08,False,https://candidat.francetravail.fr/offres/recherche/detail/213NPGN
213NQBF,M1430,Chargé(e) d'études commerciales,Chef de projet pricing - F/H (H/F),SAINT-GOBAIN DISTRIBUTION BATIMENT FRANC,92,92 - COURBEVOIE,offre,CDI,CDI,True,7 An(s),6 ans et plus,Bac+5,False,Annuel de 45000.0 Euros à 60000.0 Euros,Annuel,45000,60000,2026-09-08,False,https://candidat.francetravail.fr/offres/recherche/detail/213NQBF
213QMZG,M1430,Chargé(e) d'études commerciales,Analyste Solutions Digitales Service Clients Anglais Courant H/F,CRIT INTERIM,92,92 - Issy-les-Moulineaux,offre,Intérim,MIS,True,2 An(s),2 ans,,True,Annuel de 45000.0 Euros à 50000.0 Euros,Annuel,45000,50000,2026-09-09,False,https://candidat.francetravail.fr/offres/recherche/detail/213QMZG
213RHRQ,M1430,Chargé(e) d'études commerciales,Chargé de Marketing et Communication (F/H) (H/F),GENOWAY,69,69 - Lyon 7e Arrondissement,offre,CDD,CDD,True,3 An(s),3 ans,,False,Annuel de 40000.0 Euros à 55000.0 Euros,Annuel,40000,55000,2026-09-10,False,https://candidat.francetravail.fr/offres/recherche/detail/213RHRQ
213RMWY,M1430,Chargé(e) d'études commerciales,Chargé(e) de développement commercial (H/F),LES JOYEUX RECYCLEURS,75,75 - Paris,departement,CDI,CDI,True,2 An(s),2 ans,,False,,,,,2026-09-10,False,https://candidat.francetravail.fr/offres/recherche/detail/213RMWY
213SSTK,M1430,Chargé(e) d'études commerciales,Chargé d'études de prix - Marchés à bons de commande (H/F),DGE INTERIM,78,78 - Magny-les-Hameaux,offre,CDI,CDI,True,3 An(s),3 ans,,False,Annuel de 35000.0 Euros à 45000.0 Euros,Annuel,35000,45000,2026-09-11,False,https://candidat.francetravail.fr/offres/recherche/detail/213SSTK
213VNFD,M1430,Chargé(e) d'études commerciales,Chargé(e) d'études Marchés Publics / Privés (H/F),RENOVAMAX,78,78 - Les Loges-en-Josas,offre,CDI,CDI,True,5 An(s),5 ans,,False,Mensuel de 3300.0 Euros à 4000.0 Euros,Mensuel,39600,48000,2026-09-14,False,https://candidat.francetravail.fr/offres/recherche/detail/213VNFD
213WBDJ,M1430,Chargé(e) d'études commerciales,Chargé(e) d'Études de Prix - Monuments Historiques - En CDI H/F,CRIT Gros Oeuvre,63,63 - Clermont-Ferrand,offre,CDI,CDI,True,2 An(s),2 ans,,False,Annuel de 35000.0 Euros à 45000.0 Euros,Annuel,35000,45000,2026-09-14,False,https://candidat.francetravail.fr/offres/recherche/detail/213WBDJ
213XNHT,M1430,Chargé(e) d'études commerciales,Assistant d'études commerciales / Assistante d'études commerciale (H/F),ALDI,71,71 - Mâcon,offre,CDI,CDI,True,Débutant accepté,Débutant accepté,,False,Horaire de 12.31 Euros,Horaire,19782,19782,2026-09-15,False,https://candidat.francetravail.fr/offres/recherche/detail/213XNHT
213YFTS,M1430,Chargé(e) d'études commerciales,Chargé d'études (H/F),ABD INTERIM,65,65 - Tarbes,offre,CDI,CDI,True,1 An(s),1 an,,False,Horaire de 15.0 Euros à 18.0 Euros,Horaire,24105,28926,2026-09-16,False,https://candidat.francetravail.fr/offres/recherche/detail/213YFTS
214CNHJ,M1430,Chargé(e) d'études commerciales,Prévisionniste des Ventes (H/F),,41,41 - LE CONTROIS-EN-SOLOGNE,offre,CDI,CDI,True,1 An(s),1 an,Bac+5,False,Annuel de 35000.0 Euros à 40000.0 Euros - Sur 13 mois,Annuel,35000,40000,2026-09-18,False,https://candidat.francetravail.fr/offres/recherche/detail/214CNHJ
214DLJD,M1430,Chargé(e) d'études commerciales,Chargé de développement commercial (H/F),PGMS,86,86 - VOUILLE,offre,CDI,CDI,True,Débutant accepté,Débutant accepté,,False,Annuel de 32000.0 Euros à 34000.0 Euros,Annuel,32000,34000,2026-09-21,False,https://candidat.francetravail.fr/offres/recherche/detail/214DLJD
214DSHV,M1430,Chargé(e) d'études commerciales,CHARGE DE DEVELOPPEMENT COMMERCIAL (H/F),ESAT DE BEAUCHASTEL,07,07 - BEAUCHASTEL,offre,CDD,CDD,True,3 An(s),3 ans,,False,Annuel de 36000.0 Euros à 40000.0 Euros,Annuel,36000,40000,2026-09-21,False,https://candidat.francetravail.fr/offres/recherche/detail/214DSHV
214FCFQ,M1430,Chargé(e) d'études commerciales,Supply Planner / Enquête Capacitaire Fournisseur (H/F),CREATYM FRANCE,78,78 - Guyancourt,offre,CDI,CDI,True,Débutant accepté,Débutant accepté,,False,,,,,2026-09-21,False,https://candidat.francetravail.fr/offres/recherche/detail/214FCFQ
214FPZV,M1430,Chargé(e) d'études commerciales,Chargé d'Études de Coûts et de Chiffrage (H/F),ABD INTERIM,65,65 - Bazet,offre,CDI,CDI,True,1 An(s),1 an,,False,Horaire de 15.0 Euros à 19.0 Euros,Horaire,24105,30533,2026-09-22,False,https://candidat.francetravail.fr/offres/recherche/detail/214FPZV
214FVSC,M1430,Chargé(e) d'études commerciales,Chargé d'Étude de Prix H/F,ADECCO,38,38 - Roches-de-Condrieu,offre,CDI,CDI,True,1 An(s),1 an,,True,,,,,2026-09-22,False,https://candidat.francetravail.fr/offres/recherche/detail/214FVSC
214GMGD,M1430,Chargé(e) d'études commerciales,Technicien Étude de Prix (h/f) (H/F),ADECCO,06,06 - Saint-Laurent-du-Var,offre,Intérim,MIS,True,Débutant accepté,Débutant accepté,,False,,,,,2026-09-22,False,https://candidat.francetravail.fr/offres/recherche/detail/214GMGD
214HZRV,M1430,Chargé(e) d'études commerciales,Prévisionniste des ventes et coordinateur des flux logistiques (H/F),PARTNAIRE,56,56 - Moréac,offre,CDD,CDD,True,2 An(s),2 ans,,False,Annuel de 30000.0 Euros à 30000.0 Euros,Annuel,30000,30000,2026-09-24,False,https://candidat.francetravail.fr/offres/recherche/detail/214HZRV
214JCFH,M1430,Chargé(e) d'études commerciales,ANALYSTE DE PRIX (H/F),POK,10,10 - Nogent-sur-Seine,offre,CDI,CDI,True,Débutant accepté,Débutant accepté,,True,,,,,2026-09-24,False,https://candidat.francetravail.fr/offres/recherche/detail/214JCFH
214JKBW,M1430,Chargé(e) d'études commerciales,Chargé d'études marketing (H/F),DALKIA Groupe EDF,69,69 - VILLEURBANNE,offre,CDD,CDD,True,1 An(s),1 an,,True,Annuel de 32000.0 Euros à 37000.0 Euros - Sur 13 mois,Annuel,32000,37000,2026-09-24,False,https://candidat.francetravail.fr/offres/recherche/detail/214JKBW
214JZJQ,M1430,Chargé(e) d'études commerciales,Chargé Études TP/VRD - Construction H/F,ADECCO FRANCE,49,49 - Baugé-en-Anjou,offre,CDD,CDD,True,2 An(s),2 ans,,True,Annuel de 30000.0 Euros à 35000.0 Euros,Annuel,30000,35000,2026-09-24,False,https://candidat.francetravail.fr/offres/recherche/detail/214JZJQ
214LPPJ,M1430,Chargé(e) d'études commerciales,Charge d'etude (H/F),PROMAN,29,29 - Morlaix,offre,Intérim,MIS,True,1 An(s),1 an,,False,Horaire de 12.38 Euros à 13.5 Euros,Horaire,19895,21694,2026-09-28,False,https://candidat.francetravail.fr/offres/recherche/detail/214LPPJ
214MCXR,M1430,Chargé(e) d'études commerciales,Chargé d'études (H/F),SERPE,77,77 - Moussy-le-Neuf,offre,CDI,CDI,True,5 An(s),5 ans,Bac+3/4,False,Mensuel de 3300.0 Euros - à partir de 3300€ brut/mensuels (dont prime géographique de 10%),Mensuel,39600,39600,2026-09-28,False,https://candidat.francetravail.fr/offres/recherche/detail/214MCXR
214NBBL,M1430,Chargé(e) d'études commerciales,RESPONSABLE PROSPECTIVE ET DÉVELOPPEMENT H/F (H/F),EUROMETROPOLE DE STRASBOURG,67,67 - STRASBOURG,offre,CDI,CDI,True,36 Mois,3 ans,,False,Mensuel de 2200.0 Euros,Mensuel,26400,26400,2026-09-29,False,https://candidat.francetravail.fr/offres/recherche/detail/214NBBL
2294691,M1430,Chargé(e) d'études commerciales,Prévisionniste F/H - Daunat,Daunat,22,22 - Saint-Agathon,commune,CDI,CDI,True,3 An(s),3 ans,,False,Annuel de 40000.0 Euros à 46000.0 Euros,Annuel,40000,46000,2026-05-05,False,https://candidat.francetravail.fr/offres/recherche/detail/2294691
3341889,M1430,Chargé(e) d'études commerciales,Technicien d'Études / Chargé d'Études H/F - Isolation Frigorifique F/H - SOFRADI,SOFRADI,44,44 - Treillières,offre,CDI,CDI,True,5 An(s),5 ans,,True,,,,,2026-06-02,False,https://candidat.francetravail.fr/offres/recherche/detail/3341889
3874880,M1430,Chargé(e) d'études commerciales,Employé commercial (F/H) - Etudiant(e)s,,56,56 - Pontivy,offre,CDI,CDI,True,Débutant accepté,Débutant accepté,,False,,,,,2026-06-17,False,https://candidat.francetravail.fr/offres/recherche/detail/3874880
3875093,M1430,Chargé(e) d'études commerciales,EMPLOYE COMMERCIAL ETUDIANT(H/F),,94,94 - Champigny-sur-Marne,offre,CDI,CDI,True,Débutant accepté,Débutant accepté,,False,,,,,2026-06-17,False,https://candidat.francetravail.fr/offres/recherche/detail/3875093
3877827,M1430,Chargé(e) d'études commerciales,INTERMARCHE - EMPLOYE COMMERCIAL TEMPS PARTIEL IDEAL ETUDIANT(E) (H/F),,92,92 - Issy-les-Moulineaux,offre,CDI,CDI,True,Débutant accepté,Débutant accepté,,False,,,,,2026-06-17,False,https://candidat.francetravail.fr/offres/recherche/detail/3877827
3878095,M1430,Chargé(e) d'études commerciales,INTERMARCHE - ETUDIANT /E - EMPLOYE COMMERCIAL W.E. (H/F),,21,21 - Fontaine-lès-Dijon,offre,CDI,CDI,True,Débutant accepté,Débutant accepté,,False,,,,,2026-06-17,False,https://candidat.francetravail.fr/offres/recherche/detail/3878095
3878579,M1430,Chargé(e) d'études commerciales,INTERMARCHE - EMPLOYE COMMERCIAL ETUDIANT (H/F),,31,31 - Cornebarrieu,offre,CDI,CDI,True,Débutant accepté,Débutant accepté,,False,,,,,2026-06-17,False,https://candidat.francetravail.fr/offres/recherche/detail/3878579
3878728,M1430,Chargé(e) d'études commerciales,NETTO - EMPLOYE COMMERCIAL ETUDIANT (H/F),,31,31 - Beauzelle,offre,CDI,CDI,True,Débutant accepté,Débutant accepté,,False,,,,,2026-06-17,False,https://candidat.francetravail.fr/offres/recherche/detail/3878728
3882645,M1430,Chargé(e) d'études commerciales,EMPLOYE COMMERCIAL ETUDIANT (H/F),,94,94 - Champigny-sur-Marne,offre,CDI,CDI,True,Débutant accepté,Débutant accepté,,False,,,,,2026-06-17,False,https://candidat.francetravail.fr/offres/recherche/detail/3882645
3992780,M1430,Chargé(e) d'études commerciales,EMPLOYE COMMERCIAL (H/F) ETUDIANT,,13,13 - Arles,offre,CDI,CDI,True,Débutant accepté,Débutant accepté,,False,,,,,2026-06-19,False,https://candidat.francetravail.fr/offres/recherche/detail/3992780
4071052,M1430,Chargé(e) d'études commerciales,_CONSEILLER DE VENTE (H/F/NB) ETE 2026 (AOUT / MI-SEPTEMBRE),,91,91 - Sainte-Geneviève-des-Bois,offre,Intérim,MIS,True,Débutant accepté,Débutant accepté,,False,,,,,2026-06-21,False,https://candidat.francetravail.fr/offres/recherche/detail/4071052
4602483,M1430,Chargé(e) d'études commerciales,CHEF.FE DE PRODUIT MARKETING SENIOR - H/F,GS1 France,75,75 - Paris 9e Arrondissement,offre,CDI,CDI,True,2 An(s),2 ans,,False,,,,,2026-07-06,False,https://candidat.francetravail.fr/offres/recherche/detail/4602483
4709222,M1430,Chargé(e) d'études commerciales,Chargé d'études de prix (H/F),FAYAT ENERGIE SERVICES,92,92 - Nanterre,offre,CDI,CDI,True,3 An(s),3 ans,Bac+5,False,,,,,2026-07-09,False,https://candidat.francetravail.fr/offres/recherche/detail/4709222
4709231,M1430,Chargé(e) d'études commerciales,Chargé d'études de prix (H/F),FAYAT ENERGIE SERVICES,,Île-de-France,aucune,CDI,CDI,True,3 An(s),3 ans,Bac+5,False,,,,,2026-07-09,False,https://candidat.francetravail.fr/offres/recherche/detail/4709231
4766795,M1430,Chargé(e) d'études commerciales,Analyste Préventes / Pre Sales MES - CANADA (H/F),,31,31 - Toulouse,offre,CDI,CDI,True,Débutant accepté,Débutant accepté,,True,,,,,2026-07-09,False,https://candidat.francetravail.fr/offres/recherche/detail/4766795
4780566,M1430,Chargé(e) d'études commerciales,Chargé d'études électrotechnique (H/F),,77,77 - Melun,offre,CDI,CDI,True,1 An(s),1 an,Bac+5,False,Annuel de 31000.0 Euros à 38000.0 Euros,Annuel,31000,38000,2026-07-10,False,https://candidat.francetravail.fr/offres/recherche/detail/4780566
4786637,M1430,Chargé(e) d'études commerciales,EMPLOYE COMMERCIAL / étudiant (H/F),,68,68 - Bartenheim,offre,CDI,CDI,True,Débutant accepté,Débutant accepté,,False,,,,,2026-07-10,False,https://candidat.francetravail.fr/offres/recherche/detail/4786637
4871382,M1430,Chargé(e) d'études commerciales,ETUDIANT EMPLOYE COMMERCIAL (H/F),,19,19 - Saint-Cyprien,offre,CDI,CDI,True,Débutant accepté,Débutant accepté,,False,,,,,2026-07-11,False,https://candidat.francetravail.fr/offres/recherche/detail/4871382
5042465,M1430,Chargé(e) d'études commerciales,EMPLOYE COMMERCIAL (H/F) ETUDIANT - Week-end,,13,13 - Marseille,commune,CDI,CDI,True,Débutant accepté,Débutant accepté,,False,,,,,2026-07-16,False,https://candidat.francetravail.fr/offres/recherche/detail/5042465
5042564,M1430,Chargé(e) d'études commerciales,INTERMARCHE - EMPLOYE COMMERCIAL (H/F) ETUDIANTS,,38,38 - Apprieu,offre,CDI,CDI,True,Débutant accepté,Débutant accepté,,False,,,,,2026-07-16,False,https://candidat.francetravail.fr/offres/recherche/detail/5042564
5058554,M1430,Chargé(e) d'études commerciales,Responsable Supply Chain H/F – CDI F/H - Sobreval,Sobreval,22,22 - Jugon-les-Lacs,offre,CDI,CDI,True,5 An(s),5 ans,,False,,,,,2026-07-16,False,https://candidat.francetravail.fr/offres/recherche/detail/5058554
5081816,M1430,Chargé(e) d'études commerciales,FPA Stock & Margin (Finance Process Analyst) H/F,,59,59 - Lille,commune,CDI,CDI,True,Débutant accepté,Débutant accepté,,False,,,,,2026-07-17,False,https://candidat.francetravail.fr/offres/recherche/detail/5081816
5435534,M1430,Chargé(e) d'études commerciales,COMPASS GROUP - Responsable prévision des ventes (H/F),COMPASS GROUP,60,60 - Beauvais,offre,CDI,CDI,True,2 An(s),2 ans,,False,,,,,2026-07-24,False,https://candidat.francetravail.fr/offres/recherche/detail/5435534
5552745,M1430,Chargé(e) d'études commerciales,Data Analyste Pricing H/F,,91,91 - Vert-le-Grand,offre,CDI,CDI,True,Débutant accepté,Débutant accepté,,True,,,,,2026-07-29,False,https://candidat.francetravail.fr/offres/recherche/detail/5552745
5637019,M1430,Chargé(e) d'études commerciales,Chargé d'études marketing et développement commercial (H/F),,84,84 - Pertuis,offre,CDD,CDD,True,Débutant accepté,Débutant accepté,Bac+5,False,,,,,2026-08-01,False,https://candidat.francetravail.fr/offres/recherche/detail/5637019
5831041,M1430,Chargé(e) d'études commerciales,Chargé d'études de prix (H/F),DGE INTERIM,66,66 - Rivesaltes,offre,CDI,CDI,True,3 An(s),3 ans,Bac+5,False,Mensuel de 3000.0 Euros,Mensuel,36000,36000,2026-08-08,False,https://candidat.francetravail.fr/offres/recherche/detail/5831041
5853172,M1430,Chargé(e) d'études commerciales,ENQUETE SATISFACTION BTOB (H/F),,,Île-de-France,aucune,Intérim,MIS,True,Débutant accepté,Débutant accepté,,False,,,,,2026-08-08,False,https://candidat.francetravail.fr/offres/recherche/detail/5853172
5909274,M1430,Chargé(e) d'études commerciales,Chargé d'études techniques BE - Isolation Industrielle F/H - SOFRADI,SOFRADI,44,44 - Treillières,commune,CDI,CDI,True,3 An(s),3 ans,,True,,,,,2026-08-11,False,https://candidat.francetravail.fr/offres/recherche/detail/5909274
6091578,M1430,Chargé(e) d'études commerciales,Chargé des achats et des marchés publics (H/F),École Normale Supérieure - PSL,75,75 - Paris 5e Arrondissement,commune,CDD,CDD,True,Expérience exigée,"Exigée, sans durée",,True,,,,,2026-08-19,False,https://candidat.francetravail.fr/offres/recherche/detail/6091578
6108498,M1430,Chargé(e) d'études commerciales,Analyste Pricing H/F,,91,91 - Vert-le-Grand,commune,CDI,CDI,True,Débutant accepté,Débutant accepté,,False,,,,,2026-08-19,False,https://candidat.francetravail.fr/offres/recherche/detail/6108498
6142977,M1430,Chargé(e) d'études commerciales,ETUDIANTS EMPLOYE COMMERCIAL (H/F),,33,33 - Eysines,commune,CDI,CDI,True,Débutant accepté,Débutant accepté,,False,,,,,2026-08-20,False,https://candidat.francetravail.fr/offres/recherche/detail/6142977
6204522,M1430,Chargé(e) d'études commerciales,Ingénieur d'études traitement de l'eau (H/F),Eng'IN Technologies,30,30 - Nîmes,commune,CDI,CDI,True,2 An(s),2 ans,,False,,,,,2026-08-22,False,https://candidat.francetravail.fr/offres/recherche/detail/6204522
6222191,M1430,Chargé(e) d'études commerciales,EMPLOYE COMMERCIAL ETUDIANT(H/F),,84,84 - Apt,commune,CDD,CDD,True,Débutant accepté,Débutant accepté,,False,,,,,2026-08-23,False,https://candidat.francetravail.fr/offres/recherche/detail/6222191
6240142,M1430,Chargé(e) d'études commerciales,Chargé d'études marketing quantitatives (H/F),,78,78 - Versailles,commune,CDI,CDI,True,3 An(s),3 ans,,False,Annuel de 40000.0 Euros à 42000.0 Euros,Annuel,40000,42000,2026-08-25,False,https://candidat.francetravail.fr/offres/recherche/detail/6240142
6273501,M1430,Chargé(e) d'études commerciales,E.Leclerc - Responsable communication et marketing H/F - H/F,AULNOYDIS,59,59 - Aulnoye-Aymeries,commune,CDI,CDI,True,0 An(s),Débutant accepté,,False,,,,,2026-08-25,False,https://candidat.francetravail.fr/offres/recherche/detail/6273501
6273518,M1430,Chargé(e) d'études commerciales,E.Leclerc - Responsable informatique et marketing H/F - H/F,AULNOYDIS,59,59 - Aulnoye-Aymeries,commune,CDI,CDI,True,Débutant accepté,Débutant accepté,,False,,,,,2026-08-25,False,https://candidat.francetravail.fr/offres/recherche/detail/6273518
6315041,M1430,Chargé(e) d'études commerciales,ALTERNANCE - CHARGÉ(E) DE COORDINATION VENTES & ACTIVITÉS OFFSHORE - H/F,CLS,31,31 - Ramonville-Saint-Agne,commune,CDD,CDD,True,Débutant accepté,Débutant accepté,,False,,,,,2026-08-26,False,https://candidat.francetravail.fr/offres/recherche/detail/6315041
6323528,M1430,Chargé(e) d'études commerciales,Attaché(e) technique - Rédacteur marchés publics (H/F),,17,17 - Rochelle,commune,CDD,CDD,True,Expérience exigée,"Exigée, sans durée",,False,Annuel de 38511.0 Euros à 38511.0 Euros,Annuel,38511,38511,2026-08-27,False,https://candidat.francetravail.fr/offres/recherche/detail/6323528
6323560,M1430,Chargé(e) d'études commerciales,Attaché(e) technique - Rédacteur marchés publics (H/F),,40,40 - Mont-de-Marsan,commune,CDD,CDD,True,Expérience exigée,"Exigée, sans durée",,False,Annuel de 38511.0 Euros à 38511.0 Euros,Annuel,38511,38511,2026-08-27,False,https://candidat.francetravail.fr/offres/recherche/detail/6323560
6323696,M1430,Chargé(e) d'études commerciales,Attaché(e) technique - Rédacteur marchés publics (H/F),,64,64 - Bayonne,commune,CDD,CDD,True,Expérience exigée,"Exigée, sans durée",,False,Annuel de 38511.0 Euros à 38511.0 Euros,Annuel,38511,38511,2026-08-27,False,https://candidat.francetravail.fr/offres/recherche/detail/6323696
6323719,M1430,Chargé(e) d'études commerciales,Attaché(e) technique - Rédacteur marchés publics (H/F),,33,33 - Bordeaux,commune,CDD,CDD,True,Expérience exigée,"Exigée, sans durée",,False,Annuel de 38511.0 Euros à 38511.0 Euros,Annuel,38511,38511,2026-08-27,False,https://candidat.francetravail.fr/offres/recherche/detail/6323719
6382008,M1430,Chargé(e) d'études commerciales,Alternance Chargé Marketing et Communications - Paris (H/F),ISCOD,75,75 - Paris 17e Arrondissement,commune,CDD,CDD,True,1 An(s),1 an,,False,,,,,2026-08-28,False,https://candidat.francetravail.fr/offres/recherche/detail/6382008
6393614,M1430,Chargé(e) d'études commerciales,Agent d'expédition H/F - Daunat,Daunat,22,22 - Saint-Agathon,commune,CDI,CDI,True,Débutant accepté,Débutant accepté,,False,,,,,2026-08-28,False,https://candidat.francetravail.fr/offres/recherche/detail/6393614
6401185,M1430,Chargé(e) d'études commerciales,Chargé / Chargée d'études satisfaction (H/F)," Daimler Buses France
                ",55,55 - Ligny-en-Barrois,commune,CDI,CDI,True,3 An(s),3 ans,,False,Mensuel de 2700.0 Euros à 2800.0 Euros,Mensuel,32400,33600,2026-08-29,False,https://candidat.francetravail.fr/offres/recherche/detail/6401185
6425413,M1430,Chargé(e) d'études commerciales,Chargé d'Etudes Automatisme (H/F),Les Colettes Sourcing,56,56 - Lorient,commune,CDI,CDI,True,2 An(s),2 ans,,False,,,,,2026-08-30,False,https://candidat.francetravail.fr/offres/recherche/detail/6425413
6425444,M1430,Chargé(e) d'études commerciales,Chargé d'Etudes Automatisme (H/F),Les Colettes Sourcing,56,56 - Lorient,commune,CDI,CDI,True,2 An(s),2 ans,,False,,,,,2026-08-30,True,https://candidat.francetravail.fr/offres/recherche/detail/6425444
6433799,M1430,Chargé(e) d'études commerciales,Chargé / Chargée d'études en marketing (H/F),,91,91 - Essonne,departement,CDD,CDD,True,Débutant accepté,Débutant accepté,,False,,,,,2026-08-30,False,https://candidat.francetravail.fr/offres/recherche/detail/6433799
6433879,M1430,Chargé(e) d'études commerciales,Chargé / Chargée d'études commerciales (H/F),,06,06 - Alpes-Maritimes,departement,CDD,CDD,True,Débutant accepté,Débutant accepté,,False,Annuel de 15000.0 Euros à 25000.0 Euros,Annuel,15000,25000,2026-08-30,False,https://candidat.francetravail.fr/offres/recherche/detail/6433879
6441752,M1430,Chargé(e) d'études commerciales,Chargé d'études commerciales (H/F),MANPOWER FRANCE,49,49 - Saumur,commune,CDI,CDI,True,1 An(s),1 an,,False,,,,,2026-08-31,False,https://candidat.francetravail.fr/offres/recherche/detail/6441752
6513577,M1430,Chargé(e) d'études commerciales,Chargé d'Etudes Commerciales Transport H/F,DACHSER,,Île-de-France,aucune,CDI,CDI,True,Expérience exigée,"Exigée, sans durée",,False,,,,,2026-09-02,True,https://candidat.francetravail.fr/offres/recherche/detail/6513577
6516703,M1430,Chargé(e) d'études commerciales,Chargé / Chargée d'études satisfaction (H/F),,92,92 - Hauts-de-Seine,departement,CDI,CDI,True,Débutant accepté,Débutant accepté,,False,,,,,2026-09-02,False,https://candidat.francetravail.fr/offres/recherche/detail/6516703
6518507,M1430,Chargé(e) d'études commerciales,Chargé de chiffrage et d'appels d'offres (H/F),,95,95 - Osny,commune,CDI,CDI,True,Débutant accepté,Débutant accepté,,False,,,,,2026-09-02,False,https://candidat.francetravail.fr/offres/recherche/detail/6518507
6538994,M1430,Chargé(e) d'études commerciales,Bid Manager - Marchés Publics (f/h) (H/F),INOP'S,92,92 - Puteaux,commune,CDI,CDI,True,Expérience exigée,"Exigée, sans durée",,False,Annuel de 40000.0 Euros à 50000.0 Euros,Annuel,40000,50000,2026-09-03,False,https://candidat.francetravail.fr/offres/recherche/detail/6538994
6622858,M1430,Chargé(e) d'études commerciales,Responsable prévision des ventes (H/F),,44,44 - Nantes,commune,CDI,CDI,True,Débutant accepté,Débutant accepté,,False,,,,,2026-09-04,False,https://candidat.francetravail.fr/offres/recherche/detail/6622858
6624352,M1430,Chargé(e) d'études commerciales,Assistant(e) commerciale - Bureau d'études H/F,,33,33 - Bordeaux,commune,CDI,CDI,True,Débutant accepté,Débutant accepté,,False,,,,,2026-09-04,False,https://candidat.francetravail.fr/offres/recherche/detail/6624352
6635452,M1430,Chargé(e) d'études commerciales,Agent logistique F/H - Daunat Nord,Daunat Nord,62,62 - Monchy-le-Preux,commune,CDD,CDD,True,1 An(s),1 an,,False,Mensuel de 1871.61 Euros à 1950.0 Euros,Mensuel,22459,23400,2026-09-04,False,https://candidat.francetravail.fr/offres/recherche/detail/6635452
6637053,M1430,Chargé(e) d'études commerciales,Chargé d'études et appels d'offres H/F,talentconcept,74,74 - Chavanod,commune,CDI,CDI,True,Débutant accepté,Débutant accepté,,False,Annuel de 39000.0 Euros à 55000.0 Euros,Annuel,39000,55000,2026-09-04,False,https://candidat.francetravail.fr/offres/recherche/detail/6637053
6662391,M1430,Chargé(e) d'études commerciales,"Responsable progrès, satisfaction clients et amélioration continue f/h (H/F)",,76,76 - Gonfreville-l'Orcher,commune,CDI,CDI,True,Expérience exigée,"Exigée, sans durée",,False,,,,,2026-09-05,False,https://candidat.francetravail.fr/offres/recherche/detail/6662391
6686701,M1430,Chargé(e) d'études commerciales,Chargé / Chargée d'études en marketing (H/F),FAST VIET,86,86 - Chasseneuil-du-Poitou,commune,CDD,CDD,True,Débutant accepté,Débutant accepté,,False,,,,,2026-09-07,False,https://candidat.francetravail.fr/offres/recherche/detail/6686701
6693201,M1430,Chargé(e) d'études commerciales,EMPLOYE COMMERCIAL ETUDIANT (H/F),,35,35 - Combourg,commune,CDI,CDI,True,Débutant accepté,Débutant accepté,,False,,,,,2026-09-07,False,https://candidat.francetravail.fr/offres/recherche/detail/6693201
6732327,M1430,Chargé(e) d'études commerciales,Chargé(e) de Marketing Opérationnel H/F,RANDSTAD LE PORT,97,974 - Sainte-Marie,commune,Intérim,MIS,True,1 An(s),1 an,,True,Mensuel de 2000.0 Euros à 2500.0 Euros,Mensuel,24000,30000,2026-09-08,False,https://candidat.francetravail.fr/offres/recherche/detail/6732327
6744727,M1430,Chargé(e) d'études commerciales,Chargé de Prospection Commerciale (H/F),ATOUT TRAVAIL TEMPORAIRE,38,38 - Heyrieux,commune,CDI,CDI,True,Débutant accepté,Débutant accepté,,False,Annuel de 30000.0 Euros à 35000.0 Euros - De 30000 à 35000 € (Euros) par an,Annuel,30000,35000,2026-09-09,False,https://candidat.francetravail.fr/offres/recherche/detail/6744727
6765842,M1430,Chargé(e) d'études commerciales,Package Manager (Ingénieur Etudes matériel) (H/F),B-HIVE,44,44 - Nantes,commune,CDI,CDI,True,2 An(s),2 ans,,False,,,,,2026-09-09,False,https://candidat.francetravail.fr/offres/recherche/detail/6765842
6766153,M1430,Chargé(e) d'études commerciales,CHARGE D'ETUDES COLONNES MONTANTES (H/F),LTd,73,73 - Albertville,commune,Intérim,MIS,True,2 An(s),2 ans,,False,,,,,2026-09-09,False,https://candidat.francetravail.fr/offres/recherche/detail/6766153
6766175,M1430,Chargé(e) d'études commerciales,Chargé d'Études VRD (H/F),LTd,72,72 - Mans,commune,CDI,CDI,True,2 An(s),2 ans,,False,,,,,2026-09-09,False,https://candidat.francetravail.fr/offres/recherche/detail/6766175
6766179,M1430,Chargé(e) d'études commerciales,Responsable Bureau d'Études VRD (H/F),LTd,72,72 - Mans,commune,CDI,CDI,True,9 An(s),6 ans et plus,,False,,,,,2026-09-09,False,https://candidat.francetravail.fr/offres/recherche/detail/6766179
6766224,M1430,Chargé(e) d'études commerciales,CHARGE D'ETUDES COLONNES MONTANTES (H/F),LTd,38,38 - Grenoble,commune,Intérim,MIS,True,2 An(s),2 ans,,False,,,,,2026-09-09,False,https://candidat.francetravail.fr/offres/recherche/detail/6766224
6766225,M1430,Chargé(e) d'études commerciales,CHARGE D'ETUDES COLONNES MONTANTES (H/F),LTd,74,74 - Haute-Savoie,departement,Intérim,MIS,True,2 An(s),2 ans,,False,,,,,2026-09-09,False,https://candidat.francetravail.fr/offres/recherche/detail/6766225
6772181,M1430,Chargé(e) d'études commerciales,Web Analyst (H/F),La Voix du Nord,59,59 - Lille,commune,CDI,CDI,True,2 An(s),2 ans,,True,"Annuel de 35000.0 Euros à 40000.0 Euros - Titres restaurant, RTT, télétravail",Annuel,35000,40000,2026-09-09,False,https://candidat.francetravail.fr/offres/recherche/detail/6772181
6772367,M1430,Chargé(e) d'études commerciales,Alternant-e Marketing Digital (H/F),L'Union,51,51 - Reims,commune,CDD,CDD,True,1 An(s),1 an,,False,"Annuel de 22000.0 Euros à 25000.0 Euros - titres restaurant, participation ",Annuel,22000,25000,2026-09-09,False,https://candidat.francetravail.fr/offres/recherche/detail/6772367
6775360,M1430,Chargé(e) d'études commerciales,TECHNICIEN D'ÉTUDES ÉLECTRICITÉ H/F - Intersud Interim Fréjus,Intersud Interim Fréjus,83,83 - Fréjus,commune,Intérim,MIS,True,1 An(s),1 an,,False,,,,,2026-09-09,False,https://candidat.francetravail.fr/offres/recherche/detail/6775360
6797098,M1430,Chargé(e) d'études commerciales,Chargé d'études (H/F),LTd,69,69 - Mornant,commune,CDI,CDI,True,2 An(s),2 ans,,False,,,,,2026-09-10,False,https://candidat.francetravail.fr/offres/recherche/detail/6797098
6797099,M1430,Chargé(e) d'études commerciales,Ingénieur d'études CVC - Interim (H/F),LTd,33,33 - Bordeaux,commune,CDI,CDI,True,5 An(s),5 ans,,False,,,,,2026-09-10,False,https://candidat.francetravail.fr/offres/recherche/detail/6797099
6797178,M1430,Chargé(e) d'études commerciales,Ingénieur d'études CFo / CFA - CDI (H/F),LTd,44,44 - Nantes,commune,CDI,CDI,True,5 An(s),5 ans,,False,,,,,2026-09-10,False,https://candidat.francetravail.fr/offres/recherche/detail/6797178
6797235,M1430,Chargé(e) d'études commerciales,Ingénieur d'études ELEC (H/F),LTd,91,91 - Viry-Châtillon,commune,CDI,CDI,True,2 An(s),2 ans,,False,,,,,2026-09-10,False,https://candidat.francetravail.fr/offres/recherche/detail/6797235
6797327,M1430,Chargé(e) d'études commerciales,Ingénieur d'Etudes VRD (H/F),LTd,77,77 - Lognes,commune,CDI,CDI,True,2 An(s),2 ans,,False,,,,,2026-09-10,False,https://candidat.francetravail.fr/offres/recherche/detail/6797327
6797368,M1430,Chargé(e) d'études commerciales,CHARGÉ D'ÉTUDES DE PRIX METAL NUCLÉAIRE (H/F),LTd,78,78 - Vélizy-Villacoublay,commune,Intérim,MIS,True,5 An(s),5 ans,,False,,,,,2026-09-10,False,https://candidat.francetravail.fr/offres/recherche/detail/6797368
6797380,M1430,Chargé(e) d'études commerciales,Ingénieur d'Etudes VRD (H/F),LTd,91,91 - Longjumeau,commune,CDI,CDI,True,2 An(s),2 ans,,False,,,,,2026-09-10,False,https://candidat.francetravail.fr/offres/recherche/detail/6797380
6797414,M1430,Chargé(e) d'études commerciales,CHARGÉ D'ÉTUDES DE PRIX PAYSAGE (H/F),LTd,93,93 - Tremblay-en-France,commune,CDI,CDI,True,2 An(s),2 ans,,False,,,,,2026-09-10,False,https://candidat.francetravail.fr/offres/recherche/detail/6797414
6797415,M1430,Chargé(e) d'études commerciales,CHARGÉ D'ÉTUDES DE PRIX PAYSAGE (H/F),LTd,95,95 - Louvres,commune,CDI,CDI,True,2 An(s),2 ans,,False,,,,,2026-09-10,False,https://candidat.francetravail.fr/offres/recherche/detail/6797415
6797419,M1430,Chargé(e) d'études commerciales,Chargé d'Études (H/F),LTd,75,75 - Paris 1er Arrondissement,commune,CDI,CDI,True,Débutant accepté,Débutant accepté,,False,,,,,2026-09-10,False,https://candidat.francetravail.fr/offres/recherche/detail/6797419
6797442,M1430,Chargé(e) d'études commerciales,CHARGÉ D'ÉTUDES DE PRIX VRD (H/F),LTd,74,74 - Thonon-les-Bains,commune,CDI,CDI,True,5 An(s),5 ans,,False,,,,,2026-09-10,False,https://candidat.francetravail.fr/offres/recherche/detail/6797442
6797444,M1430,Chargé(e) d'études commerciales,Ingénieur d'Etudes VRD (H/F),LTd,53,53 - Changé,commune,CDI,CDI,True,2 An(s),2 ans,,False,,,,,2026-09-10,False,https://candidat.francetravail.fr/offres/recherche/detail/6797444
6797462,M1430,Chargé(e) d'études commerciales,Chargé d'Études VRD (H/F),LTd,59,59 - Dunkerque,commune,CDI,CDI,True,2 An(s),2 ans,,False,,,,,2026-09-10,False,https://candidat.francetravail.fr/offres/recherche/detail/6797462
6797468,M1430,Chargé(e) d'études commerciales,CHARGÉ D'ÉTUDES VRD (H/F),LTd,92,92 - Rueil-Malmaison,commune,CDI,CDI,True,2 An(s),2 ans,,False,,,,,2026-09-10,False,https://candidat.francetravail.fr/offres/recherche/detail/6797468
6797474,M1430,Chargé(e) d'études commerciales,INGÉNIEUR ÉTUDES AMÉNAGEMENTS URBAINS (H/F),LTd,92,92 - Rueil-Malmaison,commune,Intérim,MIS,True,2 An(s),2 ans,,False,,,,,2026-09-10,False,https://candidat.francetravail.fr/offres/recherche/detail/6797474
6797491,M1430,Chargé(e) d'études commerciales,Responsable Bureau d'Études VRD (H/F),LTd,59,59 - Dunkerque,commune,CDI,CDI,True,9 An(s),6 ans et plus,,False,,,,,2026-09-10,False,https://candidat.francetravail.fr/offres/recherche/detail/6797491
6797667,M1430,Chargé(e) d'études commerciales,Chargé(e) d'Études Réseaux secs - Logiciel ATLAS / ERAS (H/F),LTd,49,49 - Angers,commune,Intérim,MIS,True,2 An(s),2 ans,,False,,,,,2026-09-10,False,https://candidat.francetravail.fr/offres/recherche/detail/6797667
6803407,M1430,Chargé(e) d'études commerciales,Chargé de support back office grands comptes F/H,Interaction Recrutement Interne,35,35 - Rennes,commune,CDI,CDI,True,2 An(s),2 ans,,False,Annuel de 25000.0 Euros à 25000.0 Euros - Primes variables + TR,Annuel,25000,25000,2026-09-10,False,https://candidat.francetravail.fr/offres/recherche/detail/6803407
6809670,M1430,Chargé(e) d'études commerciales,Responsable prévisions des ventes (H/F),LHH RECRUITMENT SOLUTIONS,97,971 - Baie-Mahault,commune,CDI,CDI,True,1 An(s),1 an,,False,,,,,2026-09-11,False,https://candidat.francetravail.fr/offres/recherche/detail/6809670
6825722,M1430,Chargé(e) d'études commerciales,Chargé d'études Offre de transport - Freelance (H/F),Collective.work,75,75 - Paris,commune,Profession libérale,LIB,False,Débutant accepté,Débutant accepté,,False,,,,,2026-09-11,False,https://candidat.francetravail.fr/offres/recherche/detail/6825722
6845765,M1430,Chargé(e) d'études commerciales,Ingénieur Études Structure Béton (H/F),LTd,62,62 - Boisdinghem,commune,CDI,CDI,True,2 An(s),2 ans,,False,,,,,2026-09-12,False,https://candidat.francetravail.fr/offres/recherche/detail/6845765
6845894,M1430,Chargé(e) d'études commerciales,Ingénieur d'études CFo / CFA - CDI (H/F),LTd,75,75 - Paris 15e Arrondissement,commune,CDI,CDI,True,5 An(s),5 ans,,False,,,,,2026-09-12,False,https://candidat.francetravail.fr/offres/recherche/detail/6845894
6846493,M1430,Chargé(e) d'études commerciales,Chargé(e) d'Études télécoms / Chargée d'Études télécoms (H/F),LTd,35,35 - Rennes,commune,Intérim,MIS,True,2 An(s),2 ans,,False,,,,,2026-09-12,False,https://candidat.francetravail.fr/offres/recherche/detail/6846493
6846497,M1430,Chargé(e) d'études commerciales,Chargé(e) d'Études télécoms / Chargée d'Études télécoms (H/F),LTd,53,53 - Laval,commune,Intérim,MIS,True,2 An(s),2 ans,,False,,,,,2026-09-12,False,https://candidat.francetravail.fr/offres/recherche/detail/6846497
6895537,M1430,Chargé(e) d'études commerciales,Ingénieur Etudes CVC-HVAC - Ventilation Industrielle et Matériels Thermiques - Nucléaire (H/F),PARLYM,37,37 - Tours,commune,CDI,CDI,True,2 An(s),2 ans,,False,,,,,2026-09-15,False,https://candidat.francetravail.fr/offres/recherche/detail/6895537
6895589,M1430,Chargé(e) d'études commerciales,Ingénieur études (H/F),PARLYM,13,13 - Marseille 1er Arrondissement,commune,CDI,CDI,True,2 An(s),2 ans,,False,,,,,2026-09-15,False,https://candidat.francetravail.fr/offres/recherche/detail/6895589
6895725,M1430,Chargé(e) d'études commerciales,Responsable Bureau d'études fondations spéciales (H/F),Alveor,85,85 - Sables-d'Olonne,commune,CDI,CDI,True,5 An(s),5 ans,,False,,,,,2026-09-15,False,https://candidat.francetravail.fr/offres/recherche/detail/6895725
6895928,M1430,Chargé(e) d'études commerciales,Ingénieur d'études CVC Junior (H/F),LTd,95,95 - Saint-Ouen-l'Aumône,commune,CDI,CDI,True,Débutant accepté,Débutant accepté,,False,,,,,2026-09-15,False,https://candidat.francetravail.fr/offres/recherche/detail/6895928
6895935,M1430,Chargé(e) d'études commerciales,Ingénieur d'études CVC Junior (H/F),LTd,78,78 - Vélizy-Villacoublay,commune,CDI,CDI,True,Débutant accepté,Débutant accepté,,False,,,,,2026-09-15,False,https://candidat.francetravail.fr/offres/recherche/detail/6895935
6895938,M1430,Chargé(e) d'études commerciales,H/F - Ingénieur d'études ELEC - DATACENTER - CDI,LTd,92,92 - Rueil-Malmaison,commune,CDI,CDI,True,5 An(s),5 ans,,False,,,,,2026-09-15,False,https://candidat.francetravail.fr/offres/recherche/detail/6895938
6910581,M1430,Chargé(e) d'études commerciales,Chargé d'études de prix (H/F),DLSI,08,08 - Rethel,commune,CDI,CDI,True,3 An(s),3 ans,,False,Annuel de 30000.0 Euros à 48000.0 Euros,Annuel,30000,48000,2026-09-16,False,https://candidat.francetravail.fr/offres/recherche/detail/6910581
6928076,M1430,Chargé(e) d'études commerciales,Ingénieur Études CFO (H/F),ERAKLES,90,90 - Belfort,commune,CDI,CDI,True,5 An(s),5 ans,,False,,,,,2026-09-16,False,https://candidat.francetravail.fr/offres/recherche/detail/6928076
6928124,M1430,Chargé(e) d'études commerciales,Ingénieur Études VRD / Ingénieure Études VRD (H/F),LTd,31,31 - Toulouse,commune,CDI,CDI,True,5 An(s),5 ans,,False,,,,,2026-09-16,False,https://candidat.francetravail.fr/offres/recherche/detail/6928124
6963469,M1430,Chargé(e) d'études commerciales,Chargé d'Études Réseaux / Canalisations / Chauffage (H/F),LTd,91,91 - Wissous,commune,CDI,CDI,True,2 An(s),2 ans,,False,,,,,2026-09-17,False,https://candidat.francetravail.fr/offres/recherche/detail/6963469
6963482,M1430,Chargé(e) d'études commerciales,H/F Chargé d'études de prix,LTd,95,95 - Saint-Ouen-l'Aumône,commune,CDI,CDI,True,2 An(s),2 ans,,False,,,,,2026-09-17,False,https://candidat.francetravail.fr/offres/recherche/detail/6963482
6963510,M1430,Chargé(e) d'études commerciales,Chargé études de prix (H/F),LTd,13,13 - Marseille 1er Arrondissement,commune,CDI,CDI,True,5 An(s),5 ans,,False,,,,,2026-09-17,False,https://candidat.francetravail.fr/offres/recherche/detail/6963510
6963618,M1430,Chargé(e) d'études commerciales,Ingénieur d'études CVC confirmé (H/F),LTd,75,75 - Paris 1er Arrondissement,commune,CDI,CDI,True,5 An(s),5 ans,,False,,,,,2026-09-17,True,https://candidat.francetravail.fr/offres/recherche/detail/6963618
6963633,M1430,Chargé(e) d'études commerciales,Chargé d'études de prix (H/F),LTd,91,91 - Viry-Châtillon,commune,Intérim,MIS,True,2 An(s),2 ans,,False,,,,,2026-09-17,False,https://candidat.francetravail.fr/offres/recherche/detail/6963633
6963711,M1430,Chargé(e) d'études commerciales,Coordinateur d'Études Génie Civil (H/F),LTd,02,02 - Ciry-Salsogne,commune,CDI,CDI,True,2 An(s),2 ans,,False,,,,,2026-09-17,False,https://candidat.francetravail.fr/offres/recherche/detail/6963711
6963745,M1430,Chargé(e) d'études commerciales,Chargé(e) d'Etudes de Prix VRD (H/F),LTd,44,44 - Carquefou,commune,CDI,CDI,True,2 An(s),2 ans,,False,,,,,2026-09-17,False,https://candidat.francetravail.fr/offres/recherche/detail/6963745
6963752,M1430,Chargé(e) d'études commerciales,Ingénieur d'Etudes VRD (H/F),LTd,94,94 - Choisy-le-Roi,commune,CDI,CDI,True,2 An(s),2 ans,,False,,,,,2026-09-17,False,https://candidat.francetravail.fr/offres/recherche/detail/6963752
6963765,M1430,Chargé(e) d'études commerciales,Chargé d'études VRD (H/F),LTd,33,33 - Teste-de-Buch,commune,CDI,CDI,True,2 An(s),2 ans,,False,,,,,2026-09-17,False,https://candidat.francetravail.fr/offres/recherche/detail/6963765
6963770,M1430,Chargé(e) d'études commerciales,Chargé d'études VRD (H/F),LTd,38,38 - Saint-Sorlin-de-Vienne,commune,CDI,CDI,True,2 An(s),2 ans,,False,,,,,2026-09-17,False,https://candidat.francetravail.fr/offres/recherche/detail/6963770
6963811,M1430,Chargé(e) d'études commerciales,Responsable d'agence bureau d'études structure - Fréjus (H/F),INTUITION RECRUTEMENT,83,83 - Adrets-de-l'Estérel,commune,CDI,CDI,True,5 An(s),5 ans,,False,,,,,2026-09-17,False,https://candidat.francetravail.fr/offres/recherche/detail/6963811
6963820,M1430,Chargé(e) d'études commerciales,Chargé d'études VRD (H/F),LTd,49,49 - Cholet,commune,CDI,CDI,True,2 An(s),2 ans,,False,,,,,2026-09-17,False,https://candidat.francetravail.fr/offres/recherche/detail/6963820
6963844,M1430,Chargé(e) d'études commerciales,H/F - Géomètre - Chargé(e) d'études copropriété,LTd,44,44 - Nantes,commune,CDI,CDI,True,2 An(s),2 ans,,False,,,,,2026-09-17,False,https://candidat.francetravail.fr/offres/recherche/detail/6963844
6963943,M1430,Chargé(e) d'études commerciales,CHARGÉ D'ÉTUDES DE PRIX PAYSAGE - CDI (H/F),LTd,77,77 - Claye-Souilly,commune,CDI,CDI,True,2 An(s),2 ans,,False,,,,,2026-09-17,False,https://candidat.francetravail.fr/offres/recherche/detail/6963943
6963972,M1430,Chargé(e) d'études commerciales,Ingénieur études de prix TCE (H/F),LTd,75,75 - Paris 1er Arrondissement,commune,CDI,CDI,True,Débutant accepté,Débutant accepté,,False,,,,,2026-09-17,False,https://candidat.francetravail.fr/offres/recherche/detail/6963972
6964020,M1430,Chargé(e) d'études commerciales,Chargé d'Études VRD (H/F),LTd,50,50 - Cherbourg-en-Cotentin,commune,CDI,CDI,True,2 An(s),2 ans,,False,,,,,2026-09-17,False,https://candidat.francetravail.fr/offres/recherche/detail/6964020
6964039,M1430,Chargé(e) d'études commerciales,Ingénieur d'Etudes VRD (H/F),LTd,63,63 - Clermont-Ferrand,commune,CDI,CDI,True,2 An(s),2 ans,,False,,,,,2026-09-17,False,https://candidat.francetravail.fr/offres/recherche/detail/6964039
6964043,M1430,Chargé(e) d'études commerciales,Responsable Bureau d'Études VRD (H/F),LTd,50,50 - Cherbourg-en-Cotentin,commune,CDI,CDI,True,9 An(s),6 ans et plus,,False,,,,,2026-09-17,False,https://candidat.francetravail.fr/offres/recherche/detail/6964043
6964056,M1430,Chargé(e) d'études commerciales,Chargé d'Étude de Prix (H/F),LTd,69,69 - Lyon 1er Arrondissement,commune,CDI,CDI,True,2 An(s),2 ans,,False,,,,,2026-09-17,False,https://candidat.francetravail.fr/offres/recherche/detail/6964056
6967205,M1430,Chargé(e) d'études commerciales,Chargé / Chargé(e) d'études commerciales H/F,,79,79 - Parthenay,commune,Intérim,MIS,True,Débutant accepté,Débutant accepté,,False,,,,,2026-09-17,False,https://candidat.francetravail.fr/offres/recherche/detail/6967205
6986463,M1430,Chargé(e) d'études commerciales,Ingénieur d'études en fondations spéciales (H/F),UCETIA CONSULTING,92,92 - Courbevoie,commune,CDI,CDI,True,2 An(s),2 ans,,False,,,,,2026-09-18,False,https://candidat.francetravail.fr/offres/recherche/detail/6986463
6986504,M1430,Chargé(e) d'études commerciales,Ingénieur d'études en ouvrages d'art (H/F),UCETIA CONSULTING,92,92 - Courbevoie,commune,CDI,CDI,True,2 An(s),2 ans,,False,,,,,2026-09-18,False,https://candidat.francetravail.fr/offres/recherche/detail/6986504
6986506,M1430,Chargé(e) d'études commerciales,Ingénieur d'études en VRD (H/F),UCETIA CONSULTING,92,92 - Courbevoie,commune,CDI,CDI,True,2 An(s),2 ans,,False,,,,,2026-09-18,False,https://candidat.francetravail.fr/offres/recherche/detail/6986506
6986680,M1430,Chargé(e) d'études commerciales,Ingénieur d'études CVC confirmé (H/F),LTd,75,75 - Paris 1er Arrondissement,commune,CDI,CDI,True,5 An(s),5 ans,,False,,,,,2026-09-18,False,https://candidat.francetravail.fr/offres/recherche/detail/6986680
7030404,M1430,Chargé(e) d'études commerciales,Business Analyste P&L Risques FRONT OFFICE Finance de marché - Freelance (H/F),Collective.work,75,75 - Paris,commune,Profession libérale,LIB,False,Débutant accepté,Débutant accepté,,True,,,,,2026-09-19,False,https://candidat.francetravail.fr/offres/recherche/detail/7030404
7030454,M1430,Chargé(e) d'études commerciales,Business Analyste P&L Risques FRONT OFFICE Finance de marché - Freelance (H/F),Collective.work,75,75 - Paris,commune,Profession libérale,LIB,False,Débutant accepté,Débutant accepté,,True,,,,,2026-09-19,True,https://candidat.francetravail.fr/offres/recherche/detail/7030454
7030655,M1430,Chargé(e) d'études commerciales,Chargé / Chargée d'études commerciales (H/F),,35,35 - Vitré,commune,CDI,CDI,True,Débutant accepté,Débutant accepté,,False,,,,,2026-09-19,False,https://candidat.francetravail.fr/offres/recherche/detail/7030655
7043806,M1430,Chargé(e) d'études commerciales,Chargé d'Études VRD (H/F),LTd,59,59 - Lille,commune,CDI,CDI,True,2 An(s),2 ans,,False,,,,,2026-09-20,False,https://candidat.francetravail.fr/offres/recherche/detail/7043806
7043934,M1430,Chargé(e) d'études commerciales,TECHNICIEN ETUDES RESEAUX SECS - MARCHE ENEDIS (H/F),LTd,59,59 - Lille,commune,Intérim,MIS,True,2 An(s),2 ans,,False,,,,,2026-09-20,False,https://candidat.francetravail.fr/offres/recherche/detail/7043934
7043938,M1430,Chargé(e) d'études commerciales,TECHNICIEN ETUDES RESEAUX SECS - MARCHE ENEDIS (H/F),LTd,57,57 - Metz,commune,Intérim,MIS,True,2 An(s),2 ans,,False,,,,,2026-09-20,False,https://candidat.francetravail.fr/offres/recherche/detail/7043938
7043945,M1430,Chargé(e) d'études commerciales,TECHNICIEN ETUDES RESEAUX SECS - MARCHE ENEDIS (H/F),LTd,06,06 - Nice,commune,Intérim,MIS,True,2 An(s),2 ans,,False,,,,,2026-09-20,False,https://candidat.francetravail.fr/offres/recherche/detail/7043945
7043947,M1430,Chargé(e) d'études commerciales,TECHNICIEN ETUDES RESEAUX SECS - MARCHE ENEDIS (H/F),LTd,67,67 - Strasbourg,commune,Intérim,MIS,True,2 An(s),2 ans,,False,,,,,2026-09-20,False,https://candidat.francetravail.fr/offres/recherche/detail/7043947
7053283,M1430,Chargé(e) d'études commerciales,Ingénieur Études de Prix Principal CES - Toulouse (H/F),Les Colettes Sourcing,31,31 - Toulouse,commune,CDI,CDI,True,5 An(s),5 ans,,False,,,,,2026-09-21,False,https://candidat.francetravail.fr/offres/recherche/detail/7053283
7053289,M1430,Chargé(e) d'études commerciales,Ingénieur Études de Prix Principal CES - Bordeaux (H/F),Les Colettes Sourcing,33,33 - Bordeaux,commune,CDI,CDI,True,5 An(s),5 ans,,False,,,,,2026-09-21,False,https://candidat.francetravail.fr/offres/recherche/detail/7053289
7053325,M1430,Chargé(e) d'études commerciales,Ingénieur Études de Prix Principal GO ou CES - Lyon (H/F),Les Colettes Sourcing,69,69 - Lyon 1er Arrondissement,commune,CDI,CDI,True,5 An(s),5 ans,,False,,,,,2026-09-21,False,https://candidat.francetravail.fr/offres/recherche/detail/7053325
7053680,M1430,Chargé(e) d'études commerciales,Ingénieur Études de Prix Principal CES - Toulouse (H/F),Les Colettes Sourcing,31,31 - Toulouse,commune,CDI,CDI,True,5 An(s),5 ans,,False,,,,,2026-09-21,True,https://candidat.francetravail.fr/offres/recherche/detail/7053680
7093590,M1430,Chargé(e) d'études commerciales,Chargé(e) d'études Réseaux Électriques (H/F),LTd,02,02 - Laon,commune,Intérim,MIS,True,2 An(s),2 ans,,False,,,,,2026-09-22,False,https://candidat.francetravail.fr/offres/recherche/detail/7093590
7093592,M1430,Chargé(e) d'études commerciales,Alternance Chargé de Marketing et Communication - Villeurbanne (H/F),ISCOD,69,69 - Villeurbanne,commune,CDD,CDD,True,1 An(s),1 an,,False,,,,,2026-09-22,False,https://candidat.francetravail.fr/offres/recherche/detail/7093592
7093669,M1430,Chargé(e) d'études commerciales,Ingénieur Responsable d'Etudes Electriques Nucléaire (H/F),AVNIR IMT,69,69 - Lyon 7e Arrondissement,commune,CDI,CDI,True,5 An(s),5 ans,,False,,,,,2026-09-22,False,https://candidat.francetravail.fr/offres/recherche/detail/7093669
7093728,M1430,Chargé(e) d'études commerciales,Ingénieur études de prix GO/TCE (H/F),Alveor,77,77 - Melun,commune,CDI,CDI,True,Débutant accepté,Débutant accepté,,False,,,,,2026-09-22,False,https://candidat.francetravail.fr/offres/recherche/detail/7093728
7093813,M1430,Chargé(e) d'études commerciales,Chargé(e) d'études Réseaux Électriques (H/F),LTd,57,57 - Metz,commune,Intérim,MIS,True,2 An(s),2 ans,,False,,,,,2026-09-22,False,https://candidat.francetravail.fr/offres/recherche/detail/7093813
7093823,M1430,Chargé(e) d'études commerciales,Chargé d'études Colonnes Montantes Électrique Réseaux Secs - Marché ENEDIS f/h (H/F),LTd,57,57 - Metz,commune,Intérim,MIS,True,2 An(s),2 ans,,False,,,,,2026-09-22,False,https://candidat.francetravail.fr/offres/recherche/detail/7093823
7112674,M1430,Chargé(e) d'études commerciales,Chargé.e des achats et des marchés DAF (H/F),Direction des Affaires Financières - DAF,94,94 - Créteil,commune,CDI,CDI,True,Débutant accepté,Débutant accepté,,False,,,,,2026-09-23,False,https://candidat.francetravail.fr/offres/recherche/detail/7112674
7113099,M1430,Chargé(e) d'études commerciales,CHARGE.E DE LA COMMANDE PUBLIQUE (H/F),Saint-Brieuc Armor Agglomération,22,22 - Saint-Brieuc,commune,CDI,CDI,True,Débutant accepté,Débutant accepté,,True,Mensuel de 2700.0 Euros à 3100.0 Euros,Mensuel,32400,37200,2026-09-23,False,https://candidat.francetravail.fr/offres/recherche/detail/7113099
7114251,M1430,Chargé(e) d'études commerciales,Chargé de Marchés Publics F.H (H/F),Université Jean Monnet Saint Etienne,42,42 - Saint-Étienne,commune,CDD,CDD,True,Débutant accepté,Débutant accepté,,False,,,,,2026-09-23,False,https://candidat.francetravail.fr/offres/recherche/detail/7114251
7115479,M1430,Chargé(e) d'études commerciales,Chargé(e) de la commande publique (H/F),Guingamp-Paimpol Agglomération,22,22 - Guingamp,commune,CDI,CDI,True,Expérience exigée,"Exigée, sans durée",,True,Mensuel de 2100.0 Euros à 2600.0 Euros,Mensuel,25200,31200,2026-09-23,False,https://candidat.francetravail.fr/offres/recherche/detail/7115479
7115729,M1430,Chargé(e) d'études commerciales,Ingénieur Projet Européen de Recherche H/F,UNIVERSITE DE BORDEAUX,33,33 - Talence,commune,CDD,CDD,True,Débutant accepté,Débutant accepté,,True,Mensuel de 2250.0 Euros à 2830.0 Euros,Mensuel,27000,33960,2026-09-23,False,https://candidat.francetravail.fr/offres/recherche/detail/7115729
7132045,M1430,Chargé(e) d'études commerciales,Chargé d'études EIA (H/F),B-HIVE,13,13 - Aix-en-Provence,commune,CDI,CDI,True,5 An(s),5 ans,,False,,,,,2026-09-23,False,https://candidat.francetravail.fr/offres/recherche/detail/7132045
7132052,M1430,Chargé(e) d'études commerciales,Ingénieur Études CVC / HVAC (H/F),B-HIVE,44,44 - Saint-Nazaire,commune,CDI,CDI,True,Débutant accepté,Débutant accepté,,False,,,,,2026-09-23,False,https://candidat.francetravail.fr/offres/recherche/detail/7132052
7132098,M1430,Chargé(e) d'études commerciales,Ingénieur Etudes Electriques (H/F),B-HIVE,69,69 - Lyon 7e Arrondissement,commune,CDI,CDI,True,2 An(s),2 ans,,False,,,,,2026-09-23,False,https://candidat.francetravail.fr/offres/recherche/detail/7132098
7132111,M1430,Chargé(e) d'études commerciales,Chargé d'études SSI (H/F),B-HIVE,13,13 - Aix-en-Provence,commune,CDI,CDI,True,5 An(s),5 ans,,False,,,,,2026-09-23,False,https://candidat.francetravail.fr/offres/recherche/detail/7132111
7132153,M1430,Chargé(e) d'études commerciales,Ingénieur d'Études SEE Electrical Aéronautique/Défense (H/F),B-HIVE,31,31 - Blagnac,commune,CDI,CDI,True,2 An(s),2 ans,,False,,,,,2026-09-23,False,https://candidat.francetravail.fr/offres/recherche/detail/7132153
7132211,M1430,Chargé(e) d'études commerciales,Responsable Etudes  - Fondations spéciales (H/F),KAIHROS CONSULTING,13,13 - Vitrolles,commune,CDI,CDI,True,2 An(s),2 ans,,False,,,,,2026-09-23,False,https://candidat.francetravail.fr/offres/recherche/detail/7132211
7136552,M1430,Chargé(e) d'études commerciales,Chef de Projet Appel d'offres H/F - Secteur Sud-Est,,13,13 - Fuveau,commune,Intérim,MIS,True,Débutant accepté,Débutant accepté,,False,,,,,2026-09-23,False,https://candidat.francetravail.fr/offres/recherche/detail/7136552
7136615,M1430,Chargé(e) d'études commerciales,Chargé de Projets - Etudes et Appel d'Offres H/F,,69,69 - Vaulx-en-Velin,commune,Intérim,MIS,True,Débutant accepté,Débutant accepté,,False,,,,,2026-09-23,False,https://candidat.francetravail.fr/offres/recherche/detail/7136615
7136637,M1430,Chargé(e) d'études commerciales,Chargé(e) de projets études appels d'offre F/H,,59,59 - Lezennes,commune,Intérim,MIS,True,Débutant accepté,Débutant accepté,,False,,,,,2026-09-23,False,https://candidat.francetravail.fr/offres/recherche/detail/7136637
7136853,M1430,Chargé(e) d'études commerciales,Chargé d'Etudes Appels d'offres F/H,,94,94 - Saint-Maurice,commune,Intérim,MIS,True,Débutant accepté,Débutant accepté,,False,,,,,2026-09-23,False,https://candidat.francetravail.fr/offres/recherche/detail/7136853
7136876,M1430,Chargé(e) d'études commerciales,Chargé d'Etudes Appels d'offres F/H,,44,44 - Nantes,commune,Intérim,MIS,True,Débutant accepté,Débutant accepté,,False,,,,,2026-09-23,False,https://candidat.francetravail.fr/offres/recherche/detail/7136876
7136935,M1430,Chargé(e) d'études commerciales,Chef de Projet Appel d'offres H/F - Secteur Ouest,,44,44 - Nantes,commune,Intérim,MIS,True,Débutant accepté,Débutant accepté,,False,,,,,2026-09-23,False,https://candidat.francetravail.fr/offres/recherche/detail/7136935
7137109,M1430,Chargé(e) d'études commerciales,Chargé d'Etudes Appels d'Offres F/H,,78,78 - Ecquevilly,commune,Intérim,MIS,True,Débutant accepté,Débutant accepté,,False,,,,,2026-09-23,False,https://candidat.francetravail.fr/offres/recherche/detail/7137109
7155919,M1430,Chargé(e) d'études commerciales,Chef.fe de service de la commande publique et des achats responsables (H/F),Université de Perpignan Via Domitia,66,66 - Perpignan,commune,CDD,CDD,True,Expérience exigée,"Exigée, sans durée",,False,Mensuel de 1944.0 Euros à 1944.0 Euros,Mensuel,23328,23328,2026-09-24,False,https://candidat.francetravail.fr/offres/recherche/detail/7155919
7162294,M1430,Chargé(e) d'études commerciales,Chargé d'études (H/F),LTd,49,49 - Noyant-Villages,commune,CDI,CDI,True,2 An(s),2 ans,,False,,,,,2026-09-24,False,https://candidat.francetravail.fr/offres/recherche/detail/7162294
7162323,M1430,Chargé(e) d'études commerciales,Chargé d'études & d'affaires (H/F),LTd,67,67 - Strasbourg,commune,CDI,CDI,True,2 An(s),2 ans,,False,,,,,2026-09-24,False,https://candidat.francetravail.fr/offres/recherche/detail/7162323
7162591,M1430,Chargé(e) d'études commerciales,Chargé études de prix (H/F),LTd,34,34 - Montpellier,commune,CDI,CDI,True,5 An(s),5 ans,,False,,,,,2026-09-24,False,https://candidat.francetravail.fr/offres/recherche/detail/7162591
7162605,M1430,Chargé(e) d'études commerciales,Chargé études de prix (H/F),LTd,84,84 - Avignon,commune,CDI,CDI,True,5 An(s),5 ans,,False,,,,,2026-09-24,False,https://candidat.francetravail.fr/offres/recherche/detail/7162605
7162652,M1430,Chargé(e) d'études commerciales,Chargé d'Études VRD (H/F),LTd,35,35 - Rennes,commune,CDI,CDI,True,2 An(s),2 ans,,False,,,,,2026-09-24,False,https://candidat.francetravail.fr/offres/recherche/detail/7162652
7162678,M1430,Chargé(e) d'études commerciales,BIM Modeleur Revit MEP - Bureau d'études (H/F),LTd,59,59 - Lille,commune,CDI,CDI,True,2 An(s),2 ans,,False,,,,,2026-09-24,False,https://candidat.francetravail.fr/offres/recherche/detail/7162678
7162695,M1430,Chargé(e) d'études commerciales,Responsable Bureau d'Études VRD (H/F),LTd,35,35 - Rennes,commune,CDI,CDI,True,9 An(s),6 ans et plus,,False,,,,,2026-09-24,False,https://candidat.francetravail.fr/offres/recherche/detail/7162695
7162706,M1430,Chargé(e) d'études commerciales,Chargé d'études VRD (H/F),LTd,34,34 - Jacou,commune,CDI,CDI,True,2 An(s),2 ans,,False,,,,,2026-09-24,False,https://candidat.francetravail.fr/offres/recherche/detail/7162706
7162726,M1430,Chargé(e) d'études commerciales,Chargé de Projet Études de Prix - Génie Civil (H/F),LTd,59,59 - Villeneuve-d'Ascq,commune,CDI,CDI,True,Débutant accepté,Débutant accepté,,False,,,,,2026-09-24,False,https://candidat.francetravail.fr/offres/recherche/detail/7162726
7162730,M1430,Chargé(e) d'études commerciales,Chargé d'Études VRD (H/F),LTd,53,53 - Laval,commune,CDI,CDI,True,2 An(s),2 ans,,False,,,,,2026-09-24,False,https://candidat.francetravail.fr/offres/recherche/detail/7162730
7162771,M1430,Chargé(e) d'études commerciales,Ingénieur d'Etudes VRD (H/F),LTd,75,75 - Paris 1er Arrondissement,commune,CDI,CDI,True,2 An(s),2 ans,,False,,,,,2026-09-24,False,https://candidat.francetravail.fr/offres/recherche/detail/7162771
7162796,M1430,Chargé(e) d'études commerciales,Ingénieur études de prix HFX (H/F),LTd,33,33 - Bordeaux,commune,CDI,CDI,True,2 An(s),2 ans,,False,,,,,2026-09-24,False,https://candidat.francetravail.fr/offres/recherche/detail/7162796
7162823,M1430,Chargé(e) d'études commerciales,Chargé études de prix (H/F),LTd,38,38 - Grenoble,commune,CDI,CDI,True,5 An(s),5 ans,,False,,,,,2026-09-24,False,https://candidat.francetravail.fr/offres/recherche/detail/7162823
7162825,M1430,Chargé(e) d'études commerciales,Ingénieur études de prix TCE (H/F),LTd,92,92 - Plessis-Robinson,commune,CDI,CDI,True,2 An(s),2 ans,,False,,,,,2026-09-24,False,https://candidat.francetravail.fr/offres/recherche/detail/7162825
7162831,M1430,Chargé(e) d'études commerciales,Ingénieur Etudes VRD (H/F),LTd,91,91 - Avrainville,commune,CDI,CDI,True,2 An(s),2 ans,,False,,,,,2026-09-24,False,https://candidat.francetravail.fr/offres/recherche/detail/7162831
7162838,M1430,Chargé(e) d'études commerciales,Responsable Bureau d'Études VRD (H/F),LTd,56,56 - Lorient,commune,CDI,CDI,True,9 An(s),6 ans et plus,,False,,,,,2026-09-24,False,https://candidat.francetravail.fr/offres/recherche/detail/7162838
7162839,M1430,Chargé(e) d'études commerciales,Ingénieur études de prix TCE (H/F),LTd,91,91 - Viry-Châtillon,commune,CDI,CDI,True,2 An(s),2 ans,,False,,,,,2026-09-24,False,https://candidat.francetravail.fr/offres/recherche/detail/7162839
7162841,M1430,Chargé(e) d'études commerciales,Chargé d'études VRD (H/F),LTd,75,75 - Paris 12e Arrondissement,commune,CDI,CDI,True,2 An(s),2 ans,,False,,,,,2026-09-24,False,https://candidat.francetravail.fr/offres/recherche/detail/7162841
7162842,M1430,Chargé(e) d'études commerciales,Chargé études de prix (H/F),LTd,13,13 - Aix-en-Provence,commune,CDI,CDI,True,5 An(s),5 ans,,False,,,,,2026-09-24,False,https://candidat.francetravail.fr/offres/recherche/detail/7162842
7162855,M1430,Chargé(e) d'études commerciales,Chargé d'Études VRD (H/F),LTd,56,56 - Lorient,commune,CDI,CDI,True,2 An(s),2 ans,,False,,,,,2026-09-24,False,https://candidat.francetravail.fr/offres/recherche/detail/7162855
7162856,M1430,Chargé(e) d'études commerciales,Chargé études de prix (H/F),LTd,06,06 - Nice,commune,CDI,CDI,True,5 An(s),5 ans,,False,,,,,2026-09-24,False,https://candidat.francetravail.fr/offres/recherche/detail/7162856
7162861,M1430,Chargé(e) d'études commerciales,Chargé d'Études VRD (H/F),LTd,14,14 - Caen,commune,CDI,CDI,True,2 An(s),2 ans,,False,,,,,2026-09-24,False,https://candidat.francetravail.fr/offres/recherche/detail/7162861
7162876,M1430,Chargé(e) d'études commerciales,Responsable Bureau d'Études VRD (H/F),LTd,14,14 - Caen,commune,CDI,CDI,True,9 An(s),6 ans et plus,,False,,,,,2026-09-24,False,https://candidat.francetravail.fr/offres/recherche/detail/7162876
7162883,M1430,Chargé(e) d'études commerciales,Responsable Bureau d'Études VRD (H/F),LTd,59,59 - Lille,commune,CDI,CDI,True,9 An(s),6 ans et plus,,False,,,,,2026-09-24,False,https://candidat.francetravail.fr/offres/recherche/detail/7162883
7162893,M1430,Chargé(e) d'études commerciales,Chargé d'Études VRD (H/F),LTd,29,29 - Brest,commune,CDI,CDI,True,2 An(s),2 ans,,False,,,,,2026-09-24,False,https://candidat.francetravail.fr/offres/recherche/detail/7162893
7162897,M1430,Chargé(e) d'études commerciales,Chargé d'Études VRD (H/F),LTd,45,45 - Orléans,commune,CDI,CDI,True,2 An(s),2 ans,,False,,,,,2026-09-24,False,https://candidat.francetravail.fr/offres/recherche/detail/7162897
7162898,M1430,Chargé(e) d'études commerciales,Responsable Bureau d'Études VRD (H/F),LTd,53,53 - Laval,commune,CDI,CDI,True,9 An(s),6 ans et plus,,False,,,,,2026-09-24,False,https://candidat.francetravail.fr/offres/recherche/detail/7162898
7162901,M1430,Chargé(e) d'études commerciales,INGÉNIEUR / CHARGÉ D'ÉTUDES DE PRIX VRD (H/F),LTd,44,44 - Orvault,commune,CDI,CDI,True,2 An(s),2 ans,,False,,,,,2026-09-24,False,https://candidat.francetravail.fr/offres/recherche/detail/7162901
7162903,M1430,Chargé(e) d'études commerciales,Technicien(ne) Bureau d'études - Marché ENEDIS (H/F),LTd,94,94 - Thiais,commune,Intérim,MIS,True,Débutant accepté,Débutant accepté,,False,,,,,2026-09-24,False,https://candidat.francetravail.fr/offres/recherche/detail/7162903
7162910,M1430,Chargé(e) d'études commerciales,INGÉNIEUR / CHARGÉ D'ÉTUDES DE PRIX VRD (H/F),LTd,44,44 - Haie-Fouassière,commune,CDI,CDI,True,2 An(s),2 ans,,False,,,,,2026-09-24,False,https://candidat.francetravail.fr/offres/recherche/detail/7162910
7162921,M1430,Chargé(e) d'études commerciales,INGÉNIEUR / CHARGÉ D'ÉTUDES DE PRIX VRD (H/F),LTd,49,49 - Angers,commune,CDI,CDI,True,2 An(s),2 ans,,False,,,,,2026-09-24,False,https://candidat.francetravail.fr/offres/recherche/detail/7162921
7162930,M1430,Chargé(e) d'études commerciales,DIRECTEUR DE PROJETS VRD - ÉTUDES & TRAVAUX (H/F),LTd,33,33 - Haillan,commune,CDI,CDI,True,5 An(s),5 ans,,False,,,,,2026-09-24,False,https://candidat.francetravail.fr/offres/recherche/detail/7162930
7162934,M1430,Chargé(e) d'études commerciales,Responsable Bureau d'Études VRD (H/F),LTd,45,45 - Orléans,commune,CDI,CDI,True,9 An(s),6 ans et plus,,False,,,,,2026-09-24,False,https://candidat.francetravail.fr/offres/recherche/detail/7162934
7162936,M1430,Chargé(e) d'études commerciales,DIRECTEUR DE PROJETS VRD - ÉTUDES & TRAVAUX (H/F),LTd,33,33 - Bègles,commune,CDI,CDI,True,5 An(s),5 ans,,False,,,,,2026-09-24,False,https://candidat.francetravail.fr/offres/recherche/detail/7162936
7162946,M1430,Chargé(e) d'études commerciales,DIRECTEUR DE PROJETS VRD - ÉTUDES & TRAVAUX (H/F),LTd,33,33 - Arcachon,commune,CDI,CDI,True,5 An(s),5 ans,,False,,,,,2026-09-24,False,https://candidat.francetravail.fr/offres/recherche/detail/7162946
7162987,M1430,Chargé(e) d'études commerciales,H/F Chargé d'Etudes VRD,LTd,44,44 - Nantes,commune,CDI,CDI,True,Débutant accepté,Débutant accepté,,False,,,,,2026-09-24,False,https://candidat.francetravail.fr/offres/recherche/detail/7162987
7163006,M1430,Chargé(e) d'études commerciales,Chargé(e) d'études faunes (H/F),METIGA,13,13 - Marseille 9e Arrondissement,commune,CDI,CDI,True,2 An(s),2 ans,,False,,,,,2026-09-24,False,https://candidat.francetravail.fr/offres/recherche/detail/7163006
7352390,M1430,Chargé(e) d'études commerciales,(Direction des Achats)RÉFÉRENT ADMINISTRATIF DES MARCHÉS ET RÉFÉRENTIELS GHT (H/F),CENTRE HOSPITALIER DE PERIGUEUX,24,24 - Périgueux,commune,CDI,CDI,True,Débutant accepté,Débutant accepté,,False,,,,,2026-09-25,False,https://candidat.francetravail.fr/offres/recherche/detail/7352390
7352455,M1430,Chargé(e) d'études commerciales,Professeur de commerce et vente (H/F),CMA Nouvelle Aquitaine,79,79 - Parthenay,commune,CDD,CDD,True,Débutant accepté,Débutant accepté,,False,Annuel de 28392.0 Euros à 28392.0 Euros,Annuel,28392,28392,2026-09-25,False,https://candidat.francetravail.fr/offres/recherche/detail/7352455
7352848,M1430,Chargé(e) d'études commerciales,Chargé.e de la commande publique (H/F),Université de Perpignan Via Domitia,66,66 - Perpignan,commune,CDD,CDD,True,Débutant accepté,Débutant accepté,,False,Mensuel de 1944.0 Euros à 1944.0 Euros,Mensuel,23328,23328,2026-09-25,False,https://candidat.francetravail.fr/offres/recherche/detail/7352848
7354229,M1430,Chargé(e) d'études commerciales,CHARGÉ D'ETUDES HVAC (H/F),Randstad professional,22,22 - Pleudaniel,commune,CDI,CDI,True,3 An(s),3 ans,,False,,,,,2026-09-25,False,https://candidat.francetravail.fr/offres/recherche/detail/7354229
7355380,M1430,Chargé(e) d'études commerciales,CHARGÉ D'ÉTUDES MARKETING (H/F),Randstad professional,94,94 - Fontenay-sous-Bois,commune,Intérim,MIS,True,3 An(s),3 ans,,True,,,,,2026-09-25,False,https://candidat.francetravail.fr/offres/recherche/detail/7355380
7380108,M1430,Chargé(e) d'études commerciales,Chargé / Chargée d'études satisfaction (H/F),,18,18 - Cher,departement,CDI,CDI,True,5 An(s),5 ans,,False,,,,,2026-09-25,False,https://candidat.francetravail.fr/offres/recherche/detail/7380108
7381018,M1430,Chargé(e) d'études commerciales,Alternance Chargé de développement commercial et marketing BtoB et BtoC - Pertuis (H/F),ISCOD,84,84 - Bastidonne,commune,CDD,CDD,True,1 An(s),1 an,,False,,,,,2026-09-25,False,https://candidat.francetravail.fr/offres/recherche/detail/7381018
7384183,M1430,Chargé(e) d'études commerciales,Etude / R & D / Ingénierie  (H/F),EQR,31,31 - Haute-Garonne,departement,CDD,CDD,True,Débutant accepté,Débutant accepté,,True,Mensuel de 2151.0 Euros,Mensuel,25812,25812,2026-09-25,False,https://candidat.francetravail.fr/offres/recherche/detail/7384183
7403734,M1430,Chargé(e) d'études commerciales,Chargé de Prospection Commerciale (H/F),,75,75 - Paris 9e Arrondissement,commune,CDI,CDI,True,1 An(s),1 an,,False,,,,,2026-09-26,False,https://candidat.francetravail.fr/offres/recherche/detail/7403734
7404391,M1430,Chargé(e) d'études commerciales,Chargé d'études de prix (H/F),LE MERCATO DE L EMPLOI,02,02 - Hirson,commune,CDI,CDI,True,3 An(s),3 ans,,False,Mensuel de 2500.0 Euros à 3000.0 Euros - De 2500 à 3000 € (Euros) par mois,Mensuel,30000,36000,2026-09-26,False,https://candidat.francetravail.fr/offres/recherche/detail/7404391
7406077,M1430,Chargé(e) d'études commerciales,Poste de Deviseur (H/F),Mercato de l'emploi,50,50 - Haye,commune,CDI,CDI,True,Débutant accepté,Débutant accepté,,False,Mensuel de 2500.0 Euros à 3000.0 Euros,Mensuel,30000,36000,2026-09-26,False,https://candidat.francetravail.fr/offres/recherche/detail/7406077
7407089,M1430,Chargé(e) d'études commerciales,Chargé / Chargée d'études commerciales (H/F)," Izimmo
                ",75,75 - Paris 9e Arrondissement,commune,CDD,CDD,True,3 An(s),3 ans,,False,Annuel de 40000.0 Euros à 50000.0 Euros,Annuel,40000,50000,2026-09-26,False,https://candidat.francetravail.fr/offres/recherche/detail/7407089
7420822,M1430,Chargé(e) d'études commerciales,Responsable satisfaction client h/f (H/F),,13,13 - Marignane,commune,Intérim,MIS,True,Expérience exigée,"Exigée, sans durée",,False,,,,,2026-09-26,False,https://candidat.francetravail.fr/offres/recherche/detail/7420822
7422292,M1430,Chargé(e) d'études commerciales,Chef de Projet / Bureau d'Études IRVE (H/F),LTd,78,78 - Versailles,commune,Intérim,MIS,True,2 An(s),2 ans,,False,,,,,2026-09-26,False,https://candidat.francetravail.fr/offres/recherche/detail/7422292
7422293,M1430,Chargé(e) d'études commerciales,Chef de Projet / Bureau d'Études IRVE (H/F),LTd,91,91 - Évry-Courcouronnes,commune,Intérim,MIS,True,2 An(s),2 ans,,False,,,,,2026-09-26,False,https://candidat.francetravail.fr/offres/recherche/detail/7422293
7422301,M1430,Chargé(e) d'études commerciales,Chef de Projet / Bureau d'Études IRVE (H/F),LTd,75,75 - Paris 1er Arrondissement,commune,Intérim,MIS,True,2 An(s),2 ans,,False,,,,,2026-09-26,False,https://candidat.francetravail.fr/offres/recherche/detail/7422301
7422309,M1430,Chargé(e) d'études commerciales,Chef de Projet / Bureau d'Études IRVE (H/F),LTd,77,77 - Melun,commune,Intérim,MIS,True,2 An(s),2 ans,,False,,,,,2026-09-26,False,https://candidat.francetravail.fr/offres/recherche/detail/7422309
7422317,M1430,Chargé(e) d'études commerciales,Chef de Projet / Bureau d'Études IRVE (H/F),LTd,93,93 - Bobigny,commune,Intérim,MIS,True,2 An(s),2 ans,,False,,,,,2026-09-26,False,https://candidat.francetravail.fr/offres/recherche/detail/7422317
7422318,M1430,Chargé(e) d'études commerciales,Chef de Projet / Bureau d'Études IRVE (H/F),LTd,92,92 - Nanterre,commune,Intérim,MIS,True,2 An(s),2 ans,,False,,,,,2026-09-26,False,https://candidat.francetravail.fr/offres/recherche/detail/7422318
7422319,M1430,Chargé(e) d'études commerciales,Chef de Projet / Bureau d'Études IRVE (H/F),LTd,94,94 - Créteil,commune,Intérim,MIS,True,2 An(s),2 ans,,False,,,,,2026-09-26,False,https://candidat.francetravail.fr/offres/recherche/detail/7422319
7422326,M1430,Chargé(e) d'études commerciales,Ingénieur Etudes et Développements (H/F),Versusmind,54,54 - Nancy,commune,CDI,CDI,True,2 An(s),2 ans,,True,,,,,2026-09-26,False,https://candidat.francetravail.fr/offres/recherche/detail/7422326
7422335,M1430,Chargé(e) d'études commerciales,Chargé d'Études VRD (H/F),LTd,80,80 - Amiens,commune,CDI,CDI,True,2 An(s),2 ans,,False,,,,,2026-09-26,False,https://candidat.francetravail.fr/offres/recherche/detail/7422335
7422359,M1430,Chargé(e) d'études commerciales,Chef de Projet / Bureau d'Études IRVE (H/F),LTd,95,95 - Cergy,commune,Intérim,MIS,True,2 An(s),2 ans,,False,,,,,2026-09-26,False,https://candidat.francetravail.fr/offres/recherche/detail/7422359
7422370,M1430,Chargé(e) d'études commerciales,Chargé d'Études (H/F),HIREE,69,69 - Mornant,commune,CDI,CDI,True,2 An(s),2 ans,,False,,,,,2026-09-26,False,https://candidat.francetravail.fr/offres/recherche/detail/7422370
7422378,M1430,Chargé(e) d'études commerciales,Responsable Bureau d'Études VRD (H/F),LTd,80,80 - Amiens,commune,CDI,CDI,True,9 An(s),6 ans et plus,,False,,,,,2026-09-26,False,https://candidat.francetravail.fr/offres/recherche/detail/7422378
7422396,M1430,Chargé(e) d'études commerciales,Chargé d'études de prix - Paris (H/F),HIREE,75,75 - Paris 1er Arrondissement,commune,CDI,CDI,True,2 An(s),2 ans,,True,,,,,2026-09-26,False,https://candidat.francetravail.fr/offres/recherche/detail/7422396
7422466,M1430,Chargé(e) d'études commerciales,Technicien Bureau Études Électronique (H/F),Médiane Système,44,44 - Nantes,commune,CDI,CDI,True,2 An(s),2 ans,,False,,,,,2026-09-26,False,https://candidat.francetravail.fr/offres/recherche/detail/7422466
7422554,M1430,Chargé(e) d'études commerciales,Ingénieur Etudes Structure (H/F),Alveor,35,35 - Rennes,commune,CDI,CDI,True,2 An(s),2 ans,,False,,,,,2026-09-26,False,https://candidat.francetravail.fr/offres/recherche/detail/7422554
7422588,M1430,Chargé(e) d'études commerciales,Ingénieur d'études CVC (H/F),LTd,75,75 - Paris 11e Arrondissement,commune,CDI,CDI,True,2 An(s),2 ans,,False,,,,,2026-09-26,False,https://candidat.francetravail.fr/offres/recherche/detail/7422588
7422596,M1430,Chargé(e) d'études commerciales,Ingénieur d'études CVC (H/F),LTd,75,75 - Paris 20e Arrondissement,commune,CDI,CDI,True,5 An(s),5 ans,,False,,,,,2026-09-26,False,https://candidat.francetravail.fr/offres/recherche/detail/7422596
7422599,M1430,Chargé(e) d'études commerciales,Ingénieur Bureau d'études Mécaniques (H/F),Proximethic,73,73 - Voglans,commune,CDI,CDI,True,2 An(s),2 ans,,True,,,,,2026-09-26,False,https://candidat.francetravail.fr/offres/recherche/detail/7422599
7427549,M1430,Chargé(e) d'études commerciales,Chargé d'Études et d'Analyses Marketing (H/F),Domino RH - Staff Bordeaux,47,47 - Casseneuil,commune,Intérim,MIS,True,2 An(s),2 ans,,False,Annuel de 30000.0 Euros à 35000.0 Euros - Tickets restaurant,Annuel,30000,35000,2026-09-26,False,https://candidat.francetravail.fr/offres/recherche/detail/7427549
7479783,M1430,Chargé(e) d'études commerciales,chargé d'Etudes Commerciales Transport H/F,DACHSER,,Île-de-France,aucune,CDI,CDI,True,Expérience exigée,"Exigée, sans durée",,False,,,,,2026-09-29,False,https://candidat.francetravail.fr/offres/recherche/detail/7479783
7489878,M1430,Chargé(e) d'études commerciales,Chargé / Chargée d'études prospectives (H/F),,49,49 - Lion-d'Angers,commune,CDI,CDI,True,5 An(s),5 ans,,False,Annuel de 40000.0 Euros à 45000.0 Euros,Annuel,40000,45000,2026-09-29,False,https://candidat.francetravail.fr/offres/recherche/detail/7489878
7490073,M1430,Chargé(e) d'études commerciales,Chargé d'Etudes de Prix GC (H/F),Alveor,44,44 - Nantes,commune,CDI,CDI,True,2 An(s),2 ans,,False,,,,,2026-09-29,False,https://candidat.francetravail.fr/offres/recherche/detail/7490073
7490296,M1430,Chargé(e) d'études commerciales,Ingénieur Etudes Mécaniques - Equipements Tuyauterie et Robinetterie - Nucléaire (H/F),PARLYM,37,37 - Tours,commune,CDI,CDI,True,2 An(s),2 ans,,False,,,,,2026-09-29,False,https://candidat.francetravail.fr/offres/recherche/detail/7490296
7490374,M1430,Chargé(e) d'études commerciales,Chargé d'Études Caténaire (H/F),ATYX,75,75 - Paris 1er Arrondissement,commune,CDI,CDI,True,5 An(s),5 ans,,False,,,,,2026-09-29,False,https://candidat.francetravail.fr/offres/recherche/detail/7490374
7490414,M1430,Chargé(e) d'études commerciales,Ingénieur Études Signalisation Ferroviaire - Études de Réalisation (H/F),ERAKLES,59,59 - Lille,commune,CDI,CDI,True,2 An(s),2 ans,,False,,,,,2026-09-29,False,https://candidat.francetravail.fr/offres/recherche/detail/7490414
7490534,M1430,Chargé(e) d'études commerciales,TECHNICIEN RELEVE ETUDES CI-CM (H/F),LTd,91,91 - Corbeil-Essonnes,commune,CDI,CDI,True,2 An(s),2 ans,,False,,,,,2026-09-29,False,https://candidat.francetravail.fr/offres/recherche/detail/7490534
1204223,M1620,Assistant(e) marketing,Assistant / Assistante marketing (H/F),EFC CONSULTING,,Île-de-France,aucune,CDI,CDI,True,Débutant accepté,Débutant accepté,,False,,,,,2026-04-07,True,https://candidat.francetravail.fr/offres/recherche/detail/1204223
206JKYK,M1620,Assistant(e) marketing,Assistant/ assistante marketing et communication (H/F),ALOREM,01,01 - BEYNOST,offre,CDD,CDD,True,2 An(s),2 ans,,False,Horaire de 13.0 Euros à 15.0 Euros,Horaire,20891,24105,2026-04-01,False,https://candidat.francetravail.fr/offres/recherche/detail/206JKYK
210YBKQ,M1620,Assistant(e) marketing,Assistant marketing et communication en Alternance (H/F),LA FOLIE DOUCE SAINT GERVAIS,74,74 - Saint-Gervais-les-Bains,offre,CDD,CDD,True,Débutant accepté - Contrat en alternance,Débutant accepté,,False,,,,,2026-07-08,False,https://candidat.francetravail.fr/offres/recherche/detail/210YBKQ
211RFPT,M1620,Assistant(e) marketing,Assistant(e) Marketing & Digital & CRM F/H (H/F),AUTODISTRIBUTION TALBOT,79,79 - Thouars,offre,CDI,CDI,True,1 An(s),1 an,,False,Mensuel de 2081.0 Euros à 2200.0 Euros,Mensuel,24972,26400,2026-07-24,False,https://candidat.francetravail.fr/offres/recherche/detail/211RFPT
212MVSK,M1620,Assistant(e) marketing,APPRENTI(E) Bac+5 MBA MANAGER EN STRATEGIE D'ENTREPRISE (H/F),SUP FORMATION,57,57 - METZ,offre,CDD,CDD,True,Débutant accepté,Débutant accepté,Bac+3/4,False,Mensuel de 1100.0 Euros à 1800.0 Euros sur 12 mois,Mensuel,13200,21600,2026-08-17,False,https://candidat.francetravail.fr/offres/recherche/detail/212MVSK
212SLSH,M1620,Assistant(e) marketing,Assistant Marketing H/F en alternance (H/F),,97,971 - LES ABYMES,offre,CDD,CDD,True,2 An(s),2 ans,Bac+3/4,False,Horaire de 12.31 Euros - selon l'âge (Contrat d'apprentissage),Horaire,19782,19782,2026-08-20,False,https://candidat.francetravail.fr/offres/recherche/detail/212SLSH
213CNSJ,M1620,Assistant(e) marketing,Assistant marketing commerce (H/F),,51,51 - DORMANS,offre,CDD,CDD,True,4 An(s) - Domaine BTP ou environnement ou CRM,4 ans,,False,,,,,2026-08-31,False,https://candidat.francetravail.fr/offres/recherche/detail/213CNSJ
213FHYB,M1620,Assistant(e) marketing,Assistant Communication et Marketing opérationnel - Paris 12e (H/F),EXPONENS,75,75 - Paris 12e Arrondissement,offre,CDI,CDI,True,2 An(s),2 ans,,False,Mensuel de 2100.0 Euros,Mensuel,25200,25200,2026-09-01,False,https://candidat.francetravail.fr/offres/recherche/detail/213FHYB
213FMTL,M1620,Assistant(e) marketing,Assistant(e) marketing et communication (H/F). (H/F),LES EMAUX DE BRIARE,75,75 - PARIS 07,offre,CDI,CDI,True,2 An(s),2 ans,Bac+3/4,False,Mensuel de 2300.0 Euros à 2400.0 Euros,Mensuel,27600,28800,2026-09-01,False,https://candidat.francetravail.fr/offres/recherche/detail/213FMTL
213KWVV,M1620,Assistant(e) marketing,Gestionnaire de planning (H/F),GROUPE FACILITY,44,44 - ST NAZAIRE,offre,CDI,CDI,True,3 An(s),3 ans,Bac+2,False,Annuel de 25000.0 Euros à 27000.0 Euros - Rémunération évolutive,Annuel,25000,27000,2026-09-04,False,https://candidat.francetravail.fr/offres/recherche/detail/213KWVV
213MNWG,M1620,Assistant(e) marketing,Alternance - Assistant(e) Marketing Digital F/H (H/F),PARIS FASHION SHOPS - PFS,93,93 - ST DENIS,offre,CDI,CDI,True,Débutant accepté,Débutant accepté,,False,Mensuel de 1138.88 Euros à 1867.0 Euros,Mensuel,13667,22404,2026-09-07,False,https://candidat.francetravail.fr/offres/recherche/detail/213MNWG
213NHYV,M1620,Assistant(e) marketing,DIRECTEUR(TRICE) ADJOINT MARKETING & INTELLIGENCE ARTIFICIELLE (H/F),NOTARIAT SERVICES,19,19 - Arnac-Pompadour,offre,CDI,CDI,True,5 An(s),5 ans,Bac+5,True,Annuel de 38000.0 Euros à 48000.0 Euros,Annuel,38000,48000,2026-09-08,False,https://candidat.francetravail.fr/offres/recherche/detail/213NHYV
213PBJL,M1620,Assistant(e) marketing,Alternance - Assistant(e) Marketing & Communication Digitale (H/F),CUISINE TRADITIONNELLE COLLECTIVITES,13,13 - Gardanne,offre,CDI,CDI,True,Débutant accepté,Débutant accepté,,False,Mensuel de 506.0 Euros à 1000.0 Euros,Mensuel,6072,12000,2026-09-08,False,https://candidat.francetravail.fr/offres/recherche/detail/213PBJL
213PDLB,M1620,Assistant(e) marketing,Assistant commercial et marketing (H/F),PANCARTE,71,71 - MACON,offre,CDI,CDI,True,Débutant accepté,Débutant accepté,,True,Mensuel de 1867.02 Euros - Autres primes,Mensuel,22404,22404,2026-09-08,False,https://candidat.francetravail.fr/offres/recherche/detail/213PDLB
213PGBZ,M1620,Assistant(e) marketing,Assistant marketing F/H,SYNERGIE,66,66 - Thuir,offre,Intérim,MIS,True,1 An(s),1 an,,False,Annuel de 22405.0 Euros à 25000.0 Euros,Annuel,22405,25000,2026-09-08,False,https://candidat.francetravail.fr/offres/recherche/detail/213PGBZ
213RDKG,M1620,Assistant(e) marketing,Assistant/e communication / marketing / admin (H/F),,83,83 - OLLIOULES,offre,CDI,CDI,True,Débutant accepté,Débutant accepté,,True,Mensuel de 1868.0 Euros,Mensuel,22416,22416,2026-09-10,False,https://candidat.francetravail.fr/offres/recherche/detail/213RDKG
213WGXH,M1620,Assistant(e) marketing,Assistant marketing (H/F),MANPOWER FRANCE,06,06 - Nice,offre,Intérim,MIS,True,2 An(s),2 ans,,False,Horaire de 16.65 Euros,Horaire,26757,26757,2026-09-14,False,https://candidat.francetravail.fr/offres/recherche/detail/213WGXH
213XHXB,M1620,Assistant(e) marketing,Assistant technique commercial et marketing (H/F),BOEHRINGER INGELHEIM ANIMAL HEALTH FRANC,44,44 - Nantes,offre,CDD,CDD,True,Débutant accepté,Débutant accepté,Bac+2,False,,,,,2026-09-15,False,https://candidat.francetravail.fr/offres/recherche/detail/213XHXB
213ZZQN,M1620,Assistant(e) marketing,Alternant Assistant Chef de produits International (H/F),INNOTHERA CORPORATE SERVICES,94,94 - ARCUEIL,offre,CDD,CDD,True,Débutant accepté,Débutant accepté,,False,,,,,2026-09-17,False,https://candidat.francetravail.fr/offres/recherche/detail/213ZZQN
214BGKY,M1620,Assistant(e) marketing,TELEOPERATEUR/TRICE - ASSISTANT.E ADMINISTRATIF/IVE (H/F),N.G.I. CONSULTING,38,38 - Moirans,offre,Intérim,MIS,True,1 An(s),1 an,,False,Horaire de 12.31 Euros à 12.5 Euros,Horaire,19782,20088,2026-09-17,False,https://candidat.francetravail.fr/offres/recherche/detail/214BGKY
214GHRZ,M1620,Assistant(e) marketing,COMMUNITY MANAGER EN ALTERNANCE (H/F),,97,971 - BAIE MAHAULT,offre,CDD,CDD,True,Débutant accepté,Débutant accepté,,False,,,,,2026-09-22,False,https://candidat.francetravail.fr/offres/recherche/detail/214GHRZ
214HBKG,M1620,Assistant(e) marketing,Assistant marketing (F/H),RANDSTAD PROFESSIONAL - APPEL MEDICAL,44,44 - Louisfert,offre,CDI,CDI,True,3 An(s),3 ans,Bac+2,False,Annuel de 30000.0 Euros,Annuel,30000,30000,2026-09-23,False,https://candidat.francetravail.fr/offres/recherche/detail/214HBKG
214LFMP,M1620,Assistant(e) marketing,Assistant marketing (F/H),RANDSTAD,42,42 - Andrézieux-Bouthéon,offre,CDI,CDI,True,2 An(s),2 ans,Bac+2,False,Mensuel de 2300.0 Euros à 2500.0 Euros - selon profil,Mensuel,27600,30000,2026-09-25,False,https://candidat.francetravail.fr/offres/recherche/detail/214LFMP
214LRTR,M1620,Assistant(e) marketing,Assistant(e) marketing et communication (H/F),ROZ MARINE THALASSO RESORT,22,22 - PERROS GUIREC,offre,CDI,CDI,True,Débutant accepté,Débutant accepté,,False,Mensuel de 2053.0 Euros,Mensuel,24636,24636,2026-09-28,False,https://candidat.francetravail.fr/offres/recherche/detail/214LRTR
214LVZM,M1620,Assistant(e) marketing,ASSISTANT MARKETING (H/F),DCG FORMATIONS,69,69 - Lyon 8e Arrondissement,offre,CDI,CDI,True,Débutant accepté,Débutant accepté,,False,Mensuel de 2735.0 Euros,Mensuel,32820,32820,2026-09-28,False,https://candidat.francetravail.fr/offres/recherche/detail/214LVZM
2205761,M1620,Assistant(e) marketing,ALTERNANT MONITEUR DE SKI ET CHARGÉ MARKETING/COMMUNICATION - H/F,COMPAGNIE DES ALPES,74,74 - Megève,offre,CDD,CDD,True,Débutant accepté,Débutant accepté,,False,,,,,2026-05-01,False,https://candidat.francetravail.fr/offres/recherche/detail/2205761
2205763,M1620,Assistant(e) marketing,ALTERNANT MONITEUR DE SKI ET CHARGÉ MARKETING/COMMUNICATION - H/F,COMPAGNIE DES ALPES,74,74 - Saint-Gervais-les-Bains,offre,CDD,CDD,True,Débutant accepté,Débutant accepté,,False,,,,,2026-05-01,False,https://candidat.francetravail.fr/offres/recherche/detail/2205763
2294629,M1620,Assistant(e) marketing,Apprenti.e Marketing Veille Concurrentielle Internationale F/H - Raja France,Raja France,93,93 - Tremblay-en-France,commune,CDD,CDD,True,Débutant accepté,Débutant accepté,,False,,,,,2026-05-05,False,https://candidat.francetravail.fr/offres/recherche/detail/2294629
3883655,M1620,Assistant(e) marketing,Alternance Assistant Marketing & Communication - Asnières-sur-Seine (F/H) (H/F),,92,92 - Asnières-sur-Seine,offre,CDD,CDD,True,Débutant accepté,Débutant accepté,,False,,,,,2026-06-17,False,https://candidat.francetravail.fr/offres/recherche/detail/3883655
4481382,M1620,Assistant(e) marketing,Assistant / Assistante à la direction marketing (H/F),AUREIS FORMATION,95,95 - Herblay-sur-Seine,commune,CDD,CDD,True,Débutant accepté,Débutant accepté,,False,,,,,2026-07-02,False,https://candidat.francetravail.fr/offres/recherche/detail/4481382
4499330,M1620,Assistant(e) marketing,Conseiller commercial marketing relationnel e-boutique télétravail H/F - STRASBOURG,,67,67 - Strasbourg,offre,CDI,CDI,True,Débutant accepté,Débutant accepté,,True,,,,,2026-07-02,False,https://candidat.francetravail.fr/offres/recherche/detail/4499330
4564674,M1620,Assistant(e) marketing,Directeur Adjoint (H/F) - GrandOptical - Nice Etoile,,06,06 - Nice,offre,CDI,CDI,True,Débutant accepté,Débutant accepté,,False,,,,,2026-07-04,True,https://candidat.francetravail.fr/offres/recherche/detail/4564674
4630612,M1620,Assistant(e) marketing,Assistant / Assistante marketing (H/F),ANDRE THOMAS,92,92 - Boulogne-Billancourt,offre,CDD,CDD,True,Débutant accepté,Débutant accepté,,False,,,,,2026-07-07,False,https://candidat.francetravail.fr/offres/recherche/detail/4630612
4633265,M1620,Assistant(e) marketing,Assistant / Assistante marketing (H/F),EFC CONSULTING,,Centre-Val de Loire,aucune,CDI,CDI,True,Débutant accepté,Débutant accepté,Bac+3/4,False,,,,,2026-07-07,True,https://candidat.francetravail.fr/offres/recherche/detail/4633265
4633282,M1620,Assistant(e) marketing,Assistant / Assistante marketing (H/F),EFC CONSULTING,,Auvergne-Rhône-Alpes,aucune,CDI,CDI,True,Débutant accepté,Débutant accepté,Bac+3/4,False,,,,,2026-07-07,True,https://candidat.francetravail.fr/offres/recherche/detail/4633282
4633284,M1620,Assistant(e) marketing,Assistant / Assistante marketing (H/F),EFC CONSULTING,,Île-de-France,aucune,CDI,CDI,True,Débutant accepté,Débutant accepté,Bac+3/4,False,,,,,2026-07-07,False,https://candidat.francetravail.fr/offres/recherche/detail/4633284
4633289,M1620,Assistant(e) marketing,Assistant / Assistante marketing (H/F),EFC CONSULTING,,Hauts-de-France,aucune,CDI,CDI,True,Débutant accepté,Débutant accepté,Bac+3/4,False,,,,,2026-07-07,True,https://candidat.francetravail.fr/offres/recherche/detail/4633289
4633292,M1620,Assistant(e) marketing,Assistant / Assistante marketing (H/F),EFC CONSULTING,,Grand Est,aucune,CDI,CDI,True,Débutant accepté,Débutant accepté,Bac+3/4,False,,,,,2026-07-07,True,https://candidat.francetravail.fr/offres/recherche/detail/4633292
4633301,M1620,Assistant(e) marketing,Assistant / Assistante marketing (H/F),EFC CONSULTING,,Occitanie,aucune,CDI,CDI,True,Débutant accepté,Débutant accepté,Bac+3/4,False,,,,,2026-07-07,True,https://candidat.francetravail.fr/offres/recherche/detail/4633301
4633305,M1620,Assistant(e) marketing,Assistant / Assistante marketing (H/F),EFC CONSULTING,,Bourgogne-Franche-Comté,aucune,CDI,CDI,True,Débutant accepté,Débutant accepté,Bac+3/4,False,,,,,2026-07-07,True,https://candidat.francetravail.fr/offres/recherche/detail/4633305
4633312,M1620,Assistant(e) marketing,Assistant / Assistante marketing (H/F),EFC CONSULTING,,Nouvelle-Aquitaine,aucune,CDI,CDI,True,Débutant accepté,Débutant accepté,Bac+3/4,False,,,,,2026-07-07,True,https://candidat.francetravail.fr/offres/recherche/detail/4633312
4633322,M1620,Assistant(e) marketing,Assistant / Assistante marketing (H/F),EFC CONSULTING,,Provence-Alpes-Côte d'Azur,aucune,CDI,CDI,True,Débutant accepté,Débutant accepté,Bac+3/4,False,,,,,2026-07-07,True,https://candidat.francetravail.fr/offres/recherche/detail/4633322
4633335,M1620,Assistant(e) marketing,Assistant / Assistante marketing (H/F),EFC CONSULTING,,Normandie,aucune,CDI,CDI,True,Débutant accepté,Débutant accepté,Bac+3/4,False,,,,,2026-07-07,True,https://candidat.francetravail.fr/offres/recherche/detail/4633335
4633341,M1620,Assistant(e) marketing,Assistant / Assistante marketing (H/F),EFC CONSULTING,,Bretagne,aucune,CDI,CDI,True,Débutant accepté,Débutant accepté,Bac+3/4,False,,,,,2026-07-07,True,https://candidat.francetravail.fr/offres/recherche/detail/4633341
5040451,M1620,Assistant(e) marketing,Conseiller commercial marketing relationnel e-commerce télétravail H/F - SAINT ETien(ne),,42,42 - Saint-Étienne,offre,CDI,CDI,True,Débutant accepté,Débutant accepté,,True,,,,,2026-07-16,False,https://candidat.francetravail.fr/offres/recherche/detail/5040451
5043406,M1620,Assistant(e) marketing,Assistant.e Chef.fe de Produit Marketing en alternance H/F,,71,71 - Branges,commune,CDD,CDD,True,Débutant accepté,Débutant accepté,,False,,,,,2026-07-16,False,https://candidat.francetravail.fr/offres/recherche/detail/5043406
5079318,M1620,Assistant(e) marketing,ASSISTANT(E) MARKETING EN ALTERNANCE H/F - H/F,,83,83 - Solliès-Pont,offre,CDI,CDI,True,Débutant accepté,Débutant accepté,,False,,,,,2026-07-17,False,https://candidat.francetravail.fr/offres/recherche/detail/5079318
5170382,M1620,Assistant(e) marketing,Assistant(e) Marketing DIGITAL F/H - BPM GROUP - NANTES,BPM GROUP - NANTES,44,44 - Orvault,offre,CDD,CDD,True,Débutant accepté,Débutant accepté,,False,,,,,2026-07-20,False,https://candidat.francetravail.fr/offres/recherche/detail/5170382
5340930,M1620,Assistant(e) marketing,ASSISTANT(E) DE DIRECTION (H/F) - TÉLÉTRAVAIL,,97,974 - Saint-Pierre,offre,CDI,CDI,True,Débutant accepté,Débutant accepté,,True,,,,,2026-07-22,False,https://candidat.francetravail.fr/offres/recherche/detail/5340930
5383824,M1620,Assistant(e) marketing,Alternance Assistant(e) Communication et Marketing - Puget-sur-Argens (H/F),ISCOD,83,83 - Puget-sur-Argens,commune,CDD,CDD,True,1 An(s),1 an,,False,,,,,2026-07-23,False,https://candidat.francetravail.fr/offres/recherche/detail/5383824
5620746,M1620,Assistant(e) marketing,Alternance Assistant(e) Marketing. - Paris (F/H),,75,75 - Paris,commune,CDD,CDD,True,Débutant accepté,Débutant accepté,,False,,,,,2026-07-31,False,https://candidat.francetravail.fr/offres/recherche/detail/5620746
5661661,M1620,Assistant(e) marketing,Alternance Assistant(e) Trade Marketing - Paris (F/H),,75,75 - Paris,commune,CDD,CDD,True,Débutant accepté,Débutant accepté,,False,,,,,2026-08-01,False,https://candidat.francetravail.fr/offres/recherche/detail/5661661
5744262,M1620,Assistant(e) marketing,Assistant / Assistante marketing (H/F),TECHWAY,91,91 - Villebon-sur-Yvette,commune,CDD,CDD,True,Débutant accepté,Débutant accepté,,False,,,,,2026-08-06,False,https://candidat.francetravail.fr/offres/recherche/detail/5744262
5791817,M1620,Assistant(e) marketing,Alternant Assistant(e) Marketing (F/H) - ADELIA MEDICAL,ADELIA MEDICAL,92,92 - Gennevilliers,offre,CDD,CDD,True,1 An(s),1 an,,False,,,,,2026-08-06,False,https://candidat.francetravail.fr/offres/recherche/detail/5791817
6021026,M1620,Assistant(e) marketing,Alternance Assistant(e) Marketing - Compiègne (F/H),,60,60 - Compiègne,commune,CDD,CDD,True,Débutant accepté,Débutant accepté,,False,,,,,2026-08-15,False,https://candidat.francetravail.fr/offres/recherche/detail/6021026
6029790,M1620,Assistant(e) marketing,Assistant / Assistante marketing (H/F),,97,974 - Saint-Denis,commune,CDI,CDI,True,Débutant accepté,Débutant accepté,,False,Annuel de 1800.0 Euros,Annuel,,,2026-08-16,False,https://candidat.francetravail.fr/offres/recherche/detail/6029790
6029835,M1620,Assistant(e) marketing,Assistant / Assistante marketing (H/F),,97,974 - Sainte-Marie,commune,CDI,CDI,True,Débutant accepté,Débutant accepté,,False,Annuel de 1800.0 Euros,Annuel,,,2026-08-16,False,https://candidat.francetravail.fr/offres/recherche/detail/6029835
6217221,M1620,Assistant(e) marketing,Assistant / Assistante marketing (H/F),,97,973 - Montsinéry-Tonnegrande,commune,CDI,CDI,True,Débutant accepté,Débutant accepté,,False,Annuel de 1800.0 Euros,Annuel,,,2026-08-23,False,https://candidat.francetravail.fr/offres/recherche/detail/6217221
6304629,M1620,Assistant(e) marketing,Alternance Assistant Marketing et Communication - Villenave-d'Ornon (H/F),ISCOD,33,33 - Cadaujac,commune,CDD,CDD,True,1 An(s),1 an,,False,,,,,2026-08-26,False,https://candidat.francetravail.fr/offres/recherche/detail/6304629
6341915,M1620,Assistant(e) marketing,"Alternance Assistant(e) Communication, Marketing & Événementiel Musical - Caen (H/F)",ISCOD,14,14 - Caen,commune,CDD,CDD,True,1 An(s),1 an,,False,,,,,2026-08-27,False,https://candidat.francetravail.fr/offres/recherche/detail/6341915
6342611,M1620,Assistant(e) marketing,Stage - Assistant.e Marketing H/F,,92,92 - Malakoff,commune,CDD,CDD,True,Débutant accepté,Débutant accepté,,False,,,,,2026-08-27,False,https://candidat.francetravail.fr/offres/recherche/detail/6342611
6424932,M1620,Assistant(e) marketing,Directeur e@gence F/H - Paris - CDI h/f,,92,92 - Nanterre,commune,CDI,CDI,True,Expérience exigée,"Exigée, sans durée",,True,,,,,2026-08-29,False,https://candidat.francetravail.fr/offres/recherche/detail/6424932
6445511,M1620,Assistant(e) marketing,Assistant / Assistante à la direction marketing (H/F),DOMAINE DE ROUFFACH,68,68 - Rouffach,commune,CDD,CDD,True,Débutant accepté,Débutant accepté,,False,,,,,2026-08-31,False,https://candidat.francetravail.fr/offres/recherche/detail/6445511
6445546,M1620,Assistant(e) marketing,Assistant / Assistante marketing (H/F),MATERNA OPERATIONS,60,60 - Compiègne,commune,CDD,CDD,True,Débutant accepté,Débutant accepté,,False,,,,,2026-08-31,False,https://candidat.francetravail.fr/offres/recherche/detail/6445546
6445571,M1620,Assistant(e) marketing,Assistant / Assistante marketing (H/F),ALFAE,63,63 - Chamalières,commune,CDD,CDD,True,Débutant accepté,Débutant accepté,,False,,,,,2026-08-31,False,https://candidat.francetravail.fr/offres/recherche/detail/6445571
6460518,M1620,Assistant(e) marketing,Alternance assistant commercial et marketing - Mennecy (H/F),ISCOD,91,91 - Écharcon,commune,CDD,CDD,True,1 An(s),1 an,,False,,,,,2026-08-31,False,https://candidat.francetravail.fr/offres/recherche/detail/6460518
6468646,M1620,Assistant(e) marketing,Assistant / Assistante marketing (H/F),EFC CONSULTING,,Nouvelle-Aquitaine,aucune,CDI,CDI,True,Débutant accepté,Débutant accepté,,False,,,,,2026-09-01,False,https://candidat.francetravail.fr/offres/recherche/detail/6468646
6468647,M1620,Assistant(e) marketing,Assistant / Assistante marketing (H/F),EFC CONSULTING,,Centre-Val de Loire,aucune,CDI,CDI,True,Débutant accepté,Débutant accepté,,False,,,,,2026-09-01,False,https://candidat.francetravail.fr/offres/recherche/detail/6468647
6468648,M1620,Assistant(e) marketing,Assistant / Assistante marketing (H/F),EFC CONSULTING,,Normandie,aucune,CDI,CDI,True,Débutant accepté,Débutant accepté,,False,,,,,2026-09-01,False,https://candidat.francetravail.fr/offres/recherche/detail/6468648
6468649,M1620,Assistant(e) marketing,Assistant / Assistante marketing (H/F),EFC CONSULTING,,Grand Est,aucune,CDI,CDI,True,Débutant accepté,Débutant accepté,,False,,,,,2026-09-01,False,https://candidat.francetravail.fr/offres/recherche/detail/6468649
6468650,M1620,Assistant(e) marketing,Assistant / Assistante marketing (H/F),EFC CONSULTING,,Hauts-de-France,aucune,CDI,CDI,True,Débutant accepté,Débutant accepté,,False,,,,,2026-09-01,False,https://candidat.francetravail.fr/offres/recherche/detail/6468650
6468651,M1620,Assistant(e) marketing,Assistant / Assistante marketing (H/F),EFC CONSULTING,,Occitanie,aucune,CDI,CDI,True,Débutant accepté,Débutant accepté,,False,,,,,2026-09-01,False,https://candidat.francetravail.fr/offres/recherche/detail/6468651
6468653,M1620,Assistant(e) marketing,Assistant / Assistante marketing (H/F),EFC CONSULTING,,Provence-Alpes-Côte d'Azur,aucune,CDI,CDI,True,Débutant accepté,Débutant accepté,,False,,,,,2026-09-01,False,https://candidat.francetravail.fr/offres/recherche/detail/6468653
6468654,M1620,Assistant(e) marketing,Assistant / Assistante marketing (H/F),EFC CONSULTING,,Pays de la Loire,aucune,CDI,CDI,True,Débutant accepté,Débutant accepté,,False,,,,,2026-09-01,False,https://candidat.francetravail.fr/offres/recherche/detail/6468654
6468655,M1620,Assistant(e) marketing,Assistant / Assistante marketing (H/F),EFC CONSULTING,,Bretagne,aucune,CDI,CDI,True,Débutant accepté,Débutant accepté,,False,,,,,2026-09-01,False,https://candidat.francetravail.fr/offres/recherche/detail/6468655
6478497,M1620,Assistant(e) marketing,Assistant / Assistante à la direction marketing (H/F),AUREIS FORMATION,75,75 - Paris 16e Arrondissement,commune,CDD,CDD,True,Débutant accepté,Débutant accepté,,False,,,,,2026-09-01,False,https://candidat.francetravail.fr/offres/recherche/detail/6478497
6508196,M1620,Assistant(e) marketing,Assistant / Assistante à la direction marketing (H/F),AUREIS FORMATION,75,75 - Paris 10e Arrondissement,commune,CDD,CDD,True,Débutant accepté,Débutant accepté,,False,,,,,2026-09-02,False,https://candidat.francetravail.fr/offres/recherche/detail/6508196
6517538,M1620,Assistant(e) marketing,Alternance Assistant(e) Marketing - Nanterre (H/F),ISCOD,92,92 - Nanterre,commune,CDD,CDD,True,1 An(s),1 an,,False,,,,,2026-09-02,False,https://candidat.francetravail.fr/offres/recherche/detail/6517538
6531384,M1620,Assistant(e) marketing,E.Leclerc - Assistant(e) marketing - H/F,GALEC Services centraux,94,94 - Ivry-sur-Seine,commune,CDD,CDD,True,0 An(s),Débutant accepté,,True,,,,,2026-09-02,False,https://candidat.francetravail.fr/offres/recherche/detail/6531384
6574103,M1620,Assistant(e) marketing,Alternance Assistant Chargé de Marketing et CRM BTOB - Les Epesses (H/F),ISCOD,85,85 - Epesses,commune,CDD,CDD,True,1 An(s),1 an,,False,,,,,2026-09-03,False,https://candidat.francetravail.fr/offres/recherche/detail/6574103
6581713,M1620,Assistant(e) marketing,E.Leclerc - Assistant Marketing (alternance) - H/F,SAINT MAIXENT DISTRIBUTION,79,79 - Azay-le-Brûlé,commune,CDD,CDD,True,Débutant accepté,Débutant accepté,,False,,,,,2026-09-03,False,https://candidat.francetravail.fr/offres/recherche/detail/6581713
6596909,M1620,Assistant(e) marketing,Chargé.e de marketing - SESS-STAPS (H/F),SESS-STAPS,94,94 - Créteil,commune,CDD,CDD,True,Débutant accepté,Débutant accepté,,False,,,,,2026-09-04,False,https://candidat.francetravail.fr/offres/recherche/detail/6596909
6623793,M1620,Assistant(e) marketing,Alternance Assistant administratif et Marketing - Paris (H/F),ISCOD,75,75 - Paris 16e Arrondissement,commune,CDD,CDD,True,1 An(s),1 an,,False,,,,,2026-09-04,False,https://candidat.francetravail.fr/offres/recherche/detail/6623793
6625235,M1620,Assistant(e) marketing,Alternance Assistant administratif et Marketing - Paris (F/H),,75,75 - Paris,commune,CDD,CDD,True,Débutant accepté,Débutant accepté,,False,,,,,2026-09-04,False,https://candidat.francetravail.fr/offres/recherche/detail/6625235
6637613,M1620,Assistant(e) marketing,ASSISTANT MARKETING INNOVATION - Stage (H/F),Savencia SA,35,35 - Châteaubourg,commune,CDD,CDD,True,Débutant accepté,Débutant accepté,,False,Mensuel de 1174.0 Euros à 1174.0 Euros,Mensuel,14088,14088,2026-09-05,False,https://candidat.francetravail.fr/offres/recherche/detail/6637613
6667474,M1620,Assistant(e) marketing,Alternance assistant vendeur et marketing - Montpellier (F/H),,34,34 - Montpellier,commune,CDD,CDD,True,Débutant accepté,Débutant accepté,,False,,,,,2026-09-05,False,https://candidat.francetravail.fr/offres/recherche/detail/6667474
6672967,M1620,Assistant(e) marketing,E.Leclerc - Assistant Marketing - H/F,SAINT MAIXENT DISTRIBUTION,79,79 - Azay-le-Brûlé,commune,CDI,CDI,True,Débutant accepté,Débutant accepté,,False,,,,,2026-09-05,False,https://candidat.francetravail.fr/offres/recherche/detail/6672967
6692166,M1620,Assistant(e) marketing,Assistant-e Trade Marketing Off Trade (La Possession) #TET14431 (H/F),Tetranergy Business School Réunion,97,974 - Possession,commune,CDD,CDD,True,1 An(s),1 an,,False,,,,,2026-09-07,False,https://candidat.francetravail.fr/offres/recherche/detail/6692166
6692170,M1620,Assistant(e) marketing,Assistant-e Marketing Opérationnel (La Possession) #TET14436 (H/F),Tetranergy Business School Réunion,97,974 - Possession,commune,CDD,CDD,True,1 An(s),1 an,,False,,,,,2026-09-07,False,https://candidat.francetravail.fr/offres/recherche/detail/6692170
6692716,M1620,Assistant(e) marketing,Alternance Assistant Marketing Communication - Lille (H/F),ISCOD,59,59 - Lille,commune,CDD,CDD,True,1 An(s),1 an,,False,,,,,2026-09-07,False,https://candidat.francetravail.fr/offres/recherche/detail/6692716
6692720,M1620,Assistant(e) marketing,Alternance Assistant commercial et marketing - Saint-Parres-aux-Tertres (H/F),ISCOD,10,10 - Villechétif,commune,CDD,CDD,True,1 An(s),1 an,,False,,,,,2026-09-07,False,https://candidat.francetravail.fr/offres/recherche/detail/6692720
6697170,M1620,Assistant(e) marketing,Alternant(e) Chargé(e) Communication F/H - Freeland,Freeland,92,92 - Courbevoie,commune,CDD,CDD,True,1 An(s),1 an,,False,,,,,2026-09-07,False,https://candidat.francetravail.fr/offres/recherche/detail/6697170
6727699,M1620,Assistant(e) marketing,Alternance Assistant commercial et marketing - Castries (H/F),ISCOD,34,34 - Castries,commune,CDD,CDD,True,1 An(s),1 an,,False,,,,,2026-09-08,False,https://candidat.francetravail.fr/offres/recherche/detail/6727699
6731844,M1620,Assistant(e) marketing,Assistant Marketing H/F,OPL BYMYCAR,38,38 - Fontaine,commune,CDI,CDI,True,2 An(s),2 ans,,False,Annuel de 30000.0 Euros à 30000.0 Euros - CSE - Mutuelle,Annuel,30000,30000,2026-09-08,False,https://candidat.francetravail.fr/offres/recherche/detail/6731844
6738728,M1620,Assistant(e) marketing,Assistant Packaging F/H,Robert Half International,92,92 - Rueil-Malmaison,commune,Intérim,MIS,True,1 An(s),1 an,Bac+2,False,Annuel de 40000.0 Euros à 42000.0 Euros,Annuel,40000,42000,2026-09-09,False,https://candidat.francetravail.fr/offres/recherche/detail/6738728
6769096,M1620,Assistant(e) marketing,ASSISTANT(E) PARAMÉTRAGE MARKETING H/F,,93,93 - Pantin,commune,Intérim,MIS,True,Débutant accepté,Débutant accepté,,False,,,,,2026-09-09,False,https://candidat.francetravail.fr/offres/recherche/detail/6769096
6797478,M1620,Assistant(e) marketing,Alternance Assistant commercial et marketing - Paron (H/F),ISCOD,89,89 - Collemiers,commune,CDD,CDD,True,1 An(s),1 an,,False,,,,,2026-09-10,False,https://candidat.francetravail.fr/offres/recherche/detail/6797478
6797592,M1620,Assistant(e) marketing,Alternance Assistant(e) commercial et marketing - Levallois-Perret (H/F),ISCOD,92,92 - Levallois-Perret,commune,CDD,CDD,True,1 An(s),1 an,,False,,,,,2026-09-10,False,https://candidat.francetravail.fr/offres/recherche/detail/6797592
6799855,M1620,Assistant(e) marketing,Alternance Assistant commercial et marketing - Paron (F/H),,89,89 - Paron,commune,CDD,CDD,True,Débutant accepté,Débutant accepté,,False,,,,,2026-09-10,False,https://candidat.francetravail.fr/offres/recherche/detail/6799855
6805560,M1620,Assistant(e) marketing,Assistant marketing et communication F/H - DELTA,DELTA,67,67 - Mundolsheim,commune,CDI,CDI,True,3 An(s),3 ans,,True,Annuel de 28000.0 Euros à 33000.0 Euros,Annuel,28000,33000,2026-09-10,False,https://candidat.francetravail.fr/offres/recherche/detail/6805560
6826246,M1620,Assistant(e) marketing,Directeur Adjoint (H/F) - GrandOptical - Nice Etoile,,06,06 - Nice,commune,CDI,CDI,True,Débutant accepté,Débutant accepté,,False,,,,,2026-09-11,False,https://candidat.francetravail.fr/offres/recherche/detail/6826246
6846483,M1620,Assistant(e) marketing,Alternance Assistant marketing et évènementiel - Paris (H/F),ISCOD,75,75 - Paris 8e Arrondissement,commune,CDD,CDD,True,1 An(s),1 an,,False,,,,,2026-09-12,False,https://candidat.francetravail.fr/offres/recherche/detail/6846483
6863124,M1620,Assistant(e) marketing,Alternance Assistant(e) Communication et Marketing. - Istres (H/F),ISCOD,13,13 - Istres,commune,CDD,CDD,True,1 An(s),1 an,,False,,,,,2026-09-14,False,https://candidat.francetravail.fr/offres/recherche/detail/6863124
6881451,M1620,Assistant(e) marketing,Assistant / Assistante marketing (H/F),EFC CONSULTING,,Auvergne-Rhône-Alpes,aucune,CDI,CDI,True,Débutant accepté,Débutant accepté,,False,,,,,2026-09-15,False,https://candidat.francetravail.fr/offres/recherche/detail/6881451
6881453,M1620,Assistant(e) marketing,Assistant / Assistante marketing (H/F),EFC CONSULTING,,Bourgogne-Franche-Comté,aucune,CDI,CDI,True,Débutant accepté,Débutant accepté,,False,,,,,2026-09-15,False,https://candidat.francetravail.fr/offres/recherche/detail/6881453
6927894,M1620,Assistant(e) marketing,Alternance Assistant commercial et marketing - Thiais (H/F),ISCOD,94,94 - Thiais,commune,CDD,CDD,True,1 An(s),1 an,,False,,,,,2026-09-16,False,https://candidat.francetravail.fr/offres/recherche/detail/6927894
6964023,M1620,Assistant(e) marketing,Alternance Assistant(e) Marketing & Communication - Paris (H/F),ISCOD,75,75 - Paris 7e Arrondissement,commune,CDD,CDD,True,1 An(s),1 an,,False,,,,,2026-09-17,False,https://candidat.francetravail.fr/offres/recherche/detail/6964023
6964156,M1620,Assistant(e) marketing,Alternance Assistant Communication et Marketing (H/F),WONVEN PARTNERS,77,77 - Fontainebleau,commune,CDD,CDD,True,5 An(s),5 ans,,False,,,,,2026-09-17,False,https://candidat.francetravail.fr/offres/recherche/detail/6964156
6966293,M1620,Assistant(e) marketing,Alternance Assistant(e) Marketing & Communication - Paris (F/H),,75,75 - Paris,commune,CDD,CDD,True,Débutant accepté,Débutant accepté,,False,,,,,2026-09-17,False,https://candidat.francetravail.fr/offres/recherche/detail/6966293
6986657,M1620,Assistant(e) marketing,Yard Planning & Scheduling Manager (H/F),PARLYM,69,69 - Lyon 7e Arrondissement,commune,CDI,CDI,True,2 An(s),2 ans,,False,,,,,2026-09-18,False,https://candidat.francetravail.fr/offres/recherche/detail/6986657
6987509,M1620,Assistant(e) marketing,Assistant de Direction H/F - Marseille,,13,13 - Marseille,commune,CDI,CDI,True,Débutant accepté,Débutant accepté,,False,,,,,2026-09-18,False,https://candidat.francetravail.fr/offres/recherche/detail/6987509
6993162,M1620,Assistant(e) marketing,Assistant communication/marketing en alt (H/F),ESUP LYON,69,69 - Lyon 9e Arrondissement,commune,CDD,CDD,True,Débutant accepté,Débutant accepté,,False,Annuel de 5000.0 Euros à 10000.0 Euros - prise en charge de la formation ,Annuel,5000,10000,2026-09-18,False,https://candidat.francetravail.fr/offres/recherche/detail/6993162
6994995,M1620,Assistant(e) marketing,CDD - Assistant référencement H/F,PLACE DES TENDANCES,93,93 - Pantin,commune,CDD,CDD,True,1 An(s),1 an,,False,Annuel de 25000.0 Euros à 30000.0 Euros - 80% du transport remboursé,Annuel,25000,30000,2026-09-18,False,https://candidat.francetravail.fr/offres/recherche/detail/6994995
7002016,M1620,Assistant(e) marketing,STAGE - CHEF DE PRODUIT MARKETING (F/H) - 6 MOIS - HERTA - JANVIER 2027,HERTA,93,93 - Noisy-le-Grand,commune,CDI,CDI,True,Débutant accepté,Débutant accepté,,False,"Mensuel de 1200.0 Euros à 1500.0 Euros - Formation, transport 50%, CSE, 5 CP ",Mensuel,14400,18000,2026-09-18,False,https://candidat.francetravail.fr/offres/recherche/detail/7002016
7032158,M1620,Assistant(e) marketing,Assistant(e) Commercial(e) et ADV F/H,,87,87 - Limoges,commune,Intérim,MIS,True,Débutant accepté,Débutant accepté,,False,,,,,2026-09-19,False,https://candidat.francetravail.fr/offres/recherche/detail/7032158
7068674,M1620,Assistant(e) marketing,Assistant / Assistante marketing (H/F),IMPARARE,45,45 - Orléans,commune,CDD,CDD,True,1 An(s),1 an,,False,Mensuel de 800.0 Euros à 1800.0 Euros,Mensuel,9600,21600,2026-09-22,False,https://candidat.francetravail.fr/offres/recherche/detail/7068674
7100607,M1620,Assistant(e) marketing,Assist. Chargé(e) campagnes markt digital - Altern (H/F),CCM Performance,75,75 - Paris 9e Arrondissement,commune,CDD,CDD,True,Débutant accepté,Débutant accepté,,False,,,,,2026-09-22,False,https://candidat.francetravail.fr/offres/recherche/detail/7100607
7103843,M1620,Assistant(e) marketing,Assistant ADV H/F,,93,93 - Seine-Saint-Denis,departement,CDI,CDI,True,2 An(s),2 ans,,True,,,,,2026-09-22,False,https://candidat.francetravail.fr/offres/recherche/detail/7103843
7132314,M1620,Assistant(e) marketing,Alternance Assistant marketing communication - Cherbourg-en-Cotentin (H/F),ISCOD,50,50 - Bretteville,commune,CDD,CDD,True,1 An(s),1 an,,False,,,,,2026-09-23,False,https://candidat.francetravail.fr/offres/recherche/detail/7132314
7134653,M1620,Assistant(e) marketing,"ASSISTANT-E MARKETING PÔLE IMAGE, AUDIO, ACCESSOIRES, PHOTO & OBJETS CONNECTÉS - STAGE - H/F",,94,94 - Ivry-sur-Seine,commune,CDI,CDI,True,Débutant accepté,Débutant accepté,,False,,,,,2026-09-23,False,https://candidat.francetravail.fr/offres/recherche/detail/7134653
7135146,M1620,Assistant(e) marketing,Alternance Assistant marketing communication - Cherbourg-en-Cotentin (F/H),,50,50 - Cherbourg-en-Cotentin,commune,CDD,CDD,True,Débutant accepté,Débutant accepté,,False,,,,,2026-09-23,False,https://candidat.francetravail.fr/offres/recherche/detail/7135146
7155936,M1620,Assistant(e) marketing,ASSISTANT MARKETING OPERATIONNEL (ALTERNANCE) H/F,SECOURS ISLAMIQUE FRANCE (SIF),91,91 - Massy,commune,CDD,CDD,True,Débutant accepté,Débutant accepté,,True,,,,,2026-09-24,False,https://candidat.francetravail.fr/offres/recherche/detail/7155936
7163104,M1620,Assistant(e) marketing,Alternance Assistant marketing - Massy (H/F),ISCOD,91,91 - Massy,commune,CDD,CDD,True,1 An(s),1 an,,False,,,,,2026-09-24,False,https://candidat.francetravail.fr/offres/recherche/detail/7163104
7165210,M1620,Assistant(e) marketing,Alternance Assistant marketing - Massy (F/H),,76,76 - Massy,commune,CDD,CDD,True,Débutant accepté,Débutant accepté,,False,,,,,2026-09-24,False,https://candidat.francetravail.fr/offres/recherche/detail/7165210
7169585,M1620,Assistant(e) marketing,Assistant marketing H/F,SUP INTERIM VOUZIERS,08,08 - Vouziers,commune,Intérim,MIS,True,2 An(s),2 ans,,False,Horaire de 12.31 Euros à 13.0 Euros - IFM / ICCP / CSE / CET ...,Horaire,19782,20891,2026-09-24,False,https://candidat.francetravail.fr/offres/recherche/detail/7169585
7346391,M1620,Assistant(e) marketing,Assistant ADV H/F,,69,69 - Lissieu,commune,CDI,CDI,True,3 An(s),3 ans,,False,,,,,2026-09-24,False,https://candidat.francetravail.fr/offres/recherche/detail/7346391
7352450,M1620,Assistant(e) marketing,APPRENTI.E CONTENT DIGITAL (H/F),Nutrition & santé,31,31 - Revel,commune,CDD,CDD,True,Débutant accepté,Débutant accepté,,False,Annuel de 22000.0 Euros à 25000.0 Euros,Annuel,22000,25000,2026-09-25,False,https://candidat.francetravail.fr/offres/recherche/detail/7352450
7380999,M1620,Assistant(e) marketing,Alternance Assistant(e) Marketing et Communication - Amiens (H/F),ISCOD,80,80 - Amiens,commune,CDD,CDD,True,1 An(s),1 an,,False,,,,,2026-09-25,False,https://candidat.francetravail.fr/offres/recherche/detail/7380999
7381007,M1620,Assistant(e) marketing,Alternance Assistant(e) Marketing et Communication - Ormes (H/F),ISCOD,51,51 - Champigny,commune,CDD,CDD,True,1 An(s),1 an,,False,,,,,2026-09-25,False,https://candidat.francetravail.fr/offres/recherche/detail/7381007
7386824,M1620,Assistant(e) marketing,Alternance Assistant(e) Marketing et Communication - Ormes (F/H),,10,10 - Ormes,commune,CDD,CDD,True,Débutant accepté,Débutant accepté,,False,,,,,2026-09-25,False,https://candidat.francetravail.fr/offres/recherche/detail/7386824
7386837,M1620,Assistant(e) marketing,ASSISTANT / Assistant(e) MARKETING H/F,,78,78 - Poissy,commune,Intérim,MIS,True,Débutant accepté,Débutant accepté,,False,,,,,2026-09-25,False,https://candidat.francetravail.fr/offres/recherche/detail/7386837
7387519,M1620,Assistant(e) marketing,STAGIAIRE ASSISTANT CHEF DE PRODUIT MARKETING - H/F,,94,94 - Ivry-sur-Seine,commune,CDI,CDI,True,Débutant accepté,Débutant accepté,,False,,,,,2026-09-25,False,https://candidat.francetravail.fr/offres/recherche/detail/7387519
7396371,M1620,Assistant(e) marketing,ASSISTANT / ASSISTANTE MARKETING (H/F),SUPPLAY POISSY,78,78 - Poissy,commune,Intérim,MIS,True,2 An(s),2 ans,,False,Annuel de 5000.0 Euros à 20000.0 Euros - NON COMMUNIQUE,Annuel,5000,20000,2026-09-25,False,https://candidat.francetravail.fr/offres/recherche/detail/7396371
7398184,M1620,Assistant(e) marketing,ASSISTANT MARKETING & COMMERCIAL - H/F,COMPAGNIE DES ALPES,05,05 - Saint-Chaffrey,commune,CDD,CDD,True,1 An(s),1 an,,False,,,,,2026-09-25,False,https://candidat.francetravail.fr/offres/recherche/detail/7398184
7398328,M1620,Assistant(e) marketing,ALTERNANCE - ASSISTANT(E) MARKETING & COMMUNICATION - H/F,Sterimed,92,92 - Boulogne-Billancourt,commune,CDD,CDD,True,Débutant accepté,Débutant accepté,,False,,,,,2026-09-25,False,https://candidat.francetravail.fr/offres/recherche/detail/7398328
7400466,M1620,Assistant(e) marketing,Manager/ Adjoint Directeur (H/F),,57,57 - Algrange,commune,CDI,CDI,True,2 An(s),2 ans,,False,,,,,2026-09-25,False,https://candidat.francetravail.fr/offres/recherche/detail/7400466
7405744,M1620,Assistant(e) marketing,Alternant Marketing et Communication H/F,PDR Team,26,26 - Romans-sur-Isère,commune,CDD,CDD,True,Débutant accepté,Débutant accepté,,False,Mensuel de 700.0 Euros à 1867.0 Euros,Mensuel,8400,22404,2026-09-26,False,https://candidat.francetravail.fr/offres/recherche/detail/7405744
7431443,M1620,Assistant(e) marketing,Assistant ADV H/F,,75,75 - Paris,departement,CDI,CDI,True,3 An(s),3 ans,,False,,,,,2026-09-26,False,https://candidat.francetravail.fr/offres/recherche/detail/7431443
7431561,M1620,Assistant(e) marketing,Assistant ADV H/F,,78,78 - Yvelines,departement,CDI,CDI,True,4 An(s),4 ans,,False,,,,,2026-09-26,False,https://candidat.francetravail.fr/offres/recherche/detail/7431561
7467670,M1620,Assistant(e) marketing,Assistant Marketing / Opérationnel (H/F),,78,78 - Yvelines,departement,Intérim,MIS,True,Expérience exigée,"Exigée, sans durée",,False,,,,,2026-09-28,False,https://candidat.francetravail.fr/offres/recherche/detail/7467670
7478549,M1620,Assistant(e) marketing,Assistant(e) Trade Marketing (H/F),SMCP,75,75 - Paris,commune,Intérim,MIS,True,Débutant accepté,Débutant accepté,,False,,,,,2026-09-29,False,https://candidat.francetravail.fr/offres/recherche/detail/7478549
7488414,M1620,Assistant(e) marketing,Pmo chief of staff marketing sales ddi (h/f) (H/F),,92,92 - Meudon,commune,CDI,CDI,True,Débutant accepté,Débutant accepté,,False,,,,,2026-09-29,False,https://candidat.francetravail.fr/offres/recherche/detail/7488414
1473585,M1703,Chef(fe) de produit,Product Manager H/F,,92,92 - Boulogne-Billancourt,offre,Intérim,MIS,True,Débutant accepté,Débutant accepté,,False,,,,,2026-04-15,False,https://candidat.francetravail.fr/offres/recherche/detail/1473585
1741860,M1703,Chef(fe) de produit,Chef de Produits Confirmé H/F,ERLAB DFS SOCIETE,27,27 - Val-de-Reuil,commune,CDI,CDI,True,1 An(s),1 an,,False,,,,,2026-04-22,False,https://candidat.francetravail.fr/offres/recherche/detail/1741860
1741872,M1703,Chef(fe) de produit,Chef Produit Groupe H/F,ERLAB DFS SOCIETE,27,27 - Val-de-Reuil,commune,CDI,CDI,True,1 An(s),1 an,,False,Annuel de 50000.0 Euros à 60000.0 Euros sur 12.0 mois,Annuel,50000,60000,2026-04-22,False,https://candidat.francetravail.fr/offres/recherche/detail/1741872
207YFMS,M1703,Chef(fe) de produit,Responsable produit - équipements de mesure (H/F),SOCOMEC,67,67 - BENFELD,offre,CDI,CDI,True,2 An(s),2 ans,Bac+3/4,False,,,,,2026-05-06,False,https://candidat.francetravail.fr/offres/recherche/detail/207YFMS
210HMQR,M1703,Chef(fe) de produit,Head of Product - H/F (H/F),ALPHAVOTE,38,38 - MEYLAN,offre,CDI,CDI,True,10 An(s),6 ans et plus,Bac+5,True,Annuel de 80000.0 Euros à 100000.0 Euros,Annuel,80000,100000,2026-06-25,False,https://candidat.francetravail.fr/offres/recherche/detail/210HMQR
210WSGX,M1703,Chef(fe) de produit,CHEF DE PRODUITS (H/F),HOLDING GROUP IRSEA,84,84 - Apt,offre,CDI,CDI,True,5 An(s),5 ans,Bac+5,True,Annuel de 42325.0 Euros à 46012.0 Euros,Annuel,42325,46012,2026-07-07,False,https://candidat.francetravail.fr/offres/recherche/detail/210WSGX
211NLQK,M1703,Chef(fe) de produit,ASSISTANT(E) CHEF DE PRODUIT TEXTILE (H/F),SPORT NEIGE COMPETITION INTERNATIONAL,74,74 - CHARVONNEX,offre,CDI,CDI,True,5 An(s),5 ans,Bac+2,False,Mensuel de 2500.0 Euros,Mensuel,30000,30000,2026-07-22,False,https://candidat.francetravail.fr/offres/recherche/detail/211NLQK
211TGFH,M1703,Chef(fe) de produit,Chef de marché événementiel B2B - Distribution (F/H/X) (H/F),EDITIONS TECHNIQUES POUR L'AUTOMOBILE ET,94,94 - GENTILLY,offre,CDI,CDI,True,5 An(s),5 ans,,False,,,,,2026-07-28,False,https://candidat.francetravail.fr/offres/recherche/detail/211TGFH
212QBWV,M1703,Chef(fe) de produit,Chef de produit Senior - Maroquinerie (H/F),LA CADETTE,75,75 - PARIS 02,commune,CDI,CDI,True,4 An(s),4 ans,,False,Annuel de 45000.0 Euros,Annuel,45000,45000,2026-08-18,False,https://candidat.francetravail.fr/offres/recherche/detail/212QBWV
212VCTR,M1703,Chef(fe) de produit,Chef de produits techniquesSpa & Wellness (F/H) (H/F),PEPITE CONSEIL,13,13 - Marseille 1er Arrondissement,offre,CDI,CDI,True,Débutant accepté,Débutant accepté,,False,Annuel de 65000.0 Euros à 75000.0 Euros sur 12 mois,Annuel,65000,75000,2026-08-24,False,https://candidat.francetravail.fr/offres/recherche/detail/212VCTR
212VKLZ,M1703,Chef(fe) de produit,Ingénieur commercial en solutions digitales industrielles (H/F),SWOT CONSEILS RH,69,69 - Rhône,departement,CDI,CDI,True,8 An(s),6 ans et plus,,True,Annuel de 50000.0 Euros à 80000.0 Euros,Annuel,50000,80000,2026-08-24,False,https://candidat.francetravail.fr/offres/recherche/detail/212VKLZ
213BGTG,M1703,Chef(fe) de produit,Chef de marché - Installateurs - H/F,WURTH FRANCE,67,67 - ERSTEIN,offre,CDI,CDI,True,2 An(s),2 ans,Bac+3/4,False,,,,,2026-08-28,False,https://candidat.francetravail.fr/offres/recherche/detail/213BGTG
213DYWX,M1703,Chef(fe) de produit,Assistant(e) Marchés Publics (H/F),EPSM-LILLE-METROPOLE,59,59 - ARMENTIERES,offre,CDD,CDD,True,12 Mois,1 an,Bac+3/4,False,Mensuel de 2248.04 Euros,Mensuel,26976,26976,2026-09-01,False,https://candidat.francetravail.fr/offres/recherche/detail/213DYWX
213GMJG,M1703,Chef(fe) de produit,Product Manager - Laser Products & Applications (H/F),OXXIUS,22,22 - LANNION,offre,CDI,CDI,True,5 An(s),5 ans,Bac+5,False,Annuel de 55000.0 Euros sur 12 mois,Annuel,55000,55000,2026-09-02,False,https://candidat.francetravail.fr/offres/recherche/detail/213GMJG
213HFDV,M1703,Chef(fe) de produit,Chef de produit digital aéroportuaire (H/F),GROUPE ADP,94,94 - ORLY,offre,CDI,CDI,True,5 An(s),5 ans,Bac+5,True,Annuel de 50000.0 Euros à 63000.0 Euros,Annuel,50000,63000,2026-09-02,False,https://candidat.francetravail.fr/offres/recherche/detail/213HFDV
213HLPX,M1703,Chef(fe) de produit,Product Owner Mobile/Web (H/F),THE NAVIGATION FAMILY,06,06 - NICE,offre,CDI,CDI,True,3 An(s),3 ans,,True,Annuel de 35000.0 Euros sur 12 mois,Annuel,35000,35000,2026-09-02,False,https://candidat.francetravail.fr/offres/recherche/detail/213HLPX
213KMWL,M1703,Chef(fe) de produit,Chef produit-Coordinateur qualité (H/F),OUEST ELEVAGE,29,29 - Ploudaniel,offre,CDI,CDI,True,Débutant accepté,Débutant accepté,,False,Annuel de 30000.0 Euros à 35000.0 Euros,Annuel,30000,35000,2026-09-04,False,https://candidat.francetravail.fr/offres/recherche/detail/213KMWL
213KYQB,M1703,Chef(fe) de produit,Technicien.ne Produits (H/F),REDSKINS INT.GROUP,92,92 - GENNEVILLIERS,offre,CDD,CDD,True,2 An(s),2 ans,,True,Mensuel de 2400.0 Euros à 3000.0 Euros,Mensuel,28800,36000,2026-09-04,False,https://candidat.francetravail.fr/offres/recherche/detail/213KYQB
213LCJL,M1703,Chef(fe) de produit,Brand Manager Lumière (H/F),ALGAM,44,44 - THOUARE-SUR-LOIRE,offre,CDI,CDI,True,3 An(s),3 ans,,False,Annuel de 28000.0 Euros à 34000.0 Euros,Annuel,28000,34000,2026-09-04,False,https://candidat.francetravail.fr/offres/recherche/detail/213LCJL
213LHXM,M1703,Chef(fe) de produit,Responsable Produits Etanchéité H/F (H/F),ETS METALLURGIQUES EMILE MAURIN,69,69 - Saint-Priest,offre,CDI,CDI,True,5 An(s),5 ans,,False,Annuel de 40000.0 Euros à 44000.0 Euros,Annuel,40000,44000,2026-09-04,False,https://candidat.francetravail.fr/offres/recherche/detail/213LHXM
213LHXX,M1703,Chef(fe) de produit,Responsable Produits Etanchéité H/F,ETS METALLURGIQUES EMILE MAURIN,21,21 - Dijon,offre,CDI,CDI,True,5 An(s),5 ans,,False,Annuel de 40000.0 Euros à 44000.0 Euros,Annuel,40000,44000,2026-09-04,False,https://candidat.francetravail.fr/offres/recherche/detail/213LHXX
213LHYL,M1703,Chef(fe) de produit,Responsable Produits Etanchéité H/F,ETS METALLURGIQUES EMILE MAURIN,60,60 - Compiègne,offre,CDI,CDI,True,5 An(s),5 ans,,False,Annuel de 40000.0 Euros à 44000.0 Euros,Annuel,40000,44000,2026-09-04,False,https://candidat.francetravail.fr/offres/recherche/detail/213LHYL
213LJRK,M1703,Chef(fe) de produit,Team leader (H/F),PROMAN,59,59 - Denain,offre,Intérim,MIS,True,1 An(s),1 an,,False,Horaire de 13.0 Euros à 18.0 Euros,Horaire,20891,28926,2026-09-04,False,https://candidat.francetravail.fr/offres/recherche/detail/213LJRK
213LXXC,M1703,Chef(fe) de produit,Head of product Management (H/F),VERDOT,63,63 - RIOM,offre,CDI,CDI,True,7 An(s),6 ans et plus,,False,,,,,2026-09-07,False,https://candidat.francetravail.fr/offres/recherche/detail/213LXXC
213MQKF,M1703,Chef(fe) de produit,Chef de marché BTP (H/F),ALCHIMA CONSEIL,69,69 - LIMONEST,offre,CDI,CDI,True,36 Mois,3 ans,,True,Annuel de 52000.0 Euros à 55000.0 Euros,Annuel,52000,55000,2026-09-07,False,https://candidat.francetravail.fr/offres/recherche/detail/213MQKF
213MQZZ,M1703,Chef(fe) de produit,Chef de Produit (h/f) (H/F),IZIWORK,38,38 - Échirolles,offre,Intérim,MIS,True,Débutant accepté,Débutant accepté,,False,Annuel de 42000.0 Euros à 48000.0 Euros,Annuel,42000,48000,2026-09-07,False,https://candidat.francetravail.fr/offres/recherche/detail/213MQZZ
213MVNS,M1703,Chef(fe) de produit,CHEF(FE) DE PROJET DIGITAL EN ALTERNANCE F/H,,60,60 - CHANTILLY,offre,CDI,CDI,True,2 An(s),2 ans,,False,Mensuel de 1867.02 Euros,Mensuel,22404,22404,2026-09-07,False,https://candidat.francetravail.fr/offres/recherche/detail/213MVNS
213NJBY,M1703,Chef(fe) de produit,Chargé.e de Produit Web (H/F),NOTARIAT SERVICES,19,19 - ARNAC POMPADOUR,offre,CDI,CDI,True,2 An(s),2 ans,,False,Annuel de 28000.0 Euros à 34000.0 Euros - Selon expérience,Annuel,28000,34000,2026-09-08,False,https://candidat.francetravail.fr/offres/recherche/detail/213NJBY
213NNDT,M1703,Chef(fe) de produit,Chef de marché Gros Oeuvre (H/F),POINT P - DISPANO -,76,76 - Le Havre,offre,CDI,CDI,True,2 An(s),2 ans,Bac+5,False,Annuel de 45000.0 Euros à 55000.0 Euros,Annuel,45000,55000,2026-09-08,False,https://candidat.francetravail.fr/offres/recherche/detail/213NNDT
213PFPX,M1703,Chef(fe) de produit,Chef de Produits (H/F),KINGFISHER INTERNATIONAL PRODUCTS FRANCE,59,59 - TEMPLEMARS,offre,CDD,CDD,True,4 An(s),4 ans,,False,,,,,2026-09-08,False,https://candidat.francetravail.fr/offres/recherche/detail/213PFPX
213PHTG,M1703,Chef(fe) de produit,CDD - Assistant Chef de Produit (H/F),KINGFISHER INTERNATIONAL PRODUCTS FRANCE,59,59 - TEMPLEMARS,offre,CDD,CDD,True,12 Mois,1 an,,False,,,,,2026-09-08,False,https://candidat.francetravail.fr/offres/recherche/detail/213PHTG
213PWKM,M1703,Chef(fe) de produit,Assistant(e) Chef de Produit Textile H/F (H/F),RKF GROUP,90,90 - Belfort,offre,CDI,CDI,True,1 An(s),1 an,Bac+3/4,False,,,,,2026-09-09,False,https://candidat.francetravail.fr/offres/recherche/detail/213PWKM
213QCVQ,M1703,Chef(fe) de produit,Responsable de gamme (H/F),COMPAGNIE DE SAINT-GOBAIN,92,92 - Courbevoie,offre,CDI,CDI,True,2 An(s),2 ans,Bac+5,False,Annuel de 50000.0 Euros à 70000.0 Euros,Annuel,50000,70000,2026-09-09,False,https://candidat.francetravail.fr/offres/recherche/detail/213QCVQ
213QGVN,M1703,Chef(fe) de produit,Responsable Technique Produit (H/F),SERAP INDUSTRIES,53,53 - GORRON,offre,CDI,CDI,True,Débutant accepté,Débutant accepté,Bac+5,True,,,,,2026-09-09,False,https://candidat.francetravail.fr/offres/recherche/detail/213QGVN
213QRJV,M1703,Chef(fe) de produit,Responsable d'équipe marché entreprises - f/h (H/F),CERFRANCE BROCELIANDE,56,56 - Vannes,offre,CDI,CDI,True,Débutant accepté,Débutant accepté,,False,,,,,2026-09-09,False,https://candidat.francetravail.fr/offres/recherche/detail/213QRJV
213SCXD,M1703,Chef(fe) de produit,Assistant Chef de Produit (H/F),KINGFISHER INTERNATIONAL PRODUCTS FRANCE,59,59 - TEMPLEMARS,offre,CDI,CDI,True,1 An(s),1 an,,False,,,,,2026-09-10,False,https://candidat.francetravail.fr/offres/recherche/detail/213SCXD
213TRMJ,M1703,Chef(fe) de produit,Chef de marché (H/F),MANPOWER,42,42 - Saint-Chamond,offre,CDI,CDI,True,5 An(s),5 ans,,True,Annuel de 50000.0 Euros à 65000.0 Euros,Annuel,50000,65000,2026-09-11,False,https://candidat.francetravail.fr/offres/recherche/detail/213TRMJ
213YBDL,M1703,Chef(fe) de produit,Chef de produit (H/F),ADEVA,35,35 - Maen Roch,offre,Intérim,MIS,True,5 An(s),5 ans,,False,Horaire de 12.31 Euros à 14.0 Euros,Horaire,19782,22498,2026-09-16,False,https://candidat.francetravail.fr/offres/recherche/detail/213YBDL
213YKQK,M1703,Chef(fe) de produit,Assistant Commercial/Produit (h/f) (H/F),ADECCO,86,86 - Poitiers,offre,CDI,CDI,True,1 An(s),1 an,,False,Annuel de 25000.0 Euros à 30000.0 Euros,Annuel,25000,30000,2026-09-16,False,https://candidat.francetravail.fr/offres/recherche/detail/213YKQK
2142158,M1703,Chef(fe) de produit,Chef de marché (H/F),,78,78 - Versailles,commune,CDI,CDI,True,3 An(s),3 ans,,False,,,,,2026-04-30,True,https://candidat.francetravail.fr/offres/recherche/detail/2142158
214CJPV,M1703,Chef(fe) de produit,Brand Manager Marques Propres (H/F),ALGAM,44,44 - THOUARE-SUR-LOIRE,offre,CDI,CDI,True,3 An(s),3 ans,,False,Mensuel de 2200.0 Euros à 2800.0 Euros,Mensuel,26400,33600,2026-09-18,False,https://candidat.francetravail.fr/offres/recherche/detail/214CJPV
214CPFP,M1703,Chef(fe) de produit,Category Manager (h/f) (H/F),ADECCO,69,69 - Saint-Priest,offre,CDI,CDI,True,5 An(s),5 ans,,False,Annuel de 55000.0 Euros à 65000.0 Euros,Annuel,55000,65000,2026-09-18,False,https://candidat.francetravail.fr/offres/recherche/detail/214CPFP
214CRKS,M1703,Chef(fe) de produit,Chef de produit (H/F),MANPOWER FRANCE,13,13 - Aubagne,offre,CDI,CDI,True,6 An(s),6 ans et plus,,False,Mensuel de 4583.0 Euros à 5416.0 Euros,Mensuel,54996,64992,2026-09-18,False,https://candidat.francetravail.fr/offres/recherche/detail/214CRKS
214CVBQ,M1703,Chef(fe) de produit,Assistant(e) Chef de Produit Bijoux et Artisanat (H/F),T.B.S COMPANY,92,92 - FONTENAY AUX ROSES,offre,CDI,CDI,True,Débutant accepté,Débutant accepté,,False,Mensuel de 1868.0 Euros,Mensuel,22416,22416,2026-09-19,False,https://candidat.francetravail.fr/offres/recherche/detail/214CVBQ
214CWKH,M1703,Chef(fe) de produit,Responsable Produit Série (RSP) (H/F),TECXELL INTERIM,27,27 - Pont-Audemer,offre,CDI,CDI,True,Débutant accepté,Débutant accepté,,False,Mensuel de 3500.0 Euros à 4000.0 Euros,Mensuel,42000,48000,2026-09-21,False,https://candidat.francetravail.fr/offres/recherche/detail/214CWKH
214DLGP,M1703,Chef(fe) de produit,CDD - Acheteur Chef de Produits (H/F) - secteur bricolage,SAS EQUIPEMENT DE LA MAISON,91,91 - Bondoufle,offre,CDD,CDD,True,5 An(s),5 ans,,True,Annuel de 33000.0 Euros à 36000.0 Euros,Annuel,33000,36000,2026-09-21,False,https://candidat.francetravail.fr/offres/recherche/detail/214DLGP
214DQDX,M1703,Chef(fe) de produit,Chef de Produit Marketing International IVD - Chimie Clinique (H/F),HORIBA ABX SAS,34,34 - MONTPELLIER,offre,CDI,CDI,True,5 An(s),5 ans,,False,Annuel de 50000.0 Euros à 70000.0 Euros,Annuel,50000,70000,2026-09-21,False,https://candidat.francetravail.fr/offres/recherche/detail/214DQDX
214FMBT,M1703,Chef(fe) de produit,Responsable Webmarketing (F/H),RANDSTAD,64,64 - Bordes,offre,Intérim,MIS,True,1 An(s),1 an,Bac+5,False,Horaire de 25.0 Euros,Horaire,40175,40175,2026-09-22,False,https://candidat.francetravail.fr/offres/recherche/detail/214FMBT
214FMMB,M1703,Chef(fe) de produit,Chef(fe) de produit e-commerce (H/F),AFB SHOP,74,74 - ANNECY,offre,CDI,CDI,True,2 An(s),2 ans,,False,Mensuel de 2000.0 Euros à 2500.0 Euros - Selon profil,Mensuel,24000,30000,2026-09-22,False,https://candidat.francetravail.fr/offres/recherche/detail/214FMMB
214FTPQ,M1703,Chef(fe) de produit,Responsable opérationnel de marché (ROP) (H/F),ENVERGURE SUD OUEST,31,31 - Toulouse,offre,CDD,CDD,True,1 An(s),1 an,Bac+2,False,Mensuel de 2058.0 Euros - RTT,Mensuel,24696,24696,2026-09-22,False,https://candidat.francetravail.fr/offres/recherche/detail/214FTPQ
214FZKY,M1703,Chef(fe) de produit,Chef de produit (H/F),MANPOWER,74,74 - Annemasse,offre,CDI,CDI,True,Débutant accepté,Débutant accepté,,False,Annuel de 35000.0 Euros,Annuel,35000,35000,2026-09-22,False,https://candidat.francetravail.fr/offres/recherche/detail/214FZKY
214GYWG,M1703,Chef(fe) de produit,Chef de produit marketing (F/H),RANDSTAD PROFESSIONAL - APPEL MEDICAL,44,44 - Louisfert,offre,CDI,CDI,True,3 An(s),3 ans,Bac+3/4,False,Annuel de 35000.0 Euros,Annuel,35000,35000,2026-09-23,False,https://candidat.francetravail.fr/offres/recherche/detail/214GYWG
214HCPH,M1703,Chef(fe) de produit,Responsable Data Produit H/F,DESENFANS,59,59 - CAMBRAI,offre,CDI,CDI,True,2 An(s) - Sur poste similaire,2 ans,Bac+5,False,,,,,2026-09-23,False,https://candidat.francetravail.fr/offres/recherche/detail/214HCPH
214HFLS,M1703,Chef(fe) de produit,Chef de Groupe (H/F),THOM,75,75 - Paris,departement,CDI,CDI,True,8 An(s),6 ans et plus,Bac+5,False,,,,,2026-09-23,False,https://candidat.francetravail.fr/offres/recherche/detail/214HFLS
214HJFG,M1703,Chef(fe) de produit,Chef de produits (H/F),FORMUSSON DISTRIBUTION,53,53 - LAVAL,offre,CDI,CDI,True,3 An(s),3 ans,Bac+2,False,,,,,2026-09-23,False,https://candidat.francetravail.fr/offres/recherche/detail/214HJFG
214HMZW,M1703,Chef(fe) de produit,Chef de Produit (H/F),LES ATELIERS TAMALET,75,75 - PARIS,offre,CDI,CDI,True,12 Mois,1 an,,False,Annuel de 30000.0 Euros,Annuel,30000,30000,2026-09-23,False,https://candidat.francetravail.fr/offres/recherche/detail/214HMZW
214JKKK,M1703,Chef(fe) de produit,Chef de marché marketing (H/F),LEADSEN RH,84,84 - Avignon,offre,CDD,CDD,True,Débutant accepté,Débutant accepté,Bac+3/4,False,Annuel de 40000.0 Euros à 45000.0 Euros,Annuel,40000,45000,2026-09-24,False,https://candidat.francetravail.fr/offres/recherche/detail/214JKKK
214JKSB,M1703,Chef(fe) de produit,UN(E) CHEF DE PRODUIT LOGICIEL GENETIQUE ET BIOBANQUES H/F (H/F),TECHNIDATA,38,38 - MONTBONNOT ST MARTIN,offre,CDI,CDI,True,2 An(s),2 ans,,True,,,,,2026-09-24,False,https://candidat.francetravail.fr/offres/recherche/detail/214JKSB
214JQBY,M1703,Chef(fe) de produit,Chef de produit (H/F),MANPOWER FRANCE,39,39 - Lons-le-Saunier,offre,CDI,CDI,True,4 An(s),4 ans,,False,Annuel de 35000.0 Euros à 37000.0 Euros,Annuel,35000,37000,2026-09-24,False,https://candidat.francetravail.fr/offres/recherche/detail/214JQBY
214JQVL,M1703,Chef(fe) de produit,Responsable Produit Pompes à Chaleur (H/F),OKOFEN FRANCE,73,73 - ST BALDOPH,offre,CDI,CDI,True,3 An(s),3 ans,Bac+3/4,False,Annuel de 35000.0 Euros à 38000.0 Euros,Annuel,35000,38000,2026-09-24,False,https://candidat.francetravail.fr/offres/recherche/detail/214JQVL
214JXXS,M1703,Chef(fe) de produit,Responsable de marché (F/H) (H/F),Le recruteur France,75,75 - Paris,departement,CDI,CDI,True,3 An(s),3 ans,,False,Annuel de 40000.0 Euros à 45000.0 Euros - Une variable mensuelle de 250 € basée sur les performances du périmètre  et de 150 € basée sur les performances globales du groupe.,Annuel,40000,45000,2026-09-24,False,https://candidat.francetravail.fr/offres/recherche/detail/214JXXS
214KFDS,M1703,Chef(fe) de produit,Des Technicien(ne)s Produits PAP luxe H/F (H/F),CAMELEON COM MARK,75,75 - PARIS 04,offre,Intérim,MIS,True,5 An(s),5 ans,,False,Annuel de 40000.0 Euros,Annuel,40000,40000,2026-09-25,False,https://candidat.francetravail.fr/offres/recherche/detail/214KFDS
214KFNG,M1703,Chef(fe) de produit,Technicien(ne) Produit Illustrator (H/F),CAMELEON COM MARK,75,75 - PARIS 17,offre,Intérim,MIS,True,5 An(s),5 ans,,False,Annuel de 45000.0 Euros,Annuel,45000,45000,2026-09-25,False,https://candidat.francetravail.fr/offres/recherche/detail/214KFNG
214KFNP,M1703,Chef(fe) de produit,Technicien(ne) Produit Kaledo (H/F),CAMELEON COM MARK,75,75 - PARIS 17,offre,Intérim,MIS,True,7 An(s),6 ans et plus,,False,Annuel de 38000.0 Euros,Annuel,38000,38000,2026-09-25,False,https://candidat.francetravail.fr/offres/recherche/detail/214KFNP
214LFPX,M1703,Chef(fe) de produit,Product manager (F/H) (H/F),GENOWAY,69,69 - Lyon 7e Arrondissement,offre,CDI,CDI,True,3 An(s),3 ans,,False,Annuel de 65000.0 Euros à 80000.0 Euros,Annuel,65000,80000,2026-09-25,False,https://candidat.francetravail.fr/offres/recherche/detail/214LFPX
214LWMM,M1703,Chef(fe) de produit,"Chargé.e de Produits, Projets  - Formation (H/F)",ACADEMY OF MANAGEMENT AND INTELLIGENCE T,93,93 - ST OUEN SUR SEINE,offre,CDI,CDI,True,2 An(s),2 ans,Bac+5,False,Mensuel de 2300.0 Euros à 2750.0 Euros,Mensuel,27600,33000,2026-09-28,False,https://candidat.francetravail.fr/offres/recherche/detail/214LWMM
214MPSX,M1703,Chef(fe) de produit,Product Manager (H/F),ALMERYS,75,75 - Paris 9e Arrondissement,offre,CDI,CDI,True,5 An(s),5 ans,,False,Annuel de 60000.0 Euros à 80000.0 Euros,Annuel,60000,80000,2026-09-28,False,https://candidat.francetravail.fr/offres/recherche/detail/214MPSX
214MXZT,M1703,Chef(fe) de produit,Chef de Produit Isolation & Aménagement Intérieur F/H (H/F),LA PLATEFORME,75,75 - Paris 19e Arrondissement,offre,CDI,CDI,True,2 An(s),2 ans,,False,Annuel de 50000.0 Euros à 65000.0 Euros,Annuel,50000,65000,2026-09-29,False,https://candidat.francetravail.fr/offres/recherche/detail/214MXZT
214NFDV,M1703,Chef(fe) de produit,Responsable Produits Étanchéité H/F (H/F),BRAWO,23,23 - Saint-Priest,offre,CDI,CDI,True,5 An(s),5 ans,,False,Annuel de 40000.0 Euros à 45000.0 Euros,Annuel,40000,45000,2026-09-29,False,https://candidat.francetravail.fr/offres/recherche/detail/214NFDV
2393212,M1703,Chef(fe) de produit,Directeur Conseil en Stratégie Data (H/F),NEW NET 3D,92,92 - Puteaux,commune,CDI,CDI,True,6 An(s),6 ans et plus,,False,,,,,2026-05-07,False,https://candidat.francetravail.fr/offres/recherche/detail/2393212
2395849,M1703,Chef(fe) de produit,Product Manager (H/F),NEW NET 3D,92,92 - Hauts-de-Seine,departement,CDI,CDI,True,3 An(s),3 ans,,False,,,,,2026-05-07,False,https://candidat.francetravail.fr/offres/recherche/detail/2395849
2396253,M1703,Chef(fe) de produit,Ingénieur / Ingénieure produit (H/F),SYNERGIE,83,83 - Toulon,offre,CDI,CDI,True,3 An(s),3 ans,Bac+5,False,Annuel de 45000.0 Euros à 50000.0 Euros,Annuel,45000,50000,2026-05-07,False,https://candidat.francetravail.fr/offres/recherche/detail/2396253
2535767,M1703,Chef(fe) de produit,Ingénieur Conformité Produits et Certification - Aéronautique (H/F),AIRBUS,31,31 - Toulouse,offre,CDI,CDI,True,3 An(s),3 ans,,True,,,,,2026-05-12,False,https://candidat.francetravail.fr/offres/recherche/detail/2535767
2644184,M1703,Chef(fe) de produit,Chef de produit digital (H/F),,49,49 - Montreuil-Juigné,commune,CDI,CDI,True,3 An(s),3 ans,,False,,,,,2026-05-14,False,https://candidat.francetravail.fr/offres/recherche/detail/2644184
2899435,M1703,Chef(fe) de produit,Chef de Projet/Product Owner Salesforce H/F - Creative Tech - C360,,92,92 - Levallois-Perret,offre,Intérim,MIS,True,Débutant accepté,Débutant accepté,,False,,,,,2026-05-22,False,https://candidat.francetravail.fr/offres/recherche/detail/2899435
2974911,M1703,Chef(fe) de produit,Responsable produit informatique (H/F),AIRBUS,80,80 - Méaulte,commune,CDI,CDI,True,6 An(s),6 ans et plus,,False,,,,,2026-05-23,False,https://candidat.francetravail.fr/offres/recherche/detail/2974911
3055943,M1703,Chef(fe) de produit,ESTREEM - Product Manager issuing - (H/F),BNP Paribas Mission Handicap ,75,75 - Paris,commune,CDI,CDI,True,3 An(s),3 ans,,False,,,,,2026-05-27,False,https://candidat.francetravail.fr/offres/recherche/detail/3055943
3368478,M1703,Chef(fe) de produit,Gestionnaire produit H/F,,21,21 - Dijon,offre,Intérim,MIS,True,Débutant accepté,Débutant accepté,,False,,,,,2026-06-03,False,https://candidat.francetravail.fr/offres/recherche/detail/3368478
3601461,M1703,Chef(fe) de produit,Chef-fe de marque achats produits f/h (H/F),,92,92 - Gennevilliers,commune,CDI,CDI,True,Expérience exigée,"Exigée, sans durée",,False,,,,,2026-06-09,False,https://candidat.francetravail.fr/offres/recherche/detail/3601461
3767143,M1703,Chef(fe) de produit,Product Manager - Value proposition (H/F/N)-,,,Luxembourg,aucune,CDI,CDI,True,Expérience exigée,"Exigée, sans durée",,True,,,,,2026-06-15,False,https://candidat.francetravail.fr/offres/recherche/detail/3767143
3854846,M1703,Chef(fe) de produit,CHEF DE PRODUITS H/F,,91,91 - Vert-le-Grand,offre,CDI,CDI,True,Débutant accepté,Débutant accepté,,True,,,,,2026-06-16,False,https://candidat.francetravail.fr/offres/recherche/detail/3854846
3998835,M1703,Chef(fe) de produit,Responsable de produit technique f/h (H/F),,33,33 - Teste-de-Buch,commune,CDI,CDI,True,Expérience exigée,"Exigée, sans durée",,False,,,,,2026-06-19,False,https://candidat.francetravail.fr/offres/recherche/detail/3998835
4054476,M1703,Chef(fe) de produit,Chef de marché (H/F),,78,78 - Versailles,commune,CDI,CDI,True,3 An(s),3 ans,,False,,,,,2026-06-20,False,https://candidat.francetravail.fr/offres/recherche/detail/4054476
4110605,M1703,Chef(fe) de produit,Coordinateur en dépannage électronique H/F,MATRA ELECTRONIQUE,60,60 - Compiègne,commune,CDI,CDI,True,Débutant accepté,Débutant accepté,,False,,,,,2026-06-23,False,https://candidat.francetravail.fr/offres/recherche/detail/4110605
4134659,M1703,Chef(fe) de produit,Responsable Qualité Technique Produit (H/F),,29,29 - Brest,commune,CDI,CDI,True,3 An(s),3 ans,,False,,,,,2026-06-23,False,https://candidat.francetravail.fr/offres/recherche/detail/4134659
4171799,M1703,Chef(fe) de produit,Marque technique r&t - rgb f/h (H/F),,92,92 - Colombes,commune,CDI,CDI,True,Expérience exigée,"Exigée, sans durée",,False,,,,,2026-06-24,False,https://candidat.francetravail.fr/offres/recherche/detail/4171799
4298929,M1703,Chef(fe) de produit,Assistant / Assistante chef de produit (H/F),ASSOCIATION IMC ALTERNANCE,93,93 - Saint-Denis,commune,CDD,CDD,True,Débutant accepté,Débutant accepté,,False,,,,,2026-06-27,False,https://candidat.francetravail.fr/offres/recherche/detail/4298929
4526891,M1703,Chef(fe) de produit,Ingénieur-e produit - calculateurs embarqués f/h (H/F),,78,78 - Plaisir,commune,CDI,CDI,True,Expérience exigée,"Exigée, sans durée",,False,,,,,2026-07-03,False,https://candidat.francetravail.fr/offres/recherche/detail/4526891
4570825,M1703,Chef(fe) de produit,Senior Backend Software Engineer - Ecom Pricing & Promotions (f/m/d) H/F,,59,59 - Villeneuve-d'Ascq,commune,CDI,CDI,True,Débutant accepté,Débutant accepté,,True,,,,,2026-07-04,False,https://candidat.francetravail.fr/offres/recherche/detail/4570825
4579692,M1703,Chef(fe) de produit,Assistant Chef de Produit - stage 6 à 9 mois  (F/H) (H/F),,44,44 - Nantes,offre,CDI,CDI,True,Débutant accepté,Débutant accepté,,False,,,,,2026-07-05,False,https://candidat.francetravail.fr/offres/recherche/detail/4579692
4635240,M1703,Chef(fe) de produit,Responsable produit série (f/h) (H/F),,19,19 - Brive-la-Gaillarde,commune,CDI,CDI,True,Débutant accepté,Débutant accepté,,False,,,,,2026-07-07,False,https://candidat.francetravail.fr/offres/recherche/detail/4635240
4635356,M1703,Chef(fe) de produit,Responsable produit série (f/h) (H/F),,27,27 - Pont-Audemer,commune,CDI,CDI,True,Débutant accepté,Débutant accepté,,False,,,,,2026-07-07,False,https://candidat.francetravail.fr/offres/recherche/detail/4635356
4704762,M1703,Chef(fe) de produit,Chef de Projet Technique SAP BASIS F/H @SupplyChainTech,Externatic,92,92 - Antony,commune,CDI,CDI,True,10 An(s),6 ans et plus,,False,Annuel de 83000.0 Euros à 90000.0 Euros,Annuel,83000,90000,2026-07-08,False,https://candidat.francetravail.fr/offres/recherche/detail/4704762
4709907,M1703,Chef(fe) de produit,Chef de produit technique (H/F),PEPITE CONSEIL,13,13 - Marseille 7e Arrondissement,commune,CDI,CDI,True,3 An(s),3 ans,,False,Annuel de 65000.0 Euros à 75000.0 Euros,Annuel,65000,75000,2026-07-09,False,https://candidat.francetravail.fr/offres/recherche/detail/4709907
4710795,M1703,Chef(fe) de produit,Manager d'Unité de Production Aéronautique (H/F),,33,33 - Floirac,commune,CDI,CDI,True,3 An(s),3 ans,,False,,,,,2026-07-09,False,https://candidat.francetravail.fr/offres/recherche/detail/4710795
4773001,M1703,Chef(fe) de produit,Chef de projet Digital Workplace - Confirmé H/F,Seyos,44,44 - Nantes,offre,CDI,CDI,True,3 An(s),3 ans,,True,Annuel de 40000.0 Euros à 50000.0 Euros,Annuel,40000,50000,2026-07-09,False,https://candidat.francetravail.fr/offres/recherche/detail/4773001
4790329,M1703,Chef(fe) de produit,Ingénieur ivvq produits iff - f/h (H/F),,,Île-de-France,aucune,CDI,CDI,True,Débutant accepté,Débutant accepté,,False,,,,,2026-07-10,False,https://candidat.francetravail.fr/offres/recherche/detail/4790329
4790335,M1703,Chef(fe) de produit,Ingénieur système - produits radars secondaires iff - f/h (H/F),,,Île-de-France,aucune,CDI,CDI,True,Débutant accepté,Débutant accepté,,False,,,,,2026-07-10,False,https://candidat.francetravail.fr/offres/recherche/detail/4790335
4818944,M1703,Chef(fe) de produit,Consultant technico-fonctionnel ERP H/F,Externatic,50,50 - Avranches,commune,CDI,CDI,True,3 An(s),3 ans,,True,Annuel de 42000.0 Euros à 45000.0 Euros,Annuel,42000,45000,2026-07-10,False,https://candidat.francetravail.fr/offres/recherche/detail/4818944
4871474,M1703,Chef(fe) de produit,Digital Product Manager SAP HR (f/m/d) H/F,,59,59 - Lille,commune,CDI,CDI,True,Débutant accepté,Débutant accepté,,False,,,,,2026-07-11,False,https://candidat.francetravail.fr/offres/recherche/detail/4871474
4893487,M1703,Chef(fe) de produit,Apprenti Assistant chef de marché H/F,,92,92 - Asnières-sur-Seine,commune,CDD,CDD,True,Débutant accepté,Débutant accepté,,False,,,,,2026-07-12,False,https://candidat.francetravail.fr/offres/recherche/detail/4893487
5054501,M1703,Chef(fe) de produit,Chef de produit (H/F),Gojob,21,21 - Dijon,commune,Intérim,MIS,True,Débutant accepté,Débutant accepté,,False,Horaire de 18.0 Euros,Horaire,28926,28926,2026-07-16,False,https://candidat.francetravail.fr/offres/recherche/detail/5054501
5054724,M1703,Chef(fe) de produit,Chef de produit (H/F),Gojob,21,21 - Dijon,commune,Intérim,MIS,True,Débutant accepté,Débutant accepté,,False,Horaire de 13.2 Euros,Horaire,21212,21212,2026-07-16,True,https://candidat.francetravail.fr/offres/recherche/detail/5054724
5060365,M1703,Chef(fe) de produit,Chef de projet technique applicatifs H/F,Externatic,50,50 - Avranches,commune,CDI,CDI,True,8 An(s),6 ans et plus,,True,Annuel de 45000.0 Euros à 50000.0 Euros,Annuel,45000,50000,2026-07-16,False,https://candidat.francetravail.fr/offres/recherche/detail/5060365
5072663,M1703,Chef(fe) de produit,Responsable qualité produit f/h,,,France,aucune,CDI,CDI,True,Expérience exigée,"Exigée, sans durée",,False,,,,,2026-07-17,False,https://candidat.francetravail.fr/offres/recherche/detail/5072663
5072670,M1703,Chef(fe) de produit,Responsable qualité produit f/h,,,France,aucune,CDI,CDI,True,Expérience exigée,"Exigée, sans durée",,False,,,,,2026-07-17,True,https://candidat.francetravail.fr/offres/recherche/detail/5072670
5077364,M1703,Chef(fe) de produit,Gestionnaire de l'information produits - H/F,,67,67 - Erstein,offre,CDI,CDI,True,Débutant accepté,Débutant accepté,,False,,,,,2026-07-17,False,https://candidat.francetravail.fr/offres/recherche/detail/5077364
5077433,M1703,Chef(fe) de produit,Responsable Coordination Technique Produit F/H,,01,01 - Saint-Marcel,commune,CDI,CDI,True,Débutant accepté,Débutant accepté,,False,,,,,2026-07-17,False,https://candidat.francetravail.fr/offres/recherche/detail/5077433
5123970,M1703,Chef(fe) de produit,Product information manager (H/F),OLCANI,75,75 - Paris 9e Arrondissement,offre,CDI,CDI,True,3 An(s),3 ans,Bac+5,False,,,,,2026-07-19,False,https://candidat.francetravail.fr/offres/recherche/detail/5123970
5133837,M1703,Chef(fe) de produit,Responsable méthodes & industrialisation f/h (H/F),,76,76 - Caudebec-lès-Elbeuf,commune,CDI,CDI,True,Expérience exigée,"Exigée, sans durée",,False,,,,,2026-07-19,False,https://candidat.francetravail.fr/offres/recherche/detail/5133837
5184522,M1703,Chef(fe) de produit,Responsable produit (H/F),LECLERC VOYAGES,27,27 - Louviers,offre,CDI,CDI,True,3 An(s),3 ans,,False,,,,,2026-07-21,False,https://candidat.francetravail.fr/offres/recherche/detail/5184522
5197277,M1703,Chef(fe) de produit,Ingénieur méthode produit série - cdi - h/f (H/F),,35,35 - Étrelles,commune,CDI,CDI,True,Débutant accepté,Débutant accepté,,False,,,,,2026-07-21,False,https://candidat.francetravail.fr/offres/recherche/detail/5197277
5337174,M1703,Chef(fe) de produit,Chef-fe de projet / marque technique f/h (H/F),,76,76 - Caudebec-lès-Elbeuf,commune,CDI,CDI,True,Expérience exigée,"Exigée, sans durée",,False,,,,,2026-07-22,False,https://candidat.francetravail.fr/offres/recherche/detail/5337174
5351194,M1703,Chef(fe) de produit,Category Manager / chef.fe de produits F/H - POP France,POP France,67,67 - Reichstett,commune,CDI,CDI,True,2 An(s),2 ans,,True,Annuel de 33000.0 Euros à 40000.0 Euros,Annuel,33000,40000,2026-07-22,False,https://candidat.francetravail.fr/offres/recherche/detail/5351194
5352017,M1703,Chef(fe) de produit,Poyet Motte - Chef / Cheffe de produit (H/F),Poyet Motte,69,69 - Cours,commune,CDD,CDD,True,Débutant accepté,Débutant accepté,,False,,,,,2026-07-22,False,https://candidat.francetravail.fr/offres/recherche/detail/5352017
5367734,M1703,Chef(fe) de produit,Responsable produits frais (H/F),Intermarché,52,52 - Joinville,commune,CDI,CDI,True,Débutant accepté,Débutant accepté,,False,,,,,2026-07-23,False,https://candidat.francetravail.fr/offres/recherche/detail/5367734
5392031,M1703,Chef(fe) de produit,Chef de Produit F/H - Kership,Kership,29,29 - Concarneau,offre,CDI,CDI,True,10 An(s),6 ans et plus,,False,,,,,2026-07-23,False,https://candidat.francetravail.fr/offres/recherche/detail/5392031
5438055,M1703,Chef(fe) de produit,Chef de Projet Innovation Produit (H/F),SYNERGIE,25,25 - Besançon,offre,CDI,CDI,True,Débutant accepté,Débutant accepté,Bac+5,False,Annuel de 40000.0 Euros à 45000.0 Euros,Annuel,40000,45000,2026-07-25,False,https://candidat.francetravail.fr/offres/recherche/detail/5438055
5458833,M1703,Chef(fe) de produit,Chef de projet rex-marque f/h (H/F),,40,40 - Tarnos,commune,CDI,CDI,True,Expérience exigée,"Exigée, sans durée",,False,,,,,2026-07-25,False,https://candidat.francetravail.fr/offres/recherche/detail/5458833
5459063,M1703,Chef(fe) de produit,Responsable de projet - produit gnss f/h (H/F),,,Île-de-France,aucune,CDI,CDI,True,Expérience exigée,"Exigée, sans durée",,False,,,,,2026-07-25,False,https://candidat.francetravail.fr/offres/recherche/detail/5459063
5477780,M1703,Chef(fe) de produit,Product Manager SI Q3SE F/H,,26,26 - Pierrelatte,offre,CDI,CDI,True,Débutant accepté,Débutant accepté,,False,,,,,2026-07-26,False,https://candidat.francetravail.fr/offres/recherche/detail/5477780
5494034,M1703,Chef(fe) de produit,Chef de marché (H/F),,17,17 - Forges,commune,CDI,CDI,True,2 An(s),2 ans,,False,,,,,2026-07-27,True,https://candidat.francetravail.fr/offres/recherche/detail/5494034
5583328,M1703,Chef(fe) de produit,Ingénieur-e marque industrielle f/h (H/F),,78,78 - Plaisir,commune,CDI,CDI,True,Expérience exigée,"Exigée, sans durée",,False,,,,,2026-07-30,False,https://candidat.francetravail.fr/offres/recherche/detail/5583328
5587902,M1703,Chef(fe) de produit,Stage Assistant produits F/H,,59,59 - Villeneuve-d'Ascq,commune,CDI,CDI,True,Débutant accepté,Débutant accepté,,False,,,,,2026-07-30,False,https://candidat.francetravail.fr/offres/recherche/detail/5587902
5594164,M1703,Chef(fe) de produit,TOISON D'OR - Chef / Cheffe de produit (H/F),TOISON D'OR,72,72 - Mans,commune,CDI,CDI,True,Débutant accepté,Débutant accepté,,False,,,,,2026-07-30,False,https://candidat.francetravail.fr/offres/recherche/detail/5594164
5596786,M1703,Chef(fe) de produit,Chef(fe) de chantier Produits en Atelier H/F,SOVAM,79,79 - Châtillon-sur-Thouet,commune,CDI,CDI,True,1 An(s),1 an,,False,Annuel de 25000.0 Euros à 30000.0 Euros sur 12.0 mois,Annuel,25000,30000,2026-07-31,False,https://candidat.francetravail.fr/offres/recherche/detail/5596786
5614571,M1703,Chef(fe) de produit,Responsable de lot système  produit gnss f/h (H/F),,35,35 - Cesson-Sévigné,commune,CDI,CDI,True,Expérience exigée,"Exigée, sans durée",,False,,,,,2026-07-31,False,https://candidat.francetravail.fr/offres/recherche/detail/5614571
5638816,M1703,Chef(fe) de produit,INGÉNIEUR QUALITÉ ET IMPACTS ENVRIONNEMENTAUX PRODUITS (H/F),Randstad professional,38,38 - Isle-d'Abeau,commune,CDI,CDI,True,3 An(s),3 ans,,False,,,,,2026-08-01,False,https://candidat.francetravail.fr/offres/recherche/detail/5638816
5655139,M1703,Chef(fe) de produit,Ingénieur-e de marque industrielle mro f/h (H/F),,31,31 - Toulouse,commune,CDI,CDI,True,Expérience exigée,"Exigée, sans durée",,False,,,,,2026-08-01,False,https://candidat.francetravail.fr/offres/recherche/detail/5655139
5690226,M1703,Chef(fe) de produit,Product Manager - Manufacturing & Control H/F,,26,26 - Pierrelatte,commune,CDI,CDI,True,Débutant accepté,Débutant accepté,,False,,,,,2026-08-03,False,https://candidat.francetravail.fr/offres/recherche/detail/5690226
5741594,M1703,Chef(fe) de produit,Responsable Qualité Technique Produit (H/F),STELLANTIS &YOU FRANCE SAS,02,02 - Saint-Quentin,offre,CDI,CDI,True,Débutant accepté,Débutant accepté,Bac+3/4,False,Annuel de 30000.0 Euros à 35000.0 Euros,Annuel,30000,35000,2026-08-06,False,https://candidat.francetravail.fr/offres/recherche/detail/5741594
5778417,M1703,Chef(fe) de produit,Product Planner F/H,,93,93 - Saint-Ouen-sur-Seine,commune,CDI,CDI,True,Débutant accepté,Débutant accepté,,False,,,,,2026-08-06,False,https://candidat.francetravail.fr/offres/recherche/detail/5778417
5787569,M1703,Chef(fe) de produit,PRODUCT MANAGER (H/F),LA BELLE EMPREINTE,75,75 - Paris,commune,CDI,CDI,True,1 An(s),1 an,,False,Annuel de 50000.0 Euros à 80000.0 Euros,Annuel,50000,80000,2026-08-06,False,https://candidat.francetravail.fr/offres/recherche/detail/5787569
5791841,M1703,Chef(fe) de produit,Alternant Chef de Produit Marketing Stratégique F/H - HTL Biotechnology,HTL Biotechnology,75,75 - Paris 18e Arrondissement,offre,CDD,CDD,True,Débutant accepté,Débutant accepté,,False,,,,,2026-08-06,False,https://candidat.francetravail.fr/offres/recherche/detail/5791841
5793043,M1703,Chef(fe) de produit,Telecom Product Manager (H/F) h/f,,,Île-de-France,aucune,CDI,CDI,True,Expérience exigée,"Exigée, sans durée",,False,,,,,2026-08-06,False,https://candidat.francetravail.fr/offres/recherche/detail/5793043
5848391,M1703,Chef(fe) de produit,Chef-fe de marque achats produits f/h (H/F),,77,77 - Moissy-Cramayel,commune,CDI,CDI,True,Expérience exigée,"Exigée, sans durée",,False,,,,,2026-08-08,False,https://candidat.francetravail.fr/offres/recherche/detail/5848391
5880164,M1703,Chef(fe) de produit,Chef de produits Crèmerie Le Gall F/H - SILL SAS,SILL SAS,29,29 - Plouvien,offre,CDI,CDI,True,5 An(s),5 ans,,False,,,,,2026-08-10,False,https://candidat.francetravail.fr/offres/recherche/detail/5880164
5898055,M1703,Chef(fe) de produit,Responsable qualité produit f/h (H/F),,,Île-de-France,aucune,CDI,CDI,True,Expérience exigée,"Exigée, sans durée",,False,,,,,2026-08-11,False,https://candidat.francetravail.fr/offres/recherche/detail/5898055
5929964,M1703,Chef(fe) de produit,Responsable produit série h/f (H/F),,86,86 - Châtellerault,commune,CDI,CDI,True,Débutant accepté,Débutant accepté,,False,,,,,2026-08-12,False,https://candidat.francetravail.fr/offres/recherche/detail/5929964
6030617,M1703,Chef(fe) de produit,Digital Product Manager - CorpOps Finance (H/F),DECATHLON,59,59 - Lille,commune,CDI,CDI,True,Débutant accepté,Débutant accepté,,False,,,,,2026-08-16,False,https://candidat.francetravail.fr/offres/recherche/detail/6030617
6040439,M1703,Chef(fe) de produit,Digital Product Manager - Workday Finance (H/F),DECATHLON,59,59 - Lille,commune,CDI,CDI,True,Expérience exigée,"Exigée, sans durée",,False,,,,,2026-08-17,False,https://candidat.francetravail.fr/offres/recherche/detail/6040439
6074392,M1703,Chef(fe) de produit,Cdd - responsable produit serie (h/f) (H/F),,38,38 - Moirans,commune,CDD,CDD,True,Débutant accepté,Débutant accepté,,False,,,,,2026-08-18,False,https://candidat.francetravail.fr/offres/recherche/detail/6074392
6117243,M1703,Chef(fe) de produit,Product Manager - Data & IA - H/F,skaelia,35,35 - Cesson-Sévigné,commune,CDI,CDI,True,5 An(s),5 ans,,True,Annuel de 60000.0 Euros à 70000.0 Euros,Annuel,60000,70000,2026-08-19,False,https://candidat.francetravail.fr/offres/recherche/detail/6117243
6121107,M1703,Chef(fe) de produit,Chef de produit (H/F),ARMAND THIERY SAS,92,92 - Levallois-Perret,commune,CDI,CDI,True,3 An(s),3 ans,,False,,,,,2026-08-20,False,https://candidat.francetravail.fr/offres/recherche/detail/6121107
6148877,M1703,Chef(fe) de produit,Cegedim - Product manager (H/F),Cegedim,92,92 - Boulogne-Billancourt,commune,CDI,CDI,True,5 An(s),5 ans,,True,Annuel de 80000.0 Euros à 100000.0 Euros sur 12.0 mois,Annuel,80000,100000,2026-08-20,False,https://candidat.francetravail.fr/offres/recherche/detail/6148877
6148902,M1703,Chef(fe) de produit,Cegedim - Product manager (H/F),Cegedim,31,31 - Labège,commune,CDI,CDI,True,5 An(s),5 ans,,True,Annuel de 80000.0 Euros à 100000.0 Euros sur 12.0 mois,Annuel,80000,100000,2026-08-20,False,https://candidat.francetravail.fr/offres/recherche/detail/6148902
6187693,M1703,Chef(fe) de produit,Chef de marques Atlantic Systèmes (H/F),GROUPE ATLANTIC SYNERGY - Société en Nom Collectif,94,94 - Arcueil,commune,CDI,CDI,True,Expérience exigée,"Exigée, sans durée",,True,,,,,2026-08-22,False,https://candidat.francetravail.fr/offres/recherche/detail/6187693
6207713,M1703,Chef(fe) de produit,Assistant Chef de Produit en alternance (F/H),,42,42 - Pélussin,commune,CDD,CDD,True,Débutant accepté,Débutant accepté,,False,,,,,2026-08-22,False,https://candidat.francetravail.fr/offres/recherche/detail/6207713
6233917,M1703,Chef(fe) de produit,E.Leclerc - Chef(fe) de marché textile - H/F,SOCAMAINE Services centraux,72,72 - Champagné,commune,CDI,CDI,True,3 An(s),3 ans,,False,,,,,2026-08-24,False,https://candidat.francetravail.fr/offres/recherche/detail/6233917
6235533,M1703,Chef(fe) de produit,Chef de Projet Mécanique / Ingénieur Produit - Secteur Défense F/H - VACOA,VACOA,78,78 - Mureaux,commune,CDI,CDI,True,2 An(s),2 ans,,False,,,,,2026-08-24,False,https://candidat.francetravail.fr/offres/recherche/detail/6235533
6260928,M1703,Chef(fe) de produit,Ingénieur méthode produits rafale (h/f) (H/F),,29,29 - Brest,commune,CDI,CDI,True,Débutant accepté,Débutant accepté,,False,,,,,2026-08-25,False,https://candidat.francetravail.fr/offres/recherche/detail/6260928
6275991,M1703,Chef(fe) de produit,"Ingénieur Produit - Secteur Spatial, Aéronautique & Défense F/H - VACOA",VACOA,,Île-de-France,aucune,CDI,CDI,True,5 An(s),5 ans,,False,,,,,2026-08-25,False,https://candidat.francetravail.fr/offres/recherche/detail/6275991
6304481,M1703,Chef(fe) de produit,Alternance Chef de projet digital - Saint-Laurent-du-Var (H/F),ISCOD,06,06 - Saint-Laurent-du-Var,commune,CDD,CDD,True,1 An(s),1 an,,False,,,,,2026-08-26,False,https://candidat.francetravail.fr/offres/recherche/detail/6304481
6304493,M1703,Chef(fe) de produit,Lead Product Marketing Manager - 100% remote (H/F),Boond,13,13 - Marseille 1er Arrondissement,commune,CDI,CDI,True,5 An(s),5 ans,,True,,,,,2026-08-26,False,https://candidat.francetravail.fr/offres/recherche/detail/6304493
6304498,M1703,Chef(fe) de produit,Lead Product Marketing Manager - 100% remote (H/F),Boond,69,69 - Lyon 1er Arrondissement,commune,CDI,CDI,True,5 An(s),5 ans,,True,,,,,2026-08-26,False,https://candidat.francetravail.fr/offres/recherche/detail/6304498
6304507,M1703,Chef(fe) de produit,Lead Product Marketing Manager - 100% remote (H/F),Boond,75,75 - Paris 1er Arrondissement,commune,CDI,CDI,True,5 An(s),5 ans,,True,,,,,2026-08-26,False,https://candidat.francetravail.fr/offres/recherche/detail/6304507
6304533,M1703,Chef(fe) de produit,Lead Product Marketing Manager - 100% remote (H/F),Boond,33,33 - Bordeaux,commune,CDI,CDI,True,5 An(s),5 ans,,True,,,,,2026-08-26,False,https://candidat.francetravail.fr/offres/recherche/detail/6304533
6321959,M1703,Chef(fe) de produit,Chef de produit marketing (H/F),LOCAL.FR,01,01 - Bourg-en-Bresse,commune,CDI,CDI,True,3 An(s),3 ans,,False,Annuel de 40000.0 Euros à 45000.0 Euros,Annuel,40000,45000,2026-08-27,False,https://candidat.francetravail.fr/offres/recherche/detail/6321959
6338184,M1703,Chef(fe) de produit,Ingénieur produit (f/h) (H/F),,86,86 - Châtellerault,commune,CDI,CDI,True,Débutant accepté,Débutant accepté,,False,,,,,2026-08-27,False,https://candidat.francetravail.fr/offres/recherche/detail/6338184
6358306,M1703,Chef(fe) de produit,Responsable de Programmes Produit Logiciel (H/F),CEZAM,67,67 - Strasbourg,commune,CDI,CDI,True,3 An(s),3 ans,,False,,,,,2026-08-28,False,https://candidat.francetravail.fr/offres/recherche/detail/6358306
6358869,M1703,Chef(fe) de produit,Product Manager H/F,ZEPLUG,75,75 - Paris 9e Arrondissement,commune,CDI,CDI,True,Expérience exigée,"Exigée, sans durée",,True,,,,,2026-08-28,False,https://candidat.francetravail.fr/offres/recherche/detail/6358869
6395547,M1703,Chef(fe) de produit,Product Manager Cloud (H/F),,94,94 - Kremlin-Bicêtre,commune,CDI,CDI,True,11 An(s),6 ans et plus,,False,,,,,2026-08-29,False,https://candidat.francetravail.fr/offres/recherche/detail/6395547
6401494,M1703,Chef(fe) de produit,Product and Project Manager (M/F/X) (H/F),,,Luxembourg,aucune,CDI,CDI,True,Expérience exigée,"Exigée, sans durée",,False,,,,,2026-08-29,False,https://candidat.francetravail.fr/offres/recherche/detail/6401494
6414965,M1703,Chef(fe) de produit,Ingenieur-e produit f/h (H/F),,38,38 - Sassenage,commune,CDI,CDI,True,Expérience exigée,"Exigée, sans durée",,False,,,,,2026-08-29,False,https://candidat.francetravail.fr/offres/recherche/detail/6414965
6416963,M1703,Chef(fe) de produit,Chef / Cheffe de produit à l'international (H/F),,29,29 - Finistère,departement,CDI,CDI,True,5 An(s),5 ans,,False,,,,,2026-08-29,False,https://candidat.francetravail.fr/offres/recherche/detail/6416963
6424883,M1703,Chef(fe) de produit,Chef / Cheffe de Marché H/F h/f,,75,75 - Paris,departement,CDI,CDI,True,5 An(s),5 ans,,True,,,,,2026-08-29,False,https://candidat.francetravail.fr/offres/recherche/detail/6424883
6425816,M1703,Chef(fe) de produit,Assistant chef de marque (H/F),EXPERTNET TECHNOLOGIES SA,75,75 - Paris 9e Arrondissement,commune,CDI,CDI,True,1 An(s),1 an,,False,,,,,2026-08-30,False,https://candidat.francetravail.fr/offres/recherche/detail/6425816
6431162,M1703,Chef(fe) de produit,Product Manager Environnement de travail F/H (DSI/DWS),RATP,93,93 - Noisy-le-Grand,commune,CDI,CDI,True,Expérience exigée,"Exigée, sans durée",,False,,,,,2026-08-30,False,https://candidat.francetravail.fr/offres/recherche/detail/6431162
6433787,M1703,Chef(fe) de produit,Chef / Cheffe de produit à l'international (H/F),,92,92 - Hauts-de-Seine,departement,CDI,CDI,True,Débutant accepté,Débutant accepté,,False,,,,,2026-08-30,False,https://candidat.francetravail.fr/offres/recherche/detail/6433787
6445503,M1703,Chef(fe) de produit,Assistant / Assistante chef de produit (H/F),PARITEL OPERATEUR,92,92 - Bois-Colombes,commune,CDD,CDD,True,Débutant accepté,Débutant accepté,,False,,,,,2026-08-31,False,https://candidat.francetravail.fr/offres/recherche/detail/6445503
6445533,M1703,Chef(fe) de produit,Product manager (H/F),EFFILUX,91,91 - Ulis,commune,CDD,CDD,True,Débutant accepté,Débutant accepté,,False,,,,,2026-08-31,False,https://candidat.francetravail.fr/offres/recherche/detail/6445533
6499030,M1703,Chef(fe) de produit,Chef de produits MDD F/H - Gelagri,Gelagri,29,29 - Landerneau,commune,CDD,CDD,True,1 An(s),1 an,,True,Mensuel de 2300.0 Euros à 2500.0 Euros,Mensuel,27600,30000,2026-09-01,False,https://candidat.francetravail.fr/offres/recherche/detail/6499030
6506713,M1703,Chef(fe) de produit,Chef de produit (H/F),Start People,38,38 - Échirolles,commune,Intérim,MIS,True,1 An(s),1 an,,False,Annuel de 42000.0 Euros à 48000.0 Euros,Annuel,42000,48000,2026-09-02,False,https://candidat.francetravail.fr/offres/recherche/detail/6506713
6525368,M1703,Chef(fe) de produit,CHEF DE PRODUIT (H/F),,38,38 - Échirolles,commune,Intérim,MIS,True,Débutant accepté,Débutant accepté,,False,,,,,2026-09-02,False,https://candidat.francetravail.fr/offres/recherche/detail/6525368
6532995,M1703,Chef(fe) de produit,Product Manager F/H - Paris Fashion Shops,Paris Fashion Shops,93,93 - Saint-Denis,commune,CDI,CDI,True,3 An(s),3 ans,,False,Annuel de 45000.0 Euros à 50000.0 Euros,Annuel,45000,50000,2026-09-02,False,https://candidat.francetravail.fr/offres/recherche/detail/6532995
6536039,M1703,Chef(fe) de produit,Digital product manager (H/F),,35,35 - Bruz,commune,CDI,CDI,True,3 An(s),3 ans,,False,,,,,2026-09-03,False,https://candidat.francetravail.fr/offres/recherche/detail/6536039
6537135,M1703,Chef(fe) de produit,Responsable de Service Qualité Produit (H/F),SELECT T.T.,44,44 - Nantes,commune,CDI,CDI,True,3 An(s),3 ans,,False,Annuel de 50000.0 Euros à 52000.0 Euros,Annuel,50000,52000,2026-09-03,False,https://candidat.francetravail.fr/offres/recherche/detail/6537135
6568908,M1703,Chef(fe) de produit,Ingénieur qualité produit f/h (H/F),,,Île-de-France,aucune,CDI,CDI,True,Débutant accepté,Débutant accepté,,False,,,,,2026-09-03,False,https://candidat.francetravail.fr/offres/recherche/detail/6568908
6577448,M1703,Chef(fe) de produit,Chef de Produit (H/F/D),,03,03 - Saint-Angel,commune,CDI,CDI,True,Débutant accepté,Débutant accepté,,False,,,,,2026-09-03,False,https://candidat.francetravail.fr/offres/recherche/detail/6577448
6590035,M1703,Chef(fe) de produit,Chef de produit - accessoires F/H h/f,,93,93 - Saint-Ouen-sur-Seine,commune,CDI,CDI,True,2 An(s),2 ans,,False,,,,,2026-09-03,False,https://candidat.francetravail.fr/offres/recherche/detail/6590035
6590131,M1703,Chef(fe) de produit,Ingénieur Bases de Données PostgreSQL - H/F,Externatic,44,44 - Nantes,commune,CDI,CDI,True,7 An(s),6 ans et plus,,True,Annuel de 50000.0 Euros à 55000.0 Euros,Annuel,50000,55000,2026-09-03,False,https://candidat.francetravail.fr/offres/recherche/detail/6590131
6590779,M1703,Chef(fe) de produit,Chef de produits étanchéité (Flat Roof) H/F,SFS Group SAS,26,26 - Valence,commune,CDI,CDI,True,1 An(s),1 an,,False,Annuel de 35000.0 Euros à 45000.0 Euros,Annuel,35000,45000,2026-09-04,False,https://candidat.francetravail.fr/offres/recherche/detail/6590779
6591360,M1703,Chef(fe) de produit,Chef de projet éditorial de marque (H/F),,31,31 - Deyme,commune,CDI,CDI,True,1 An(s),1 an,,True,Annuel de 40000.0 Euros,Annuel,40000,40000,2026-09-04,False,https://candidat.francetravail.fr/offres/recherche/detail/6591360
6597055,M1703,Chef(fe) de produit,Chef.fe de produit Senior Digital - Caméra Iris (H/F),Biotech Dental,13,13 - Salon-de-Provence,commune,CDI,CDI,True,Expérience exigée,"Exigée, sans durée",,False,,,,,2026-09-04,False,https://candidat.francetravail.fr/offres/recherche/detail/6597055
6620330,M1703,Chef(fe) de produit,Chef de Produit H/F,HUMANI RH RECRUTEMENT,59,59 - Raillencourt-Sainte-Olle,commune,CDI,CDI,True,3 An(s),3 ans,,False,Annuel de 35000.0 Euros à 45000.0 Euros,Annuel,35000,45000,2026-09-04,False,https://candidat.francetravail.fr/offres/recherche/detail/6620330
6620476,M1703,Chef(fe) de produit,Responsable démarche progrès f/h (H/F),,78,78 - Plaisir,commune,CDI,CDI,True,Expérience exigée,"Exigée, sans durée",,False,,,,,2026-09-04,False,https://candidat.francetravail.fr/offres/recherche/detail/6620476
6672942,M1703,Chef(fe) de produit,E.Leclerc - Alternant(e) assistant(e) chef de produits H/F - H/F,SIPLEC Services centraux,94,94 - Ivry-sur-Seine,commune,CDD,CDD,True,0 An(s),Débutant accepté,,True,,,,,2026-09-05,False,https://candidat.francetravail.fr/offres/recherche/detail/6672942
6673446,M1703,Chef(fe) de produit,Chef de projet - Marché des Entreprises (F/H) h/f,,78,78 - Montigny-le-Bretonneux,commune,CDI,CDI,True,Expérience exigée,"Exigée, sans durée",,False,,,,,2026-09-05,False,https://candidat.francetravail.fr/offres/recherche/detail/6673446
6691448,M1703,Chef(fe) de produit,Responsable produit serie (h/f) (H/F),,38,38 - Moirans,commune,CDI,CDI,True,Débutant accepté,Débutant accepté,,False,,,,,2026-09-07,False,https://candidat.francetravail.fr/offres/recherche/detail/6691448
6692612,M1703,Chef(fe) de produit,Responsable Certification Produit (H/F),Volta Executive,69,69 - Lyon 1er Arrondissement,commune,CDI,CDI,True,2 An(s),2 ans,,False,,,,,2026-09-07,False,https://candidat.francetravail.fr/offres/recherche/detail/6692612
6697345,M1703,Chef(fe) de produit,Superviseur Tournage F/H - RM INTERIM ANNECY,RM INTERIM ANNECY,74,74 - Annecy,commune,Intérim,MIS,True,2 An(s),2 ans,,False,,,,,2026-09-07,False,https://candidat.francetravail.fr/offres/recherche/detail/6697345
6710818,M1703,Chef(fe) de produit,Ingénieur qualité produit X/ F/H,ABMI,33,33 - Bordeaux,commune,CDI,CDI,True,Expérience exigée,"Exigée, sans durée",,False,,,,,2026-09-08,False,https://candidat.francetravail.fr/offres/recherche/detail/6710818
6732246,M1703,Chef(fe) de produit,Chef de Produit Marketing - Parfumerie (H/F),HARRY HOPE,06,06 - Grasse,commune,CDI,CDI,True,5 An(s),5 ans,,False,Annuel de 45000.0 Euros à 55000.0 Euros - Primes diverses,Annuel,45000,55000,2026-09-08,False,https://candidat.francetravail.fr/offres/recherche/detail/6732246
6747818,M1703,Chef(fe) de produit,Product Manager (H/F),isagri,60,60 - Beauvais,commune,CDI,CDI,True,Expérience exigée,"Exigée, sans durée",,False,Annuel de 45000.0 Euros à 45000.0 Euros,Annuel,45000,45000,2026-09-09,False,https://candidat.francetravail.fr/offres/recherche/detail/6747818
6763085,M1703,Chef(fe) de produit,Category Manager / Chef de produits H/F ,ACL Conseil - Recrutement & chasse de tête,94,94 - Orly,commune,CDI,CDI,True,5 An(s),5 ans,,True,Annuel de 50000.0 Euros à 60000.0 Euros,Annuel,50000,60000,2026-09-09,False,https://candidat.francetravail.fr/offres/recherche/detail/6763085
6763102,M1703,Chef(fe) de produit,Ingénieur qualité produit - produits métalliques f/h (H/F),,,Île-de-France,aucune,CDI,CDI,True,Débutant accepté,Débutant accepté,,False,,,,,2026-09-09,False,https://candidat.francetravail.fr/offres/recherche/detail/6763102
6763126,M1703,Chef(fe) de produit,Responsable développement produit f/h (H/F),,78,78 - Plaisir,commune,CDI,CDI,True,Expérience exigée,"Exigée, sans durée",,False,,,,,2026-09-09,False,https://candidat.francetravail.fr/offres/recherche/detail/6763126
6763157,M1703,Chef(fe) de produit,Responsable produit hardware f/h (H/F),,78,78 - Plaisir,commune,CDI,CDI,True,Expérience exigée,"Exigée, sans durée",,False,,,,,2026-09-09,False,https://candidat.francetravail.fr/offres/recherche/detail/6763157
6776960,M1703,Chef(fe) de produit,Product Manager OROS H/F,OROS Digital,38,38 - Montbonnot-Saint-Martin,commune,CDI,CDI,True,3 An(s),3 ans,,False,,,,,2026-09-10,False,https://candidat.francetravail.fr/offres/recherche/detail/6776960
6780100,M1703,Chef(fe) de produit,Chef de produit quincaillerie (H/F),LHH RECRUITMENT SOLUTIONS,86,86 - Poitiers,commune,CDI,CDI,True,1 An(s),1 an,,False,,,,,2026-09-10,True,https://candidat.francetravail.fr/offres/recherche/detail/6780100
6782089,M1703,Chef(fe) de produit,Assistant / Assistante chef de produit (H/F),SAICO,68,68 - Wettolsheim,commune,CDD,CDD,True,Débutant accepté,Débutant accepté,,False,,,,,2026-09-10,False,https://candidat.francetravail.fr/offres/recherche/detail/6782089
6803254,M1703,Chef(fe) de produit,Spécialiste Produits - Bloc opératoire H/F France, Talents Santé,78,78 - Voisins-le-Bretonneux,commune,CDI,CDI,True,5 An(s),5 ans,,False,Annuel de 40000.0 Euros à 60000.0 Euros - primes,Annuel,40000,60000,2026-09-10,False,https://candidat.francetravail.fr/offres/recherche/detail/6803254
6806386,M1703,Chef(fe) de produit,Product Owner ERP SaaS F/H,Externatic,44,44 - Nantes,commune,CDI,CDI,True,5 An(s),5 ans,,True,Annuel de 45000.0 Euros à 50000.0 Euros,Annuel,45000,50000,2026-09-10,False,https://candidat.francetravail.fr/offres/recherche/detail/6806386
6846510,M1703,Chef(fe) de produit,Assistant Chef de Produit (H/F),Ceebly,91,91 - Corbreuse,commune,CDI,CDI,True,2 An(s),2 ans,,False,,,,,2026-09-12,False,https://candidat.francetravail.fr/offres/recherche/detail/6846510
6865361,M1703,Chef(fe) de produit,Cegid - Chef / Cheffe de produit digital (H/F),Cegid,92,92 - Boulogne-Billancourt,commune,CDI,CDI,True,5 An(s),5 ans,,False,Annuel de 55000.0 Euros à 60000.0 Euros,Annuel,55000,60000,2026-09-14,False,https://candidat.francetravail.fr/offres/recherche/detail/6865361
6865365,M1703,Chef(fe) de produit,Cegid - Chef / Cheffe de produit digital (H/F),Cegid,69,69 - Lyon 9e Arrondissement,commune,CDI,CDI,True,5 An(s),5 ans,,False,Annuel de 55000.0 Euros à 60000.0 Euros,Annuel,55000,60000,2026-09-14,False,https://candidat.francetravail.fr/offres/recherche/detail/6865365
6881901,M1703,Chef(fe) de produit,Digital product manager (H/F),,75,75 - Paris 9e Arrondissement,commune,CDI,CDI,True,3 An(s),3 ans,,False,,,,,2026-09-15,False,https://candidat.francetravail.fr/offres/recherche/detail/6881901
6881915,M1703,Chef(fe) de produit,Digital product manager (H/F),,75,75 - Paris 9e Arrondissement,commune,CDI,CDI,True,3 An(s),3 ans,,False,,,,,2026-09-15,True,https://candidat.francetravail.fr/offres/recherche/detail/6881915
6881947,M1703,Chef(fe) de produit,Digital product manager (H/F),,75,75 - Paris 9e Arrondissement,commune,CDI,CDI,True,3 An(s),3 ans,,False,,,,,2026-09-15,True,https://candidat.francetravail.fr/offres/recherche/detail/6881947
6894150,M1703,Chef(fe) de produit,Product Manager FinTech & Solutions de Paiement (H/F),,75,75 - Paris 9e Arrondissement,commune,CDI,CDI,True,3 An(s),3 ans,,True,,,,,2026-09-15,False,https://candidat.francetravail.fr/offres/recherche/detail/6894150
6898876,M1703,Chef(fe) de produit,CHEF DE MARCHÉ / TRADE MARKETING MANAGER (H/F),,69,69 - Villeurbanne,commune,CDI,CDI,True,Débutant accepté,Débutant accepté,,False,,,,,2026-09-15,False,https://candidat.francetravail.fr/offres/recherche/detail/6898876
6907414,M1703,Chef(fe) de produit,Chef de projets internationaux (H/F),,13,13 - Salon-de-Provence,commune,CDI,CDI,True,Débutant accepté,Débutant accepté,,True,Annuel de 50000.0 Euros à 60000.0 Euros,Annuel,50000,60000,2026-09-15,False,https://candidat.francetravail.fr/offres/recherche/detail/6907414
6909712,M1703,Chef(fe) de produit,Responsable Qualité Technique Produit (H/F),LE MERCATO DE L EMPLOI,78,78 - Houdan,commune,CDI,CDI,True,3 An(s),3 ans,,False,,,,,2026-09-16,False,https://candidat.francetravail.fr/offres/recherche/detail/6909712
6932963,M1703,Chef(fe) de produit,RESPONSABLE MÉTHODES/ GAMMES (H/F),,85,85 - Roche-sur-Yon,commune,CDI,CDI,True,Débutant accepté,Débutant accepté,,False,,,,,2026-09-16,False,https://candidat.francetravail.fr/offres/recherche/detail/6932963
6936556,M1703,Chef(fe) de produit,RESPONSABLE MÉTHODES/ GAMMES (H/F),,85,85 - Roche-sur-Yon,commune,CDI,CDI,True,Débutant accepté,Débutant accepté,,False,,,,,2026-09-16,True,https://candidat.francetravail.fr/offres/recherche/detail/6936556
6963924,M1703,Chef(fe) de produit,Technicien Produit à Paris (H/F),LTd,75,75 - Paris 1er Arrondissement,commune,Intérim,MIS,True,2 An(s),2 ans,,False,,,,,2026-09-17,False,https://candidat.francetravail.fr/offres/recherche/detail/6963924
6972143,M1703,Chef(fe) de produit,Consultant Product Owner Web & Mobile (H/F),WISE RH,34,34 - Pérols,commune,CDI,CDI,True,1 An(s),1 an,,False,Annuel de 35000.0 Euros à 40000.0 Euros,Annuel,35000,40000,2026-09-18,False,https://candidat.francetravail.fr/offres/recherche/detail/6972143
6986647,M1703,Chef(fe) de produit,Chef de groupe installation générale (H/F),PARLYM,90,90 - Belfort,commune,CDI,CDI,True,5 An(s),5 ans,,False,,,,,2026-09-18,False,https://candidat.francetravail.fr/offres/recherche/detail/6986647
6988801,M1703,Chef(fe) de produit,CHEF DE PROJET MARQUE (H/F),,69,69 - Lyon 7e Arrondissement,commune,CDI,CDI,True,Débutant accepté,Débutant accepté,,False,,,,,2026-09-18,False,https://candidat.francetravail.fr/offres/recherche/detail/6988801
7007745,M1703,Chef(fe) de produit,Chefs/fes Leader produits (H/F),,59,59 - Féchain,commune,CDI,CDI,True,2 An(s),2 ans,,True,,,,,2026-09-18,False,https://candidat.francetravail.fr/offres/recherche/detail/7007745
7010834,M1703,Chef(fe) de produit,"Technical Product Manager, Intelligence Artificielle (H/F)",NEW NET 3D,92,92 - Hauts-de-Seine,departement,CDI,CDI,True,6 An(s),6 ans et plus,,False,,,,,2026-09-19,False,https://candidat.francetravail.fr/offres/recherche/detail/7010834
7010852,M1703,Chef(fe) de produit,Ingénieur Modélisateur 3D Produit (H/F),NEW NET 3D,26,26 - Drôme,departement,CDI,CDI,True,Débutant accepté,Débutant accepté,,False,,,,,2026-09-19,False,https://candidat.francetravail.fr/offres/recherche/detail/7010852
7010875,M1703,Chef(fe) de produit,Assistant / Assistante chef de produit (H/F),,92,92 - Levallois-Perret,commune,CDD,CDD,True,Débutant accepté,Débutant accepté,,False,Annuel de 966.0 Euros à 1823.0 Euros,Annuel,,,2026-09-19,False,https://candidat.francetravail.fr/offres/recherche/detail/7010875
7011177,M1703,Chef(fe) de produit,Responsable Offres Produits Industriels (H/F),,92,92 - Courbevoie,commune,CDI,CDI,True,3 An(s),3 ans,,True,,,,,2026-09-19,False,https://candidat.francetravail.fr/offres/recherche/detail/7011177
7011825,M1703,Chef(fe) de produit,Chef de Projet Innovation Produit (H/F),"CHRONOS INTERIM, SOCIETE COOPERATIVE ET ",79,79 - Chapelle-Saint-Laurent,commune,CDI,CDI,True,3 An(s),3 ans,,False,Mensuel de 1764.0 Euros à 2205.0 Euros - .,Mensuel,21168,26460,2026-09-19,False,https://candidat.francetravail.fr/offres/recherche/detail/7011825
7012139,M1703,Chef(fe) de produit,Responsable Qualité Technique Produit (H/F),AIRBUS,31,31 - Toulouse,commune,CDI,CDI,True,Débutant accepté,Débutant accepté,,False,,,,,2026-09-19,False,https://candidat.francetravail.fr/offres/recherche/detail/7012139
7015049,M1703,Chef(fe) de produit,"Product Manager, API & Intégrations, Banque (H/F)",,75,75 - Paris 9e Arrondissement,commune,CDI,CDI,True,6 An(s),6 ans et plus,,False,,,,,2026-09-19,False,https://candidat.francetravail.fr/offres/recherche/detail/7015049
7015711,M1703,Chef(fe) de produit,Responsable d'offres produits grande consommation (H/F),LECLERC VOYAGES,92,92 - Nanterre,commune,CDI,CDI,True,3 An(s),3 ans,,False,,,,,2026-09-19,False,https://candidat.francetravail.fr/offres/recherche/detail/7015711
7036507,M1703,Chef(fe) de produit,Responsable Qualité Technique Produit (H/F),DOMINO RH ACADEMY,31,31 - Léguevin,commune,CDI,CDI,True,3 An(s),3 ans,,False,Annuel de 30000.0 Euros à 35000.0 Euros - 13éme mois,Annuel,30000,35000,2026-09-20,False,https://candidat.francetravail.fr/offres/recherche/detail/7036507
7044107,M1703,Chef(fe) de produit,Product Marketing Manager (H/F),BRAIN POWER,92,92 - Clichy,commune,CDI,CDI,True,5 An(s),5 ans,,True,,,,,2026-09-20,False,https://candidat.francetravail.fr/offres/recherche/detail/7044107
7044870,M1703,Chef(fe) de produit,Assistant(e) de stock (H/F),,42,42 - Loire,departement,CDI,CDI,True,1 An(s),1 an,,False,,,,,2026-09-20,False,https://candidat.francetravail.fr/offres/recherche/detail/7044870
7054456,M1703,Chef(fe) de produit,Technicien service client gamme électrique (f/h) (H/F),,44,44 - Saint-Herblain,commune,CDI,CDI,True,Débutant accepté,Débutant accepté,,False,,,,,2026-09-21,False,https://candidat.francetravail.fr/offres/recherche/detail/7054456
7054457,M1703,Chef(fe) de produit,Technicien service client gamme thermique (f/h) (H/F),,44,44 - Saint-Herblain,commune,CDI,CDI,True,Débutant accepté,Débutant accepté,,False,,,,,2026-09-21,False,https://candidat.francetravail.fr/offres/recherche/detail/7054457
7054576,M1703,Chef(fe) de produit,Responsable produit série electronique h/f (H/F),,27,27 - Pont-Audemer,commune,CDI,CDI,True,Débutant accepté,Débutant accepté,,False,,,,,2026-09-21,False,https://candidat.francetravail.fr/offres/recherche/detail/7054576
7054901,M1703,Chef(fe) de produit,Chef-fe de projet / marque technique f/h (H/F),,78,78 - Plaisir,commune,CDI,CDI,True,Expérience exigée,"Exigée, sans durée",,False,,,,,2026-09-21,False,https://candidat.francetravail.fr/offres/recherche/detail/7054901
7058664,M1703,Chef(fe) de produit,Product Manager (H/F),Nextep HR,60,60 - Clermont,commune,CDI,CDI,True,5 An(s),5 ans,,False,Annuel de 50000.0 Euros à 60000.0 Euros - 1 à 2 jours de télétravail,Annuel,50000,60000,2026-09-21,False,https://candidat.francetravail.fr/offres/recherche/detail/7058664
7061323,M1703,Chef(fe) de produit,Adjoint Responsable produits de la mer H/F,U Les Commerçants,86,86 - Poitiers,commune,CDI,CDI,True,Débutant accepté,Débutant accepté,,False,,,,,2026-09-21,False,https://candidat.francetravail.fr/offres/recherche/detail/7061323
7062594,M1703,Chef(fe) de produit,Responsable développement des procédés et produits (F/H),MICHAEL PAGE ADVERTISING,19,19 - Brive-la-Gaillarde,commune,CDI,CDI,True,Expérience exigée,"Exigée, sans durée",,False,,,,,2026-09-21,False,https://candidat.francetravail.fr/offres/recherche/detail/7062594
7063244,M1703,Chef(fe) de produit,PRODUCT LINE MANAGER SENIOR H/F,Murata Integrated Passive Solutions,14,14 - Caen,commune,CDI,CDI,True,1 An(s),1 an,,False,,,,,2026-09-21,False,https://candidat.francetravail.fr/offres/recherche/detail/7063244
7071089,M1703,Chef(fe) de produit,Responsable ingénierie produit radio-fréquence (H/F),THALES,92,92 - Gennevilliers,commune,CDI,CDI,True,11 An(s),6 ans et plus,,False,,,,,2026-09-22,False,https://candidat.francetravail.fr/offres/recherche/detail/7071089
7072792,M1703,Chef(fe) de produit,Product Manager Paie (H/F),Fulll,69,69 - Lyon,commune,CDI,CDI,True,Expérience exigée,"Exigée, sans durée",,True,,,,,2026-09-22,False,https://candidat.francetravail.fr/offres/recherche/detail/7072792
7073126,M1703,Chef(fe) de produit,CHEF DE PRODUITS (H/F),Coopérative U,94,94 - Rungis,commune,CDD,CDD,True,3 An(s),3 ans,,False,,,,,2026-09-22,False,https://candidat.francetravail.fr/offres/recherche/detail/7073126
7100737,M1703,Chef(fe) de produit,REFERENT(E) PIM et CATALOGUE PRODUIT H/F,MAXICOFFEE,33,33 - Mios,commune,CDI,CDI,True,2 An(s),2 ans,,False,,,,,2026-09-22,False,https://candidat.francetravail.fr/offres/recherche/detail/7100737
7107871,M1703,Chef(fe) de produit,Ingénieur Qualité Produit (H/F),,72,72 - Mans,commune,CDI,CDI,True,3 An(s),3 ans,,False,Annuel de 30000.0 Euros à 35000.0 Euros,Annuel,30000,35000,2026-09-23,False,https://candidat.francetravail.fr/offres/recherche/detail/7107871
7112086,M1703,Chef(fe) de produit,"Technical Product Manager, Intelligence Artificielle (H/F)",ACORUS,75,75 - Paris 9e Arrondissement,commune,CDI,CDI,True,1 An(s),1 an,,False,,,,,2026-09-23,False,https://candidat.francetravail.fr/offres/recherche/detail/7112086
7112910,M1703,Chef(fe) de produit,Responsable séjours linguistiques à la carte (H/F),VERDIÉ HELLO,12,12 - Rodez,commune,CDI,CDI,True,Expérience exigée,"Exigée, sans durée",,False,Annuel de 27000.0 Euros à 30000.0 Euros,Annuel,27000,30000,2026-09-23,False,https://candidat.francetravail.fr/offres/recherche/detail/7112910
7114695,M1703,Chef(fe) de produit,Product Owner (H/F),ALTECA,69,69 - Villeurbanne,commune,CDI,CDI,True,3 An(s),3 ans,,False,,,,,2026-09-23,False,https://candidat.francetravail.fr/offres/recherche/detail/7114695
7117610,M1703,Chef(fe) de produit,Chef de produit Food  (H/F),Aldi,93,93 - Villepinte,commune,CDI,CDI,True,Expérience exigée,"Exigée, sans durée",,True,,,,,2026-09-23,False,https://candidat.francetravail.fr/offres/recherche/detail/7117610
7133065,M1703,Chef(fe) de produit,Chef de projet développement produit (H/F),,31,31 - Toulouse,commune,Intérim,MIS,True,Débutant accepté,Débutant accepté,,False,,,,,2026-09-23,False,https://candidat.francetravail.fr/offres/recherche/detail/7133065
7133965,M1703,Chef(fe) de produit,Expert Configuration Produit & Industrialisation H/F,,04,04 - Garde,commune,CDI,CDI,True,Débutant accepté,Débutant accepté,,False,,,,,2026-09-23,False,https://candidat.francetravail.fr/offres/recherche/detail/7133965
7138293,M1703,Chef(fe) de produit,CHEF DE PROJET EQUIPEMENTS HTB RÉALISATION FRANCE/EXPORT (F/H),,21,21 - Longvic,commune,CDI,CDI,True,Débutant accepté,Débutant accepté,,False,,,,,2026-09-23,False,https://candidat.francetravail.fr/offres/recherche/detail/7138293
7152378,M1703,Chef(fe) de produit,Responsable produit (F/H),Michael Page,,Île-de-France,aucune,CDI,CDI,True,1 An(s),1 an,,False,Annuel de 55000.0 Euros à 60000.0 Euros,Annuel,55000,60000,2026-09-24,False,https://candidat.francetravail.fr/offres/recherche/detail/7152378
7153671,M1703,Chef(fe) de produit,Chef de produit marketing (H/F),,75,75 - Paris 9e Arrondissement,commune,CDI,CDI,True,1 An(s),1 an,,False,Annuel de 43000.0 Euros à 50000.0 Euros,Annuel,43000,50000,2026-09-24,False,https://candidat.francetravail.fr/offres/recherche/detail/7153671
7155457,M1703,Chef(fe) de produit,Product Manager  (H/F),Fulll,13,13 - Aix-en-Provence,commune,CDI,CDI,True,Expérience exigée,"Exigée, sans durée",,True,,,,,2026-09-24,False,https://candidat.francetravail.fr/offres/recherche/detail/7155457
7155486,M1703,Chef(fe) de produit,Chef de produit (H/F),SPORT CONCEPT FRANCE,,Île-de-France,aucune,CDI,CDI,True,Expérience exigée,"Exigée, sans durée",,False,,,,,2026-09-24,False,https://candidat.francetravail.fr/offres/recherche/detail/7155486
7164222,M1703,Chef(fe) de produit,Responsable produit (F/H),,33,33 - Bordeaux,commune,CDI,CDI,True,Débutant accepté,Débutant accepté,,False,,,,,2026-09-24,False,https://candidat.francetravail.fr/offres/recherche/detail/7164222
7167693,M1703,Chef(fe) de produit,Ingénieur qualité produit (F/H),CTS Corporate,40,40 - Tarnos,commune,CDI,CDI,True,2 An(s),2 ans,,False,Annuel de 30000.0 Euros à 40000.0 Euros - TR,Annuel,30000,40000,2026-09-24,False,https://candidat.francetravail.fr/offres/recherche/detail/7167693
7348479,M1703,Chef(fe) de produit,Chef de produit marketing (H/F),NEW NET 3D,94,94 - Val-de-Marne,departement,CDI,CDI,True,1 An(s),1 an,,False,,,,,2026-09-25,False,https://candidat.francetravail.fr/offres/recherche/detail/7348479
7348536,M1703,Chef(fe) de produit,Chef de produit marketing (H/F),,78,78 - Plaisir,commune,CDI,CDI,True,3 An(s),3 ans,,False,Mensuel de 735.0 Euros,Mensuel,8820,8820,2026-09-25,False,https://candidat.francetravail.fr/offres/recherche/detail/7348536
7349907,M1703,Chef(fe) de produit,Chef de produit quincaillerie (H/F),LHH RECRUITMENT SOLUTIONS,86,86 - Poitiers,commune,CDI,CDI,True,3 An(s),3 ans,,False,,,,,2026-09-25,False,https://candidat.francetravail.fr/offres/recherche/detail/7349907
7352281,M1703,Chef(fe) de produit,Responsable Produit - Joaillerie (H/F),Zeina Alliances,75,75 - Paris,commune,CDI,CDI,True,Expérience exigée,"Exigée, sans durée",,False,,,,,2026-09-25,False,https://candidat.francetravail.fr/offres/recherche/detail/7352281
7379882,M1703,Chef(fe) de produit,Product Owner Web & Applications mobiles natives - CDI (H/F),Collective.work,92,92 - Boulogne-Billancourt,commune,CDI,CDI,True,2 An(s),2 ans,,False,Annuel de 55000.0 Euros à 55000.0 Euros,Annuel,55000,55000,2026-09-25,False,https://candidat.francetravail.fr/offres/recherche/detail/7379882
7380171,M1703,Chef(fe) de produit,Chef / Cheffe de produit à l'international (H/F),,18,18 - Cher,departement,CDI,CDI,True,5 An(s),5 ans,,False,,,,,2026-09-25,False,https://candidat.francetravail.fr/offres/recherche/detail/7380171
7386294,M1703,Chef(fe) de produit,INGENIEUR DEVELOPPEMENT PRODUITS (H/F),,34,34 - Saint-Jean-de-Védas,commune,CDI,CDI,True,Débutant accepté,Débutant accepté,,False,,,,,2026-09-25,False,https://candidat.francetravail.fr/offres/recherche/detail/7386294
7398622,M1703,Chef(fe) de produit,HEAD OF PRODUCT & ADOPTION - H/F,Sterimed,92,92 - Boulogne-Billancourt,commune,CDI,CDI,True,2 An(s),2 ans,,False,,,,,2026-09-25,False,https://candidat.francetravail.fr/offres/recherche/detail/7398622
7402552,M1703,Chef(fe) de produit,Responsable Suivi Qualité Technique Produit (H/F),JADE INTERIM,44,44 - Saint-Philbert-de-Grand-Lieu,commune,CDI,CDI,True,6 An(s),6 ans et plus,,False,"Annuel de 35000.0 Euros à 40000.0 Euros - CSE (chèques vacances, chèques cadea",Annuel,35000,40000,2026-09-26,False,https://candidat.francetravail.fr/offres/recherche/detail/7402552
7403146,M1703,Chef(fe) de produit,Ingénieur Exigences Produit Agile (H/F),NEW NET 3D,31,31 - Haute-Garonne,departement,CDI,CDI,True,Débutant accepté,Débutant accepté,,False,,,,,2026-09-26,False,https://candidat.francetravail.fr/offres/recherche/detail/7403146
7403580,M1703,Chef(fe) de produit,Responsable de l'Offre Produit Logiciel SaaS (H/F),TALENTS GROUPE,75,75 - Paris 9e Arrondissement,commune,CDI,CDI,True,3 An(s),3 ans,,False,Annuel de 50000.0 Euros à 65000.0 Euros - Les avantages Jusqu'à 2 jours de tél,Annuel,50000,65000,2026-09-26,False,https://candidat.francetravail.fr/offres/recherche/detail/7403580
7406844,M1703,Chef(fe) de produit,CDD Chef de Produits et Services (H/F),Forums Talents Handicap,76,76 - Rouen,commune,CDD,CDD,True,3 An(s),3 ans,,False,,,,,2026-09-26,False,https://candidat.francetravail.fr/offres/recherche/detail/7406844
7420803,M1703,Chef(fe) de produit,Responsable technique projet produit f/h (H/F),,31,31 - Blagnac,commune,CDI,CDI,True,Expérience exigée,"Exigée, sans durée",,False,,,,,2026-09-26,False,https://candidat.francetravail.fr/offres/recherche/detail/7420803
7420824,M1703,Chef(fe) de produit,Architecte de gamme fonderie et usinage f/h (H/F),,78,78 - Châteaufort,commune,CDI,CDI,True,Expérience exigée,"Exigée, sans durée",,False,,,,,2026-09-26,False,https://candidat.francetravail.fr/offres/recherche/detail/7420824
7421842,M1703,Chef(fe) de produit,Product Manager (F/H) - Freelance,Collective.work,93,93 - Saint-Denis,commune,Profession libérale,LIB,False,Débutant accepté,Débutant accepté,,False,,,,,2026-09-26,False,https://candidat.francetravail.fr/offres/recherche/detail/7421842
7421852,M1703,Chef(fe) de produit,Product Manager (F/H) - Freelance,Collective.work,93,93 - Saint-Denis,commune,Profession libérale,LIB,False,Débutant accepté,Débutant accepté,,False,,,,,2026-09-26,True,https://candidat.francetravail.fr/offres/recherche/detail/7421852
7422018,M1703,Chef(fe) de produit,Responsable de produit (H/F),,53,53 - Vieuvy,commune,CDI,CDI,True,Débutant accepté,Débutant accepté,,True,,,,,2026-09-26,False,https://candidat.francetravail.fr/offres/recherche/detail/7422018
7422430,M1703,Chef(fe) de produit,Technicien produit (H/F),LTd,75,75 - Paris 1er Arrondissement,commune,Intérim,MIS,True,2 An(s),2 ans,,False,,,,,2026-09-26,False,https://candidat.francetravail.fr/offres/recherche/detail/7422430
7422854,M1703,Chef(fe) de produit,Responsable si métier / produits (H/F),,,Île-de-France,aucune,CDI,CDI,True,Débutant accepté,Débutant accepté,,False,,,,,2026-09-26,False,https://candidat.francetravail.fr/offres/recherche/detail/7422854
7425095,M1703,Chef(fe) de produit,CDD - Chargé de contenu produit F/H,,91,91 - Vert-le-Grand,commune,CDD,CDD,True,Débutant accepté,Débutant accepté,,True,,,,,2026-09-26,False,https://candidat.francetravail.fr/offres/recherche/detail/7425095
7425805,M1703,Chef(fe) de produit,Alternance - Chef/fe de produit F/H,,75,75 - Paris,commune,CDD,CDD,True,Débutant accepté,Débutant accepté,,True,,,,,2026-09-26,False,https://candidat.francetravail.fr/offres/recherche/detail/7425805
7428123,M1703,Chef(fe) de produit,Chef(fe) de produit sénior offres optiques (H/F), Talents Santé,92,92 - Clamart,commune,CDI,CDI,True,2 An(s),2 ans,,True,Annuel de 35000.0 Euros à 45000.0 Euros - Primes.,Annuel,35000,45000,2026-09-26,False,https://candidat.francetravail.fr/offres/recherche/detail/7428123
7430369,M1703,Chef(fe) de produit,Chef de produit digital aéroportuaire F/H,Groupe ADP,95,95 - Roissy-en-France,commune,CDI,CDI,True,5 An(s),5 ans,,True,,,,,2026-09-26,False,https://candidat.francetravail.fr/offres/recherche/detail/7430369
7448756,M1703,Chef(fe) de produit,Responsable produit série (f/h) (H/F),,41,41 - Vendôme,commune,CDI,CDI,True,Débutant accepté,Débutant accepté,,False,,,,,2026-09-27,False,https://candidat.francetravail.fr/offres/recherche/detail/7448756
7451029,M1703,Chef(fe) de produit,le/la Responsable Ligne de Produits F/H,ACTUAL TALENT,84,84 - Sorgues,commune,CDI,CDI,True,7 An(s),6 ans et plus,,False,Annuel de 55000.0 Euros à 70000.0 Euros - Tickets restaurants/ Mutuelle,Annuel,55000,70000,2026-09-27,False,https://candidat.francetravail.fr/offres/recherche/detail/7451029
7453811,M1703,Chef(fe) de produit,Directeur de Gamme de Produits (H/F),LHH RECRUITMENT SOLUTIONS,68,68 - Colmar,commune,CDI,CDI,True,6 An(s),6 ans et plus,,False,,,,,2026-09-28,False,https://candidat.francetravail.fr/offres/recherche/detail/7453811
7456186,M1703,Chef(fe) de produit,Responsable qualité produits  (H/F),Manpower,71,71 - Creusot,commune,CDI,CDI,True,Expérience exigée,"Exigée, sans durée",,False,,,,,2026-09-28,False,https://candidat.francetravail.fr/offres/recherche/detail/7456186
7456224,M1703,Chef(fe) de produit,Responsable qualité produits (H/F),Manpower,78,78 - Houdan,commune,CDI,CDI,True,Expérience exigée,"Exigée, sans durée",,False,,,,,2026-09-28,False,https://candidat.francetravail.fr/offres/recherche/detail/7456224
7462527,M1703,Chef(fe) de produit,Chef de produit (H/F),Start People,84,84 - Sorgues,commune,CDI,CDI,True,Débutant accepté,Débutant accepté,,False,Annuel de 40000.0 Euros à 50000.0 Euros,Annuel,40000,50000,2026-09-28,False,https://candidat.francetravail.fr/offres/recherche/detail/7462527
7465340,M1703,Chef(fe) de produit,Alternance Chef de Projet Web International - Domblans (H/F),ISCOD,39,39 - Baume-les-Messieurs,commune,CDD,CDD,True,1 An(s),1 an,,False,,,,,2026-09-28,False,https://candidat.francetravail.fr/offres/recherche/detail/7465340
7471678,M1703,Chef(fe) de produit,Chef de marché (H/F),,17,17 - Forges,commune,CDI,CDI,True,5 An(s),5 ans,,False,,,,,2026-09-28,False,https://candidat.francetravail.fr/offres/recherche/detail/7471678
7475597,M1703,Chef(fe) de produit,Ingénieur Qualité Produit (H/F),SELECT T.T.,86,86 - Poitiers,commune,Intérim,MIS,True,3 An(s),3 ans,,False,Annuel de 34000.0 Euros à 45000.0 Euros,Annuel,34000,45000,2026-09-29,False,https://candidat.francetravail.fr/offres/recherche/detail/7475597
7477297,M1703,Chef(fe) de produit,Product manager - gestion des projets (CDI) (H/F),Bricks.co,34,34 - Montpellier,commune,CDI,CDI,True,Expérience exigée,"Exigée, sans durée",,False,,,,,2026-09-29,False,https://candidat.francetravail.fr/offres/recherche/detail/7477297
7478815,M1703,Chef(fe) de produit,Product manager (H/F),,75,75 - Paris 1er Arrondissement,commune,CDD,CDD,True,5 An(s),5 ans,,False,,,,,2026-09-29,False,https://candidat.francetravail.fr/offres/recherche/detail/7478815
7480005,M1703,Chef(fe) de produit,responsable département produits frais (H/F),Intermarché,84,84 - Sorgues,commune,CDI,CDI,True,Débutant accepté,Débutant accepté,,False,,,,,2026-09-29,False,https://candidat.francetravail.fr/offres/recherche/detail/7480005
210JCCV,M1705,Responsable marketing,Responsable des partenariats privés (H/F),ASS FONDATION ETUDIANTE POUR LA VILLE,75,75 - PARIS 10,offre,CDD,CDD,True,3 An(s),3 ans,,False,Mensuel de 3072.75 Euros à 3212.75 Euros,Mensuel,36873,38553,2026-06-25,False,https://candidat.francetravail.fr/offres/recherche/detail/210JCCV
211TGQX,M1705,Responsable marketing,Channel Marketing Specialist (H/F),VATES,38,38 - GRENOBLE,offre,CDI,CDI,True,2 An(s),2 ans,,False,Annuel de 35000.0 Euros à 45000.0 Euros - PEE,Annuel,35000,45000,2026-07-28,False,https://candidat.francetravail.fr/offres/recherche/detail/211TGQX
212KFBZ,M1705,Responsable marketing,CHEF DE PRODUIT REFERENT VEHICULES UTILITAIRES LEGERS (H/F),UGAP,77,77 - CHAMPS SUR MARNE,offre,CDI,CDI,True,4 An(s),4 ans,Bac+5,False,Annuel de 37700.0 Euros à 47000.0 Euros,Annuel,37700,47000,2026-08-12,False,https://candidat.francetravail.fr/offres/recherche/detail/212KFBZ
212WGYT,M1705,Responsable marketing,Responsable Marketing & Performance Commerciale Grande Distri (H/F),RANDSTAD INHOUSE,,973 - Guyane,aucune,CDI,CDI,True,4 An(s),4 ans,Bac+3/4,False,Annuel de 39000.0 Euros à 45000.0 Euros sur 12.0 mois,Annuel,39000,45000,2026-08-25,False,https://candidat.francetravail.fr/offres/recherche/detail/212WGYT
213CNKM,M1705,Responsable marketing,Cadre International Spécialisé.e Pop Culture Jeux de société-TCG (H/F),PSYAIEAIE STUDIO,54,54 - NANCY,offre,CDD,CDD,True,Débutant accepté,Débutant accepté,,False,Mensuel de 1280.24 Euros,Mensuel,15363,15363,2026-08-31,False,https://candidat.francetravail.fr/offres/recherche/detail/213CNKM
213FMXS,M1705,Responsable marketing,Responsable marketing & développement commercial Hotel (H/F),ROLLAND,93,93 - LE BOURGET,offre,CDI,CDI,True,10 An(s),6 ans et plus,Bac+3/4,False,Annuel de 32000.0 Euros à 35000.0 Euros,Annuel,32000,35000,2026-09-01,False,https://candidat.francetravail.fr/offres/recherche/detail/213FMXS
213GXMM,M1705,Responsable marketing,Consultant commercial (H/F),RANDSTAD,26,26 - VALENCE,offre,CDI,CDI,True,Débutant accepté,Débutant accepté,Bac+2,False,Mensuel de 2300.0 Euros sur 12 mois,Mensuel,27600,27600,2026-09-02,False,https://candidat.francetravail.fr/offres/recherche/detail/213GXMM
213KJSG,M1705,Responsable marketing,Chargé-e de développement du mécénat (H/F),TERRE DE LIENS - LIAMM AN DOUAR,35,35 - CESSON SEVIGNE,offre,CDI,CDI,True,2 An(s),2 ans,Bac+5,False,Annuel de 32000.0 Euros à 35000.0 Euros,Annuel,32000,35000,2026-09-04,False,https://candidat.francetravail.fr/offres/recherche/detail/213KJSG
213KRZF,M1705,Responsable marketing,Chef de Produit Junior (H/F/X) (H/F),SM EUROPE,35,35 - La Mézière,offre,CDI,CDI,True,1 An(s),1 an,Bac+3/4,False,,,,,2026-09-04,False,https://candidat.francetravail.fr/offres/recherche/detail/213KRZF
213KTSS,M1705,Responsable marketing,Chargé d'affaires (H/F),MANPOWER,33,33 - Bordeaux,offre,CDI,CDI,True,5 An(s),5 ans,,False,Annuel de 35000.0 Euros à 45000.0 Euros,Annuel,35000,45000,2026-09-04,True,https://candidat.francetravail.fr/offres/recherche/detail/213KTSS
213KZGX,M1705,Responsable marketing,Chargé de marketing et communication (H/F),UNIVERSITE PARIS-SACLAY,91,91 - Orsay,offre,CDD,CDD,True,Débutant accepté,Débutant accepté,,False,,,,,2026-09-04,False,https://candidat.francetravail.fr/offres/recherche/detail/213KZGX
213LZFR,M1705,Responsable marketing,Responsable marketing,VERDOT,63,63 - RIOM,offre,CDI,CDI,True,7 An(s) - Marketing et communication,6 ans et plus,Bac+3/4,False,,,,,2026-09-07,False,https://candidat.francetravail.fr/offres/recherche/detail/213LZFR
213MBPH,M1705,Responsable marketing,Coordinateur Trade Marketing Wholesale (H/F),CWF CHILDREN WORLDWIDE FASHION,85,85 - LES HERBIERS,offre,CDI,CDI,True,Débutant accepté,Débutant accepté,,False,,,,,2026-09-07,False,https://candidat.francetravail.fr/offres/recherche/detail/213MBPH
213MCDD,M1705,Responsable marketing,Développeur affiliations Senior (H/F),CWF CHILDREN WORLDWIDE FASHION,75,75 - Paris,departement,CDI,CDI,True,3 An(s),3 ans,,False,,,,,2026-09-07,False,https://candidat.francetravail.fr/offres/recherche/detail/213MCDD
213MPJM,M1705,Responsable marketing,Chargé(e) de Marketing et Communication (F/H) (H/F),,75,75 - PARIS 15,offre,CDI,CDI,True,Débutant accepté,Débutant accepté,Bac+5,True,Mensuel de 2250.0 Euros à 2500.0 Euros,Mensuel,27000,30000,2026-09-07,False,https://candidat.francetravail.fr/offres/recherche/detail/213MPJM
213MWMY,M1705,Responsable marketing,RESPONSABLE DISTRIBUTION&PARTENARIATS (H/F),NRJ GROUP,75,75 - PARIS,offre,CDI,CDI,True,5 An(s),5 ans,,False,,,,,2026-09-07,False,https://candidat.francetravail.fr/offres/recherche/detail/213MWMY
213MYGH,M1705,Responsable marketing,Chargé de projet DR H/F (H/F),ACTION LOGEMENT SERVICES,75,75 - PARIS,offre,CDD,CDD,True,Débutant accepté,Débutant accepté,Bac+5,False,Annuel de 28000.0 Euros à 30000.0 Euros,Annuel,28000,30000,2026-09-07,False,https://candidat.francetravail.fr/offres/recherche/detail/213MYGH
213MZHN,M1705,Responsable marketing,RESPONSABLE GROWTH MARKETING H/F/NB,NRJ GROUP,75,75 - PARIS,offre,CDI,CDI,True,2 An(s),2 ans,,False,,,,,2026-09-07,False,https://candidat.francetravail.fr/offres/recherche/detail/213MZHN
213NTSP,M1705,Responsable marketing,Chargé de Marketing commercial (H/F),LES FORMATIONS DU MARAIS,79,79 - Azay-le-Brûlé,offre,CDD,CDD,True,Débutant accepté,Débutant accepté,,False,,,,,2026-09-08,False,https://candidat.francetravail.fr/offres/recherche/detail/213NTSP
213NVNM,M1705,Responsable marketing,Chargé de Marketing commercial (H/F),LES FORMATIONS DU MARAIS,79,79 - Azay-le-Brûlé,offre,CDD,CDD,True,Débutant accepté,Débutant accepté,,False,,,,,2026-09-08,True,https://candidat.francetravail.fr/offres/recherche/detail/213NVNM
213PQGR,M1705,Responsable marketing,Chargé d'affaires (H/F),MANPOWER FRANCE,64,64 - Anglet,offre,CDI,CDI,True,6 An(s),6 ans et plus,,False,Annuel de 48000.0 Euros à 55000.0 Euros,Annuel,48000,55000,2026-09-08,False,https://candidat.francetravail.fr/offres/recherche/detail/213PQGR
213PZDC,M1705,Responsable marketing,Alternant(e) Assistant(e) Chef de Produits Marketing (H/F),CRYSTAL,92,92 - Colombes,offre,CDD,CDD,True,Débutant accepté,Débutant accepté,,True,Mensuel de 800.0 Euros à 1200.0 Euros,Mensuel,9600,14400,2026-09-09,False,https://candidat.francetravail.fr/offres/recherche/detail/213PZDC
213QGQY,M1705,Responsable marketing,Chargé / Chargée de mission marketing,KROUSTY SABAIDI,13,13 - AIX EN PROVENCE,offre,CDI,CDI,True,6 Mois,Moins d'un an,,False,,,,,2026-09-09,False,https://candidat.francetravail.fr/offres/recherche/detail/213QGQY
213QJRP,M1705,Responsable marketing,CHARGE DE MARKETING OPERATIONNEL&DEVELOPPEMENT COMERCIAL (H/F),REUNION AFFICHAGE PERMANENT,97,974 - Saint-Paul,offre,CDI,CDI,True,Débutant accepté,Débutant accepté,Bac,False,Mensuel de 1867.02 Euros - 13e mois,Mensuel,22404,22404,2026-09-09,False,https://candidat.francetravail.fr/offres/recherche/detail/213QJRP
213QLYB,M1705,Responsable marketing,Chargé d'affaires (H/F),MANPOWER,87,87 - Limoges,offre,CDI,CDI,True,4 An(s),4 ans,,False,Annuel de 38000.0 Euros,Annuel,38000,38000,2026-09-09,False,https://candidat.francetravail.fr/offres/recherche/detail/213QLYB
213RBNQ,M1705,Responsable marketing,Animateur de réseau associatif (H/F),HUMANIS,67,67 - SCHILTIGHEIM,offre,CDI de chantier,DDI,True,6 Mois - En prospection téléphonique,Moins d'un an,,False,,,,,2026-09-09,False,https://candidat.francetravail.fr/offres/recherche/detail/213RBNQ
213RMVN,M1705,Responsable marketing,Alternance - Chargé(e) de Marketing & Communication (H/F),JJS DEVELOPPEMENT,75,75 - Paris 20e Arrondissement,offre,CDD,CDD,True,Débutant accepté,Débutant accepté,,False,,,,,2026-09-10,False,https://candidat.francetravail.fr/offres/recherche/detail/213RMVN
213RPLC,M1705,Responsable marketing,Coordinateur marketing (H/F),MAISON MENISSEZ,59,59 - FEIGNIES,offre,CDI,CDI,True,3 An(s) - Sur poste similaire,3 ans,Bac+5,True,Annuel de 30000.0 Euros à 50000.0 Euros - selon profil ,Annuel,30000,50000,2026-09-10,False,https://candidat.francetravail.fr/offres/recherche/detail/213RPLC
213RRYB,M1705,Responsable marketing,Category manager/Chef des ventes (H/F),SOBORIZ INDUSTRIE,97,974 - LE PORT,offre,CDI,CDI,True,5 An(s),5 ans,,False,Annuel de 40000.0 Euros,Annuel,40000,40000,2026-09-10,False,https://candidat.francetravail.fr/offres/recherche/detail/213RRYB
213RTRX,M1705,Responsable marketing,Chargé d'affaires (H/F),MANPOWER,13,13 - Bouches-du-Rhône,departement,CDI,CDI,True,2 An(s),2 ans,,False,Annuel de 40000.0 Euros à 50000.0 Euros,Annuel,40000,50000,2026-09-10,False,https://candidat.francetravail.fr/offres/recherche/detail/213RTRX
213SDWT,M1705,Responsable marketing,Alternant Développeur de marque et commercialisation H/F,ENCORE (ENVIRONNEMENT COTENTIN RECYCLAGE,50,50 - ST SAUVEUR VILLAGES,offre,CDD,CDD,True,Débutant accepté,Débutant accepté,Bac+2,False,,,,,2026-09-10,False,https://candidat.francetravail.fr/offres/recherche/detail/213SDWT
213SJGZ,M1705,Responsable marketing,Coordinateur de projet (H/F),MANPOWER FRANCE,79,79 - Niort,offre,Intérim,MIS,True,2 An(s),2 ans,,False,Annuel de 23000.0 Euros à 30000.0 Euros,Annuel,23000,30000,2026-09-10,False,https://candidat.francetravail.fr/offres/recherche/detail/213SJGZ
213TDHX,M1705,Responsable marketing,Spécialiste Marketing Recrutement & Gestion des Talents (H/F),INTERNATIONAL SOS (ASSISTANCE) SA,92,92 - LEVALLOIS PERRET,offre,CDD,CDD,True,Débutant accepté,Débutant accepté,,False,Mensuel de 2500.0 Euros à 2666.0 Euros,Mensuel,30000,31992,2026-09-11,False,https://candidat.francetravail.fr/offres/recherche/detail/213TDHX
213TMFS,M1705,Responsable marketing,RESPONSABLE MARKETING (H/F),KEDEM ENERGY,66,66 - PERPIGNAN,offre,CDI,CDI,True,3 An(s),3 ans,,False,Annuel de 60000.0 Euros,Annuel,60000,60000,2026-09-11,False,https://candidat.francetravail.fr/offres/recherche/detail/213TMFS
213TRRJ,M1705,Responsable marketing,Coordinateur de projet (H/F),MANPOWER FRANCE,69,69 - Marcy-l'Étoile,offre,Intérim,MIS,True,3 An(s),3 ans,,False,Mensuel de 3494.22 Euros,Mensuel,41931,41931,2026-09-11,True,https://candidat.francetravail.fr/offres/recherche/detail/213TRRJ
213TRVW,M1705,Responsable marketing,Chargé d'affaires (H/F),MANPOWER FRANCE,56,56 - Lorient,offre,CDI,CDI,True,5 An(s),5 ans,,False,Mensuel de 3500.0 Euros à 4000.0 Euros,Mensuel,42000,48000,2026-09-11,False,https://candidat.francetravail.fr/offres/recherche/detail/213TRVW
213VHLT,M1705,Responsable marketing,Chargé de campagne marketing (H/F),MANPOWER,13,13 - AIX EN PROVENCE,offre,CDD,CDD,True,2 An(s),2 ans,,False,Horaire de 18.2 Euros,Horaire,29247,29247,2026-09-14,False,https://candidat.francetravail.fr/offres/recherche/detail/213VHLT
213VTRD,M1705,Responsable marketing,Responsable Growth Marketing (H/F),,75,75 - PARIS,offre,CDI,CDI,True,1 Mois,Moins d'un an,,False,Annuel de 38000.0 Euros à 48000.0 Euros,Annuel,38000,48000,2026-09-14,False,https://candidat.francetravail.fr/offres/recherche/detail/213VTRD
213VYPR,M1705,Responsable marketing,Chargé.e de Marketing (H/F),CHAMBRE DE METIERS ET DE L'ARTISANAT DE ,22,22 - Ploufragan,offre,CDD,CDD,True,Débutant accepté,Débutant accepté,Bac+3/4,True,Annuel de 28000.0 Euros à 30000.0 Euros - Rémunération sur 13 mois,Annuel,28000,30000,2026-09-14,False,https://candidat.francetravail.fr/offres/recherche/detail/213VYPR
213XFNB,M1705,Responsable marketing,Chargé(e) de Mission Communication et Marketing (H/F),RKF GROUP,90,90 - BELFORT,offre,CDI,CDI,True,3 An(s),3 ans,,False,,,,,2026-09-15,False,https://candidat.francetravail.fr/offres/recherche/detail/213XFNB
213XSNN,M1705,Responsable marketing,Coordinateur de projet (H/F),MANPOWER FRANCE,69,69 - Marcy-l'Étoile,offre,Intérim,MIS,True,Débutant accepté,Débutant accepté,,False,Mensuel de 3494.22 Euros,Mensuel,41931,41931,2026-09-15,False,https://candidat.francetravail.fr/offres/recherche/detail/213XSNN
213ZJGP,M1705,Responsable marketing,Responsable Collecte de fonds (H/F),FEDERATION FRANCAISE DE CARDIOLOGIE,75,75 - PARIS,offre,CDI,CDI,True,7 An(s) - Sur poste management / fundraising,6 ans et plus,Bac+3/4,False,Annuel de 50000.0 Euros à 60000.0 Euros - Selon profil et expérience,Annuel,50000,60000,2026-09-17,False,https://candidat.francetravail.fr/offres/recherche/detail/213ZJGP
213ZKFH,M1705,Responsable marketing,Chargé(e) de Marketing et communication B2B (H/F),NEW WAVE FRANCE SAS,69,69 - GENAS,offre,CDI,CDI,True,2 An(s) - Hors alternance,2 ans,Bac+3/4,False,Mensuel de 2300.0 Euros à 2800.0 Euros,Mensuel,27600,33600,2026-09-17,False,https://candidat.francetravail.fr/offres/recherche/detail/213ZKFH
213ZQDJ,M1705,Responsable marketing,Chargé(e) de Marketing & Communication (H/F),REMAKS,,Espagne,aucune,Profession libérale,LIB,False,4 An(s),4 ans,,False,,,,,2026-09-17,False,https://candidat.francetravail.fr/offres/recherche/detail/213ZQDJ
213ZVPK,M1705,Responsable marketing,Coordinateur de projet (H/F),MANPOWER,45,45 - Fleury-les-Aubrais,offre,Intérim,MIS,True,2 An(s),2 ans,,False,Horaire de 18.0 Euros à 25.0 Euros,Horaire,28926,40175,2026-09-17,False,https://candidat.francetravail.fr/offres/recherche/detail/213ZVPK
214BHNH,M1705,Responsable marketing,Chargé d'Affaires CFO - CFA (H/F),TECXELL INTERIM,78,78 - Sartrouville,offre,CDI,CDI,True,Débutant accepté,Débutant accepté,,False,Mensuel de 3583.0 Euros à 3917.0 Euros,Mensuel,42996,47004,2026-09-17,False,https://candidat.francetravail.fr/offres/recherche/detail/214BHNH
214BJJD,M1705,Responsable marketing,Chargé d'affaires (H/F),MANPOWER FRANCE,63,63 - Clermont-Ferrand,offre,CDI,CDI,True,2 An(s),2 ans,,False,Annuel de 37000.0 Euros à 42000.0 Euros,Annuel,37000,42000,2026-09-17,False,https://candidat.francetravail.fr/offres/recherche/detail/214BJJD
214CHTN,M1705,Responsable marketing,Chargé / Chargée d'affiliation et de partenariats (H/F),ASSOCIATION DEPARTEMENTALE COEUR LAVANDE,,France,aucune,Profession commerciale,CCE,False,5 An(s),5 ans,Bac+2,False,,,,,2026-09-18,False,https://candidat.francetravail.fr/offres/recherche/detail/214CHTN
214CNVZ,M1705,Responsable marketing,Chargé(e) de Communication de la Marque (H/F),THIDESOFT,92,92 - Courbevoie,offre,CDI,CDI,True,2 An(s),2 ans,Bac+5,False,,,,,2026-09-18,False,https://candidat.francetravail.fr/offres/recherche/detail/214CNVZ
214CQYT,M1705,Responsable marketing,Chargé d'affaires (H/F),MANPOWER BTP,63,63 - Clermont-Ferrand,offre,CDI,CDI,True,4 An(s),4 ans,,False,Annuel de 37000.0 Euros à 42000.0 Euros,Annuel,37000,42000,2026-09-18,False,https://candidat.francetravail.fr/offres/recherche/detail/214CQYT
214CVHL,M1705,Responsable marketing,Chargé(e) de Marketing et Communication et des Processus Qualité (H/F),,42,42 - ST ETIENNE,offre,CDI,CDI,True,2 An(s),2 ans,,False,,,,,2026-09-19,False,https://candidat.francetravail.fr/offres/recherche/detail/214CVHL
214CYPD,M1705,Responsable marketing,Chargée / Chargé de communication marketing français anglais (H/F),CRAN,10,10 - Nogent-sur-Seine,offre,CDI,CDI,True,Débutant accepté,Débutant accepté,,True,,,,,2026-09-21,False,https://candidat.francetravail.fr/offres/recherche/detail/214CYPD
214DQRX,M1705,Responsable marketing,Chef de projet Mécénat & Donateurs (F/H)  à Paris (H/F),institut de l'engagement,75,75 - Paris,departement,CDI,CDI,True,2 An(s),2 ans,,True,,,,,2026-09-21,False,https://candidat.francetravail.fr/offres/recherche/detail/214DQRX
214GNCT,M1705,Responsable marketing,Responsable Marketing Communication B2B (H/F),CHAUMEIL ILE DE FRANCE,92,92 - NANTERRE,offre,CDI,CDI,True,5 An(s),5 ans,,False,Annuel de 42000.0 Euros à 47000.0 Euros,Annuel,42000,47000,2026-09-22,False,https://candidat.francetravail.fr/offres/recherche/detail/214GNCT
214GPQW,M1705,Responsable marketing,Chargé d'affaires (H/F),MANPOWER FRANCE,29,29 - Melgven,offre,Intérim,MIS,True,Débutant accepté,Débutant accepté,,False,Horaire de 13.0 Euros à 16.0 Euros,Horaire,20891,25712,2026-09-22,False,https://candidat.francetravail.fr/offres/recherche/detail/214GPQW
214GQLD,M1705,Responsable marketing,CHARGE DE PROJETS PACKAGING RESPONSABLE H/F,MENWAY,54,54 - Heillecourt,offre,Intérim,MIS,True,2 An(s),2 ans,,False,Annuel de 45000.0 Euros à 50000.0 Euros,Annuel,45000,50000,2026-09-22,False,https://candidat.francetravail.fr/offres/recherche/detail/214GQLD
214GSHG,M1705,Responsable marketing,Directeur Marketing (H/F),BMSO,33,33 - Canéjan,offre,CDI,CDI,True,10 An(s),6 ans et plus,Bac+5,False,Annuel de 80000.0 Euros à 90000.0 Euros,Annuel,80000,90000,2026-09-23,False,https://candidat.francetravail.fr/offres/recherche/detail/214GSHG
214HGRG,M1705,Responsable marketing,Chargé Marketing F/H en Martinique - CDD 6 mois (H/F),RANDSTAD INHOUSE,97,972 - LE LAMENTIN,offre,CDD,CDD,True,3 An(s),3 ans,Bac+2,False,Annuel de 32000.0 Euros,Annuel,32000,32000,2026-09-23,False,https://candidat.francetravail.fr/offres/recherche/detail/214HGRG
214HHZP,M1705,Responsable marketing,Chargé(e) de mission marketing F/H (H/F),SAMSE,38,38 - Grenoble,offre,CDI,CDI,True,1 An(s),1 an,,False,Mensuel de 2300.0 Euros à 2301.0 Euros,Mensuel,27600,27612,2026-09-23,False,https://candidat.francetravail.fr/offres/recherche/detail/214HHZP
214HQZM,M1705,Responsable marketing,Chargé(e) Marketing B2B & Support de Direction (H/F),CELSIUSFOOD,85,85 - DOMPIERRE-SUR-YON,offre,CDD,CDD,True,Débutant accepté,Débutant accepté,,False,,,,,2026-09-23,False,https://candidat.francetravail.fr/offres/recherche/detail/214HQZM
214HTJM,M1705,Responsable marketing,Responsable marketing (H/F),CRISTAL ALPES,73,73 - Cognin,offre,CDI,CDI,True,Débutant accepté - Si BAC+5 validé en alternance,Débutant accepté,,False,Mensuel de 2400.0 Euros à 2500.0 Euros - A negocier,Mensuel,28800,30000,2026-09-23,False,https://candidat.francetravail.fr/offres/recherche/detail/214HTJM
214HTYZ,M1705,Responsable marketing,Chargé de Projet Campaign Content - Biotech (H/F),YNOVANS,67,67 - SCHILTIGHEIM,offre,CDD,CDD,True,3 An(s),3 ans,Bac+5,False,Mensuel de 2600.0 Euros à 4000.0 Euros,Mensuel,31200,48000,2026-09-23,False,https://candidat.francetravail.fr/offres/recherche/detail/214HTYZ
214HVCK,M1705,Responsable marketing,Chargé de Projet Campaign Content - Biotech H/F (H/F),PROTEOGENIX,67,67 - SCHILTIGHEIM,offre,CDD,CDD,True,3 An(s),3 ans,Bac+5,False,Mensuel de 2600.0 Euros à 4000.0 Euros,Mensuel,31200,48000,2026-09-23,False,https://candidat.francetravail.fr/offres/recherche/detail/214HVCK
214HYKQ,M1705,Responsable marketing,Charge de mission marketing - webmarketer (H/F),WAM,13,13 - AIX EN PROVENCE,offre,CDI,CDI,True,2 An(s),2 ans,Bac+5,False,Annuel de 28000.0 Euros à 34000.0 Euros - prime d'intéressement,Annuel,28000,34000,2026-09-23,False,https://candidat.francetravail.fr/offres/recherche/detail/214HYKQ
214JGTB,M1705,Responsable marketing,Responsable Marketing et Communication H/F (H/F),CENTRE DE FORMATION ET D'ENSEIGNEMENT PR,94,94 - Vincennes,offre,CDI,CDI,True,5 An(s),5 ans,,False,Mensuel de 3750.0 Euros,Mensuel,45000,45000,2026-09-24,False,https://candidat.francetravail.fr/offres/recherche/detail/214JGTB
214JQTJ,M1705,Responsable marketing,Campaign specialist H/F,WOONOZ,69,69 - LYON,offre,CDI,CDI,True,2 An(s),2 ans,,True,Annuel de 35000.0 Euros à 37000.0 Euros,Annuel,35000,37000,2026-09-24,False,https://candidat.francetravail.fr/offres/recherche/detail/214JQTJ
214JTTV,M1705,Responsable marketing,Chargé de projet marketing F/H,Synergie,31,31 - Labège,offre,Intérim,MIS,True,5 An(s),5 ans,,False,Annuel de 35000.0 Euros à 40000.0 Euros,Annuel,35000,40000,2026-09-24,False,https://candidat.francetravail.fr/offres/recherche/detail/214JTTV
214JYSF,M1705,Responsable marketing,Responsable Marketing - HEC Paris (H/F),HEC Paris,78,78 - JOUY EN JOSAS,offre,CDI,CDI,True,Débutant accepté,Débutant accepté,,False,,,,,2026-09-24,False,https://candidat.francetravail.fr/offres/recherche/detail/214JYSF
214KCGD,M1705,Responsable marketing,Chargé d'affaires (H/F),MANPOWER,33,33 - Bordeaux,offre,CDI,CDI,True,3 An(s),3 ans,,False,Annuel de 35000.0 Euros à 45000.0 Euros,Annuel,35000,45000,2026-09-24,False,https://candidat.francetravail.fr/offres/recherche/detail/214KCGD
214KQVT,M1705,Responsable marketing,Chargé/ Chargée au développement commercial et au marketing (H/F),OPERA DE DIJON,21,21 - DIJON,offre,CDD,CDD,True,Débutant accepté,Débutant accepté,Bac+3/4,False,Mensuel de 2037.24 Euros,Mensuel,24447,24447,2026-09-25,False,https://candidat.francetravail.fr/offres/recherche/detail/214KQVT
214KRBQ,M1705,Responsable marketing,Responsable marketing et communication (H/F),SOCIETE DE DISTRIBUTION AUTOMOBILE,49,49 - SAUMUR,offre,CDD,CDD,True,1 An(s) - sur poste identique,1 an,Bac+2,False,Mensuel de 1867.02 Euros,Mensuel,22404,22404,2026-09-25,False,https://candidat.francetravail.fr/offres/recherche/detail/214KRBQ
214KTWB,M1705,Responsable marketing,Chargé d'affaires (H/F),MANPOWER,45,45 - Chaingy,offre,CDI,CDI,True,4 An(s),4 ans,,False,Annuel de 39000.0 Euros à 41000.0 Euros,Annuel,39000,41000,2026-09-25,False,https://candidat.francetravail.fr/offres/recherche/detail/214KTWB
214KZQW,M1705,Responsable marketing,Chargé(e) de Produit et Marketing (H/F),DISTRIBUTION PIECES AUTO NARBONNAISE,11,11 - MONTREDON-DES-CORBIERES,offre,CDI,CDI,True,24 Mois,2 ans,Bac+5,False,Mensuel de 2000.0 Euros à 2100.0 Euros,Mensuel,24000,25200,2026-09-25,False,https://candidat.francetravail.fr/offres/recherche/detail/214KZQW
214LCCS,M1705,Responsable marketing,Performance Marketing Manager (H/F),ECOLE ENSEIGNEMENT SUPERIEUR PRIVE ICN,92,92 - Puteaux,offre,CDI,CDI,True,8 An(s),6 ans et plus,,True,,,,,2026-09-25,False,https://candidat.francetravail.fr/offres/recherche/detail/214LCCS
214LFWC,M1705,Responsable marketing,Chargé de marché marketing (H/F),LEADSEN RH,84,84 - Avignon,offre,CDD,CDD,True,2 An(s),2 ans,Bac+5,False,Annuel de 35000.0 Euros à 45000.0 Euros,Annuel,35000,45000,2026-09-25,False,https://candidat.francetravail.fr/offres/recherche/detail/214LFWC
214LGHG,M1705,Responsable marketing,CHARGE(E) D'AFFAIRES INNOVATION CADRE H/F,CRIT,57,57 - Metz,offre,Intérim,MIS,True,2 An(s),2 ans,,False,Horaire de 21.0 Euros à 24.0 Euros,Horaire,33747,38568,2026-09-25,False,https://candidat.francetravail.fr/offres/recherche/detail/214LGHG
214LJCN,M1705,Responsable marketing,Chargé d'affaires (H/F),MANPOWER,76,76 - Havre,offre,CDI,CDI,True,4 An(s),4 ans,,False,Annuel de 45000.0 Euros à 55000.0 Euros,Annuel,45000,55000,2026-09-25,False,https://candidat.francetravail.fr/offres/recherche/detail/214LJCN
214LMTR,M1705,Responsable marketing,Responsable développements de projets et levées de fonds (F/H) (H/F),Le Recruteur France,75,75 - Paris,departement,CDI,CDI,True,3 An(s),3 ans,,False,Annuel de 42000.0 Euros à 46000.0 Euros,Annuel,42000,46000,2026-09-27,False,https://candidat.francetravail.fr/offres/recherche/detail/214LMTR
214MBWR,M1705,Responsable marketing,Chef de marché / Trade Marketing Manager (H/F),LES INTERIMAIRES PROFESSIONNELS TERTIAIR,69,69 - Villeurbanne,offre,CDI,CDI,True,5 An(s),5 ans,,False,Mensuel de 3600.0 Euros,Mensuel,43200,43200,2026-09-28,False,https://candidat.francetravail.fr/offres/recherche/detail/214MBWR
214MRMC,M1705,Responsable marketing,Chargé(e) du Marketing et de la Communication (CMC) (H/F),OERIS,83,83 - CUERS,offre,CDI,CDI,True,6 Mois,Moins d'un an,Bac+2,True,,,,,2026-09-28,False,https://candidat.francetravail.fr/offres/recherche/detail/214MRMC
214MSGP,M1705,Responsable marketing,Coordinateur marketing (H/F),,77,77 - Bussy-Saint-Georges,offre,CDD,CDD,True,5 An(s) - Poste similaire,5 ans,,False,,,,,2026-09-28,False,https://candidat.francetravail.fr/offres/recherche/detail/214MSGP
214MZYT,M1705,Responsable marketing,Un responsable communication & marketing (H/F),VETAGRO SUP,69,69 - Marcy-l'Étoile,offre,CDD,CDD,True,Débutant accepté,Débutant accepté,,False,Mensuel de 2500.0 Euros à 3000.0 Euros,Mensuel,30000,36000,2026-09-29,False,https://candidat.francetravail.fr/offres/recherche/detail/214MZYT
214MZZF,M1705,Responsable marketing,Un responsable communication & marketing (H/F),VETAGRO SUP,31,31 - Toulouse,offre,CDD,CDD,True,Débutant accepté,Débutant accepté,,False,Mensuel de 2500.0 Euros à 3000.0 Euros,Mensuel,30000,36000,2026-09-29,False,https://candidat.francetravail.fr/offres/recherche/detail/214MZZF
214NHZZ,M1705,Responsable marketing,Responsable Marketing Stratégique et Communication - H/F (H/F),SERPINET CONSEIL RH,69,69 - LYON,offre,CDI,CDI,True,24 Mois,2 ans,,False,,,,,2026-09-29,False,https://candidat.francetravail.fr/offres/recherche/detail/214NHZZ
3553127,M1705,Responsable marketing,Directeur des Ressources Humaines et Recrutement des Forces (H/F),,69,69 - Lyon 5e Arrondissement,commune,CDI,CDI,True,3 An(s),3 ans,,False,,,,,2026-06-06,False,https://candidat.francetravail.fr/offres/recherche/detail/3553127
3630275,M1705,Responsable marketing,MARKETING MANAGER F/H,,44,44 - Nantes,offre,CDI,CDI,True,Expérience exigée,"Exigée, sans durée",,False,,,,,2026-06-10,False,https://candidat.francetravail.fr/offres/recherche/detail/3630275
3684776,M1705,Responsable marketing,Chargé / Chargée de mission marketing (H/F),"UPTOO
        ",67,67 - Otterswiller,offre,CDI,CDI,True,Expérience exigée,"Exigée, sans durée",,False,Annuel de 60000.0 Euros à 75000.0 Euros,Annuel,60000,75000,2026-06-11,False,https://candidat.francetravail.fr/offres/recherche/detail/3684776
4026622,M1705,Responsable marketing,Partnership Manager F/H - MV GROUP,MV GROUP,62,62 - Calais,commune,CDI,CDI,True,1 An(s),1 an,,False,,,,,2026-06-19,False,https://candidat.francetravail.fr/offres/recherche/detail/4026622
4106945,M1705,Responsable marketing,Partnership Manager F/H - MV GROUP,MV GROUP,35,35 - Cesson-Sévigné,commune,CDI,CDI,True,1 An(s),1 an,,False,,,,,2026-06-22,False,https://candidat.francetravail.fr/offres/recherche/detail/4106945
4106993,M1705,Responsable marketing,Partnership Manager F/H - MV GROUP,MV GROUP,69,69 - Lyon 7e Arrondissement,commune,CDI,CDI,True,1 An(s),1 an,,False,,,,,2026-06-22,False,https://candidat.francetravail.fr/offres/recherche/detail/4106993
4107032,M1705,Responsable marketing,Partnership Manager F/H - MV GROUP,MV GROUP,44,44 - Saint-Herblain,commune,CDI,CDI,True,1 An(s),1 an,,False,,,,,2026-06-22,False,https://candidat.francetravail.fr/offres/recherche/detail/4107032
4247941,M1705,Responsable marketing,Responsable développement commercial & admissions F/H - IONIS Group,IONIS Group,75,75 - Paris 3e Arrondissement,commune,CDI,CDI,True,3 An(s),3 ans,,False,Annuel de 40000.0 Euros à 45000.0 Euros,Annuel,40000,45000,2026-06-25,False,https://candidat.francetravail.fr/offres/recherche/detail/4247941
4276761,M1705,Responsable marketing,Chargé de développement commercial & admissions F/H - IONIS Group,IONIS Group,75,75 - Paris 3e Arrondissement,commune,CDI,CDI,True,1 An(s),1 an,,False,Annuel de 30000.0 Euros à 35000.0 Euros,Annuel,30000,35000,2026-06-26,False,https://candidat.francetravail.fr/offres/recherche/detail/4276761
4457098,M1705,Responsable marketing,Chargé de Communication F/H - EPI Normandie,EPI Normandie,27,27 - Pont-Audemer,offre,CDI,CDI,True,3 An(s),3 ans,,False,,,,,2026-07-01,False,https://candidat.francetravail.fr/offres/recherche/detail/4457098
4457120,M1705,Responsable marketing,Assistant RH & recrutement F/H - MAGNITUDE,MAGNITUDE,92,92 - Puteaux,commune,CDI,CDI,True,1 An(s),1 an,,True,Mensuel de 2000.0 Euros à 2200.0 Euros,Mensuel,24000,26400,2026-07-01,False,https://candidat.francetravail.fr/offres/recherche/detail/4457120
4788120,M1705,Responsable marketing,Chargé/ Chargée d'Affaires  H/F,,49,49 - Angers,offre,CDI,CDI,True,Débutant accepté,Débutant accepté,,False,,,,,2026-07-10,False,https://candidat.francetravail.fr/offres/recherche/detail/4788120
5060278,M1705,Responsable marketing,Consultant CRM & Marketing Automation Confirmé F/H h/f,,92,92 - Boulogne-Billancourt,offre,CDI,CDI,True,Expérience exigée,"Exigée, sans durée",,False,,,,,2026-07-16,False,https://candidat.francetravail.fr/offres/recherche/detail/5060278
5076638,M1705,Responsable marketing,Apprenti marketing mastère (H/F),,69,69 - Saint-Priest,offre,CDD,CDD,True,Débutant accepté,Débutant accepté,,False,,,,,2026-07-17,False,https://candidat.francetravail.fr/offres/recherche/detail/5076638
5114627,M1705,Responsable marketing,Account Manager F/H - MAGNITUDE,MAGNITUDE,92,92 - Puteaux,commune,CDI,CDI,True,2 An(s),2 ans,,False,Mensuel de 2700.0 Euros à 3200.0 Euros,Mensuel,32400,38400,2026-07-18,False,https://candidat.francetravail.fr/offres/recherche/detail/5114627
5170254,M1705,Responsable marketing,E-Commerce Manager Junior M (F/H) - Fackelmann France,Fackelmann France,88,88 - Bussang,commune,CDI,CDI,True,1 An(s),1 an,,False,Annuel de 27000.0 Euros à 32000.0 Euros,Annuel,27000,32000,2026-07-20,False,https://candidat.francetravail.fr/offres/recherche/detail/5170254
5175660,M1705,Responsable marketing,Würth France - Chef de produit division Installateurs - H/F,Würth France,67,67 - Erstein,commune,CDI,CDI,True,0 An(s),Débutant accepté,,True,,,,,2026-07-20,False,https://candidat.francetravail.fr/offres/recherche/detail/5175660
5179916,M1705,Responsable marketing,RESPONSABLE MARKETING (H/F),,13,13 - Châteaurenard,commune,CDI,CDI,True,Débutant accepté,Débutant accepté,,False,,,,,2026-07-21,False,https://candidat.francetravail.fr/offres/recherche/detail/5179916
5223122,M1705,Responsable marketing,Directeur de programmes CRM & Data Marketing (H/F),,75,75 - Paris 9e Arrondissement,commune,Intérim,MIS,True,6 An(s),6 ans et plus,,False,Annuel de 75000.0 Euros à 85000.0 Euros,Annuel,75000,85000,2026-07-22,False,https://candidat.francetravail.fr/offres/recherche/detail/5223122
5351087,M1705,Responsable marketing,Responsable Retail Marketing & Communication Réseau H/F,Stihl France,77,77 - Torcy,offre,CDI,CDI,True,Débutant accepté,Débutant accepté,,False,Annuel de 48000.0 Euros à 58000.0 Euros sur 12.0 mois,Annuel,48000,58000,2026-07-22,False,https://candidat.francetravail.fr/offres/recherche/detail/5351087
5392033,M1705,Responsable marketing,Responsable Ligne de Produit Wet Plant F/H - Alcatel Submarine Networks,Alcatel Submarine Networks,91,91 - Ulis,offre,CDI,CDI,True,10 An(s),6 ans et plus,,False,,,,,2026-07-23,False,https://candidat.francetravail.fr/offres/recherche/detail/5392033
5434768,M1705,Responsable marketing,Responsable d'offres F/H - Piriou Ingénierie,Piriou Ingénierie,29,29 - Concarneau,offre,CDI,CDI,True,5 An(s),5 ans,,False,,,,,2026-07-24,False,https://candidat.francetravail.fr/offres/recherche/detail/5434768
5493598,M1705,Responsable marketing,Fondation Hopale - Chargé / Chargée de mission marketing (H/F),Fondation Hopale,62,62 - Berck,offre,CDD,CDD,True,Débutant accepté,Débutant accepté,,False,,,,,2026-07-27,False,https://candidat.francetravail.fr/offres/recherche/detail/5493598
5494045,M1705,Responsable marketing,Responsable marketing (H/F),,11,11 - Sainte-Colombe-sur-l'Hers,commune,CDI,CDI,True,5 An(s),5 ans,,False,Annuel de 60000.0 Euros à 75000.0 Euros sur 12.0 mois,Annuel,60000,75000,2026-07-27,False,https://candidat.francetravail.fr/offres/recherche/detail/5494045
5562840,M1705,Responsable marketing,Alternant Marketing / Stage F/H - Japan Experience,Japan Experience,75,75 - Paris 1er Arrondissement,commune,CDD,CDD,True,1 An(s),1 an,,False,Mensuel de 600.0 Euros à 1000.0 Euros,Mensuel,7200,12000,2026-07-29,False,https://candidat.francetravail.fr/offres/recherche/detail/5562840
5688032,M1705,Responsable marketing,Chargé / Chargée d'affiliation et de partenariats e-commerce (H/F),MSD,97,971 - Basse-Terre,commune,CDD,CDD,True,Débutant accepté,Débutant accepté,,False,,,,,2026-08-03,False,https://candidat.francetravail.fr/offres/recherche/detail/5688032
5908448,M1705,Responsable marketing,PRODUCT MARKETING LEAD - H/F,WALLIX,75,75 - Paris 8e Arrondissement,commune,CDI,CDI,True,2 An(s),2 ans,,False,,,,,2026-08-11,False,https://candidat.francetravail.fr/offres/recherche/detail/5908448
5938763,M1705,Responsable marketing,"Responsable Offre, Marché & Product Marketing (H/F)",Les Fermes Debout,91,91 - Lisses,commune,CDI,CDI,True,5 An(s),5 ans,,False,,,,,2026-08-12,False,https://candidat.francetravail.fr/offres/recherche/detail/5938763
5939825,M1705,Responsable marketing,Alternance - Chargé(e) de Communication & Marketing Digital H/F - HMarket,HMarket,95,95 - Gonesse,commune,CDD,CDD,True,2 An(s),2 ans,,False,,,,,2026-08-12,False,https://candidat.francetravail.fr/offres/recherche/detail/5939825
5963084,M1705,Responsable marketing,E.Leclerc - EQUIPIER POLYVALENT TEMPS PARTIEL - H/F,ALCOBA DISTRIBUTION ,68,68 - Saint-Louis,commune,CDD,CDD,True,0 An(s),Débutant accepté,,False,,,,,2026-08-13,False,https://candidat.francetravail.fr/offres/recherche/detail/5963084
6076947,M1705,Responsable marketing,Chargé / Chargée d'affaires marketing (H/F),,78,78 - Yvelines,departement,CDI,CDI,True,5 An(s),5 ans,,False,,,,,2026-08-18,False,https://candidat.francetravail.fr/offres/recherche/detail/6076947
6155736,M1705,Responsable marketing,Gestionnaire affiliation et revenu des indépendants (m/f) (réf. E) (réf. F) (réf. M) (H/F),,,Luxembourg,aucune,CDI,CDI,True,Débutant accepté,Débutant accepté,,False,,,,,2026-08-21,False,https://candidat.francetravail.fr/offres/recherche/detail/6155736
6169278,M1705,Responsable marketing,Alternance Chargé(e) Marketing Opérationnel - Montpellier (H/F),ISCOD,34,34 - Montpellier,commune,CDD,CDD,True,1 An(s),1 an,,False,,,,,2026-08-21,False,https://candidat.francetravail.fr/offres/recherche/detail/6169278
6169353,M1705,Responsable marketing,Alternance chargé(e) de communication & marketing produit SaaS - Paris (H/F),ISCOD,75,75 - Paris 1er Arrondissement,commune,CDD,CDD,True,1 An(s),1 an,,False,,,,,2026-08-21,False,https://candidat.francetravail.fr/offres/recherche/detail/6169353
6204910,M1705,Responsable marketing,Responsable d'affaires H/F,,35,35 - Rheu,commune,CDI,CDI,True,Débutant accepté,Débutant accepté,,False,,,,,2026-08-22,False,https://candidat.francetravail.fr/offres/recherche/detail/6204910
6235878,M1705,Responsable marketing,Chef de Projet Expérience Client F/H - UMR Retraite,UMR Retraite,44,44 - Nantes,commune,CDI,CDI,True,5 An(s),5 ans,,False,,,,,2026-08-24,False,https://candidat.francetravail.fr/offres/recherche/detail/6235878
6266467,M1705,Responsable marketing,Alternance Chargé(e) de Webmarketing & Communication Digitale - anglais courant - Valbonne (F/H),,06,06 - Valbonne,commune,CDD,CDD,True,Débutant accepté,Débutant accepté,,False,,,,,2026-08-25,False,https://candidat.francetravail.fr/offres/recherche/detail/6266467
6278598,M1705,Responsable marketing,Chargé de mission marketing (H/F),MANPOWER FRANCE,44,44 - Nantes,commune,CDD,CDD,True,Débutant accepté,Débutant accepté,,False,,,,,2026-08-26,False,https://candidat.francetravail.fr/offres/recherche/detail/6278598
6306275,M1705,Responsable marketing,Stagiaire Communication / Marketing ( H/F/X ),,81,81 - Parisot,commune,Intérim,MIS,True,Débutant accepté,Débutant accepté,,False,,,,,2026-08-26,False,https://candidat.francetravail.fr/offres/recherche/detail/6306275
6341750,M1705,Responsable marketing,Alternance Chargé de Marketing - Romainville (H/F),ISCOD,93,93 - Romainville,commune,CDD,CDD,True,1 An(s),1 an,,False,,,,,2026-08-27,False,https://candidat.francetravail.fr/offres/recherche/detail/6341750
6353365,M1705,Responsable marketing,Würth France - Chef de marché - Installateurs - H/F,Würth France,67,67 - Erstein,commune,CDI,CDI,True,0 An(s),Débutant accepté,,False,,,,,2026-08-27,False,https://candidat.francetravail.fr/offres/recherche/detail/6353365
6363832,M1705,Responsable marketing,RESPONSABLE MARCHÉ SEMENCES F/H,,51,51 - Reims,commune,CDI,CDI,True,Expérience exigée,"Exigée, sans durée",,False,,,,,2026-08-28,False,https://candidat.francetravail.fr/offres/recherche/detail/6363832
6363900,M1705,Responsable marketing,RESPONSABLE MARCHÉ SEMENCES F/H,,51,51 - Reims,commune,CDI,CDI,True,Expérience exigée,"Exigée, sans durée",,False,,,,,2026-08-28,True,https://candidat.francetravail.fr/offres/recherche/detail/6363900
6382439,M1705,Responsable marketing,Responsable d'affaires H/F,,49,49 - Angers,commune,CDI,CDI,True,Débutant accepté,Débutant accepté,,False,,,,,2026-08-28,False,https://candidat.francetravail.fr/offres/recherche/detail/6382439
6398004,M1705,Responsable marketing,Responsable marketing offre (H/F),DISTRICENTER,35,35 - Cesson-Sévigné,commune,CDI,CDI,True,Débutant accepté,Débutant accepté,,True,Annuel de 35000.0 Euros à 40000.0 Euros - De 35000 à 40000 € (Euros) par an,Annuel,35000,40000,2026-08-29,False,https://candidat.francetravail.fr/offres/recherche/detail/6398004
6425769,M1705,Responsable marketing,Responsable marketing (H/F),MANTRA,06,06 - Nice,commune,CDI,CDI,True,11 An(s),6 ans et plus,,False,Annuel de 42500.0 Euros,Annuel,42500,42500,2026-08-30,False,https://candidat.francetravail.fr/offres/recherche/detail/6425769
6425828,M1705,Responsable marketing,Responsable marketing (H/F),MANTRA,13,13 - Marseille 7e Arrondissement,commune,CDI,CDI,True,6 An(s),6 ans et plus,,False,Annuel de 55000.0 Euros,Annuel,55000,55000,2026-08-30,False,https://candidat.francetravail.fr/offres/recherche/detail/6425828
6425933,M1705,Responsable marketing,Responsable marketing (H/F),MANTRA,75,75 - Paris 9e Arrondissement,commune,CDI,CDI,True,11 An(s),6 ans et plus,,False,Annuel de 65000.0 Euros à 79999.0 Euros,Annuel,65000,79999,2026-08-30,False,https://candidat.francetravail.fr/offres/recherche/detail/6425933
6425962,M1705,Responsable marketing,Responsable marketing (H/F),MANTRA,44,44 - Nantes,commune,CDI,CDI,True,3 An(s),3 ans,,False,Annuel de 45000.0 Euros à 75000.0 Euros,Annuel,45000,75000,2026-08-30,False,https://candidat.francetravail.fr/offres/recherche/detail/6425962
6445512,M1705,Responsable marketing,Chargé / Chargée de mission marketing (H/F),SOCIETE FRANCAISE KEB,94,94 - Queue-en-Brie,commune,CDD,CDD,True,Débutant accepté,Débutant accepté,,False,,,,,2026-08-31,False,https://candidat.francetravail.fr/offres/recherche/detail/6445512
6445545,M1705,Responsable marketing,Chargé / Chargée d'affaires marketing (H/F),ACCASTILLAGE MODERNE,25,25 - Glay,commune,CDD,CDD,True,Débutant accepté,Débutant accepté,,False,,,,,2026-08-31,False,https://candidat.francetravail.fr/offres/recherche/detail/6445545
6471583,M1705,Responsable marketing,Responsable Marketing Produit (H/F),PROMAN 229,01,01 - Miribel,commune,CDI,CDI,True,3 An(s),3 ans,,False,Annuel de 50000.0 Euros à 60000.0 Euros,Annuel,50000,60000,2026-09-01,False,https://candidat.francetravail.fr/offres/recherche/detail/6471583
6495515,M1705,Responsable marketing,Alternance Chargé(e) de communication et marketing - Vallauris (H/F),ISCOD,06,06 - Vallauris,commune,CDD,CDD,True,1 An(s),1 an,,False,,,,,2026-09-01,False,https://candidat.francetravail.fr/offres/recherche/detail/6495515
6499287,M1705,Responsable marketing,Chargé de développement F/H - Institut Supérieur de Gestion (ISG),Institut Supérieur de Gestion (ISG),75,75 - Paris,commune,CDI,CDI,True,1 An(s),1 an,,False,Annuel de 30000.0 Euros à 40000.0 Euros,Annuel,30000,40000,2026-09-01,False,https://candidat.francetravail.fr/offres/recherche/detail/6499287
6533061,M1705,Responsable marketing,Opérateur en PAO F/H - Jean Larnaudie,Jean Larnaudie,46,46 - Figeac,commune,CDD,CDD,True,1 An(s),1 an,,True,Mensuel de 1950.0 Euros à 2050.0 Euros,Mensuel,23400,24600,2026-09-02,False,https://candidat.francetravail.fr/offres/recherche/detail/6533061
6534358,M1705,Responsable marketing,Responsable Marketing et Communication Ecole F/H/X,Galileo Global Education,75,75 - Paris 12e Arrondissement,commune,CDI,CDI,True,3 An(s),3 ans,,False,Annuel de 43.0 Euros à 45.0 Euros,Annuel,,,2026-09-03,False,https://candidat.francetravail.fr/offres/recherche/detail/6534358
6568729,M1705,Responsable marketing,Business Manager / Chargé d'affaires (H/F),Rupella Consulting,60,60 - Compiègne,commune,CDI,CDI,True,3 An(s),3 ans,,False,Annuel de 60000.0 Euros à 70000.0 Euros,Annuel,60000,70000,2026-09-03,False,https://candidat.francetravail.fr/offres/recherche/detail/6568729
6570948,M1705,Responsable marketing,Responsable marketing (19125) (H/F),X-FAB France SAS,,Allemagne,aucune,CDI,CDI,True,4 An(s),4 ans,,False,,,,,2026-09-03,False,https://candidat.francetravail.fr/offres/recherche/detail/6570948
6574724,M1705,Responsable marketing,Responsable Marketing et Communication Ecole F/H/X,,75,75 - Paris,commune,CDI,CDI,True,Débutant accepté,Débutant accepté,,False,,,,,2026-09-03,False,https://candidat.francetravail.fr/offres/recherche/detail/6574724
6588482,M1705,Responsable marketing,CHARGÉ(E) DE MARKETING OPÉRATIONNEL & COMMUNICATION - H/F,FINANCE PLUS,93,93 - Saint-Denis,commune,CDI,CDI,True,2 An(s),2 ans,,False,,,,,2026-09-03,False,https://candidat.francetravail.fr/offres/recherche/detail/6588482
6589108,M1705,Responsable marketing,Chargé de développement F/H - Institut Supérieur de Gestion (ISG),Institut Supérieur de Gestion (ISG),69,69 - Lyon,commune,CDI,CDI,True,1 An(s),1 an,,False,Annuel de 34000.0 Euros à 37000.0 Euros,Annuel,34000,37000,2026-09-03,False,https://candidat.francetravail.fr/offres/recherche/detail/6589108
6589222,M1705,Responsable marketing,Chargé de développement et des relations entreprises F/H - Institut Supérieur de Gestion (ISG),Institut Supérieur de Gestion (ISG),75,75 - Paris 16e Arrondissement,commune,CDI,CDI,True,2 An(s),2 ans,,False,Annuel de 35000.0 Euros à 40000.0 Euros,Annuel,35000,40000,2026-09-03,False,https://candidat.francetravail.fr/offres/recherche/detail/6589222
6620354,M1705,Responsable marketing,Growth marketing (H/F),Webyn,92,92 - Levallois-Perret,commune,CDI,CDI,True,3 An(s),3 ans,,False,Annuel de 60000.0 Euros à 80000.0 Euros,Annuel,60000,80000,2026-09-04,False,https://candidat.francetravail.fr/offres/recherche/detail/6620354
6623892,M1705,Responsable marketing,Responsable Développement et Partenariats (H/F),OMEVA,75,75 - Paris 1er Arrondissement,commune,CDI,CDI,True,2 An(s),2 ans,,True,,,,,2026-09-04,False,https://candidat.francetravail.fr/offres/recherche/detail/6623892
6623893,M1705,Responsable marketing,Directrice / Directeur Fundraising & Partenariats (H/F),OMEVA,75,75 - Paris 1er Arrondissement,commune,CDI,CDI,True,5 An(s),5 ans,,False,,,,,2026-09-04,False,https://candidat.francetravail.fr/offres/recherche/detail/6623893
6634932,M1705,Responsable marketing,Responsable Marketing - CDI à temps plein H/F,,12,12 - Baraqueville,commune,CDI,CDI,True,Débutant accepté,Débutant accepté,,False,,,,,2026-09-04,False,https://candidat.francetravail.fr/offres/recherche/detail/6634932
6635928,M1705,Responsable marketing,Coordinateur Trade Marketing Wholesale F/H - Groupe CWF,Groupe CWF,85,85 - Herbiers,commune,CDI,CDI,True,1 An(s),1 an,,False,,,,,2026-09-04,False,https://candidat.francetravail.fr/offres/recherche/detail/6635928
6644276,M1705,Responsable marketing,Chargé / Chargée de projet marketing (H/F),GROUPE INGEPRIM,83,83 - Hyères,commune,CDD,CDD,True,Débutant accepté,Débutant accepté,,False,,,,,2026-09-05,False,https://candidat.francetravail.fr/offres/recherche/detail/6644276
6667434,M1705,Responsable marketing,Alternance Assistant Marketing Communication - Lille (F/H),,59,59 - Lille,commune,CDD,CDD,True,Débutant accepté,Débutant accepté,,False,,,,,2026-09-05,False,https://candidat.francetravail.fr/offres/recherche/detail/6667434
6692924,M1705,Responsable marketing,Assistant chargé de mission marketing et communication (H/F),,16,16 - Angoulême,commune,CDI,CDI,True,Débutant accepté,Débutant accepté,,False,,,,,2026-09-07,False,https://candidat.francetravail.fr/offres/recherche/detail/6692924
6697462,M1705,Responsable marketing,Alternance - Assistant.e partenariats et mécénat F/H - Amnesty International France,Amnesty International France,75,75 - Paris 19e Arrondissement,commune,CDD,CDD,True,Débutant accepté,Débutant accepté,,False,,,,,2026-09-07,False,https://candidat.francetravail.fr/offres/recherche/detail/6697462
6742260,M1705,Responsable marketing,Responsable marketing (H/F),ATOUT TRAVAIL TEMPORAIRE,69,69 - Lyon 5e Arrondissement,commune,CDI,CDI,True,Débutant accepté,Débutant accepté,,False,Annuel de 35000.0 Euros à 40000.0 Euros - De 35000 à 40000 € (Euros) par an,Annuel,35000,40000,2026-09-09,False,https://candidat.francetravail.fr/offres/recherche/detail/6742260
6766042,M1705,Responsable marketing,Alternance Chargé(e) de Communication et Marketing - Nice (H/F),ISCOD,06,06 - Nice,commune,CDD,CDD,True,1 An(s),1 an,,False,,,,,2026-09-09,False,https://candidat.francetravail.fr/offres/recherche/detail/6766042
6774589,M1705,Responsable marketing,Consultant(e) CRM (F/H),COFIDIS,59,59 - Villeneuve-d'Ascq,commune,CDI,CDI,True,5 An(s),5 ans,,False,"Annuel de 35000.0 Euros à 40000.0 Euros - Participation, intéressement...",Annuel,35000,40000,2026-09-09,False,https://candidat.francetravail.fr/offres/recherche/detail/6774589
6796509,M1705,Responsable marketing,Chargé / Chargée de projet marketing (11849) (H/F),Fuchs lubrifiant France,92,92 - Nanterre,commune,CDD,CDD,True,Débutant accepté,Débutant accepté,,False,,,,,2026-09-10,False,https://candidat.francetravail.fr/offres/recherche/detail/6796509
6799864,M1705,Responsable marketing,Alternance Chargé(e) commercial - Paris (F/H),,75,75 - Paris,commune,CDD,CDD,True,Débutant accepté,Débutant accepté,,False,,,,,2026-09-10,False,https://candidat.francetravail.fr/offres/recherche/detail/6799864
6826360,M1705,Responsable marketing,Responsable D'affaires H/f (H/F),,76,76 - Massy,commune,CDI,CDI,True,Débutant accepté,Débutant accepté,,False,,,,,2026-09-11,False,https://candidat.francetravail.fr/offres/recherche/detail/6826360
6846733,M1705,Responsable marketing,Alternance - Business Manager H/F,,06,06 - Carros,commune,CDD,CDD,True,Débutant accepté,Débutant accepté,,False,,,,,2026-09-12,False,https://candidat.francetravail.fr/offres/recherche/detail/6846733
6847915,M1705,Responsable marketing,Alternance Chargé(e) Marketing - Paris (F/H),,75,75 - Paris,commune,CDD,CDD,True,Débutant accepté,Débutant accepté,,False,,,,,2026-09-12,False,https://candidat.francetravail.fr/offres/recherche/detail/6847915
6863168,M1705,Responsable marketing,Alternance Chargé(e) Marketing - Paris (H/F),ISCOD,75,75 - Paris 9e Arrondissement,commune,CDD,CDD,True,1 An(s),1 an,,False,,,,,2026-09-14,False,https://candidat.francetravail.fr/offres/recherche/detail/6863168
6894516,M1705,Responsable marketing,Chargé de marketing (H/F),,75,75 - Paris 9e Arrondissement,commune,Intérim,MIS,True,3 An(s),3 ans,,True,Annuel de 42000.0 Euros à 48000.0 Euros,Annuel,42000,48000,2026-09-15,False,https://candidat.francetravail.fr/offres/recherche/detail/6894516
6896213,M1705,Responsable marketing,Responsable d'Affaires H/F,,08,08 - Lumes,commune,CDI,CDI,True,Débutant accepté,Débutant accepté,,False,,,,,2026-09-15,False,https://candidat.francetravail.fr/offres/recherche/detail/6896213
6896270,M1705,Responsable marketing,Responsable d'Affaires H/F,,51,51 - Reims,commune,CDI,CDI,True,Débutant accepté,Débutant accepté,,False,,,,,2026-09-15,False,https://candidat.francetravail.fr/offres/recherche/detail/6896270
6910717,M1705,Responsable marketing,Chargé de marketing (H/F),LECLERC VOYAGES,94,94 - Ivry-sur-Seine,commune,CDI,CDI,True,3 An(s),3 ans,,False,,,,,2026-09-16,False,https://candidat.francetravail.fr/offres/recherche/detail/6910717
6927864,M1705,Responsable marketing,Alternance Chargé de communication & marketing - Nice (H/F),ISCOD,06,06 - Nice,commune,CDD,CDD,True,1 An(s),1 an,,False,,,,,2026-09-16,False,https://candidat.francetravail.fr/offres/recherche/detail/6927864
6928162,M1705,Responsable marketing,COORDINATEUR MARKETING #ADE15475 (H/F),Adecco Guyane,97,973 - Cayenne,commune,CDI,CDI,True,1 An(s),1 an,,False,,,,,2026-09-16,False,https://candidat.francetravail.fr/offres/recherche/detail/6928162
6928174,M1705,Responsable marketing,COORDINATEUR MARKETING #ADE15475 (H/F),Adecco Guyane,97,973 - Matoury,commune,CDI,CDI,True,1 An(s),1 an,,False,,,,,2026-09-16,False,https://candidat.francetravail.fr/offres/recherche/detail/6928174
6995198,M1705,Responsable marketing,Chef de Projet / Account Manager -  PLV Luxe (H/F),Talents Commerciaux,78,78 - Mureaux,commune,CDI,CDI,True,2 An(s),2 ans,,False,Annuel de 35000.0 Euros à 45000.0 Euros - RTT-primes-VF,Annuel,35000,45000,2026-09-18,False,https://candidat.francetravail.fr/offres/recherche/detail/6995198
6997335,M1705,Responsable marketing,Responsable de partenariat Mobilité (F/H),MACIF,92,92 - Issy-les-Moulineaux,commune,CDI,CDI,True,2 An(s),2 ans,,False,Annuel de 55000.0 Euros à 60000.0 Euros - intéressement/participation/CSE ,Annuel,55000,60000,2026-09-18,False,https://candidat.francetravail.fr/offres/recherche/detail/6997335
7006162,M1705,Responsable marketing,Chargé(e) de Marketing Terrain - Foodservice (H/F),GR INTERIM & RECRUTEMENT,75,75 - Paris 1er Arrondissement,commune,CDD,CDD,True,1 An(s),1 an,,False,"Horaire de 13.0 Euros à 16.0 Euros - ticket restaurant, transport, etc",Horaire,20891,25712,2026-09-18,False,https://candidat.francetravail.fr/offres/recherche/detail/7006162
7006676,M1705,Responsable marketing,Chargé de projets Marketing & Digital H/F,Groupe Merling,17,17 - Périgny,commune,CDI,CDI,True,Débutant accepté,Débutant accepté,,False,Mensuel de 1900.0 Euros,Mensuel,22800,22800,2026-09-18,False,https://candidat.francetravail.fr/offres/recherche/detail/7006676
7014595,M1705,Responsable marketing,Responsable marketing (H/F),,75,75 - Paris 9e Arrondissement,commune,CDI,CDI,True,6 An(s),6 ans et plus,,False,Annuel de 80000.0 Euros à 90000.0 Euros,Annuel,80000,90000,2026-09-19,False,https://candidat.francetravail.fr/offres/recherche/detail/7014595
7033244,M1705,Responsable marketing,Responsable d'Affaires (H/F),,71,71 - Autun,commune,CDI,CDI,True,Débutant accepté,Débutant accepté,,False,,,,,2026-09-19,False,https://candidat.francetravail.fr/offres/recherche/detail/7033244
7053322,M1705,Responsable marketing,Alternance Chargé de marketing et communication - Pontault-Combault (H/F),ISCOD,77,77 - Pontault-Combault,commune,CDD,CDD,True,1 An(s),1 an,,False,,,,,2026-09-21,False,https://candidat.francetravail.fr/offres/recherche/detail/7053322
7066946,M1705,Responsable marketing,AGRI-ETHIQUE - Chargé / Chargée d'affiliation et de partenariats web (H/F),AGRI-ETHIQUE,85,85 - Roche-sur-Yon,commune,CDI,CDI,True,2 An(s),2 ans,,True,,,,,2026-09-21,False,https://candidat.francetravail.fr/offres/recherche/detail/7066946
7068663,M1705,Responsable marketing,Chargé de marketing (H/F),IMPARARE,45,45 - Orléans,commune,CDD,CDD,True,1 An(s),1 an,,False,Mensuel de 800.0 Euros à 1800.0 Euros,Mensuel,9600,21600,2026-09-22,False,https://candidat.francetravail.fr/offres/recherche/detail/7068663
7071596,M1705,Responsable marketing,Responsable marketing (H/F),AMP,34,34 - Clapiers,commune,CDI,CDI,True,Débutant accepté,Débutant accepté,,False,,,,,2026-09-22,False,https://candidat.francetravail.fr/offres/recherche/detail/7071596
7091273,M1705,Responsable marketing,Gestionnaire ADV & Commercial (H/F),TAM Recrutement,69,69 - Lyon 1er Arrondissement,commune,CDI,CDI,True,3 An(s),3 ans,,False,Annuel de 25000.0 Euros à 40000.0 Euros,Annuel,25000,40000,2026-09-22,False,https://candidat.francetravail.fr/offres/recherche/detail/7091273
7100665,M1705,Responsable marketing,Assistant Pôle Partenariats/Dev  - Stage (H/F),CCM Benchmark,75,75 - Paris 9e Arrondissement,commune,CDD,CDD,True,1 An(s),1 an,,False,"Annuel de 5000.0 Euros à 10000.0 Euros - CSE, TR",Annuel,5000,10000,2026-09-22,False,https://candidat.francetravail.fr/offres/recherche/detail/7100665
7103301,M1705,Responsable marketing,Elsan - Chargé / Chargée de projet marketing (H/F),Elsan,54,54 - Nancy,commune,CDI,CDI,True,Débutant accepté,Débutant accepté,,False,,,,,2026-09-22,False,https://candidat.francetravail.fr/offres/recherche/detail/7103301
7105198,M1705,Responsable marketing,Chargé de marketing (H/F),IMPARARE,,Île-de-France,aucune,CDD,CDD,True,1 An(s),1 an,,False,Mensuel de 799.0 Euros à 1800.0 Euros,Mensuel,9588,21600,2026-09-23,False,https://candidat.francetravail.fr/offres/recherche/detail/7105198
7149182,M1705,Responsable marketing,CHARGE DE PROJET INFLUENCE H/F/NB,NRJ GROUP,75,75 - Paris 16e Arrondissement,commune,CDD,CDD,True,2 An(s),2 ans,,True,,,,,2026-09-23,False,https://candidat.francetravail.fr/offres/recherche/detail/7149182
7152286,M1705,Responsable marketing,Expert Marketing stratégique et opérationnel H/F,Hays France,30,30 - Nîmes,commune,CDD,CDD,True,10 An(s),6 ans et plus,,False,Annuel de 45000.0 Euros à 48000.0 Euros,Annuel,45000,48000,2026-09-24,False,https://candidat.francetravail.fr/offres/recherche/detail/7152286
7162150,M1705,Responsable marketing,Responsable marketing (H/F),,51,51 - Reims,commune,CDI,CDI,True,3 An(s),3 ans,,False,,,,,2026-09-24,False,https://candidat.francetravail.fr/offres/recherche/detail/7162150
7162717,M1705,Responsable marketing,CHARGE DE MARKETING (H/F),LTd,94,94 - Ivry-sur-Seine,commune,Intérim,MIS,True,2 An(s),2 ans,,False,,,,,2026-09-24,False,https://candidat.francetravail.fr/offres/recherche/detail/7162717
7163009,M1705,Responsable marketing,Alternance Chargé.e de Marketing et Communication - Avignon (H/F),ISCOD,84,84 - Avignon,commune,CDD,CDD,True,1 An(s),1 an,,False,,,,,2026-09-24,False,https://candidat.francetravail.fr/offres/recherche/detail/7163009
7163039,M1705,Responsable marketing,Alternance Chargé.e de Marketing & Communication - Montpellier (H/F),ISCOD,34,34 - Montpellier,commune,CDD,CDD,True,1 An(s),1 an,,False,,,,,2026-09-24,False,https://candidat.francetravail.fr/offres/recherche/detail/7163039
7163779,M1705,Responsable marketing,Chef de Projet Marketing Senior H/F,,75,75 - Paris,commune,CDI,CDI,True,Débutant accepté,Débutant accepté,,False,,,,,2026-09-24,False,https://candidat.francetravail.fr/offres/recherche/detail/7163779
7164106,M1705,Responsable marketing,Business Manager (F/H),,44,44 - Nantes,commune,CDI,CDI,True,Débutant accepté,Débutant accepté,,False,,,,,2026-09-24,False,https://candidat.francetravail.fr/offres/recherche/detail/7164106
7347393,M1705,Responsable marketing,Responsable marketing (H/F),PARKER INTERIM,89,89 - Gron,commune,CDD,CDD,True,3 An(s),3 ans,,False,,,,,2026-09-25,False,https://candidat.francetravail.fr/offres/recherche/detail/7347393
7350069,M1705,Responsable marketing,Responsable marketing offre (H/F),COVEA COOPERATIONS,75,75 - Paris 9e Arrondissement,commune,CDI,CDI,True,3 An(s),3 ans,,True,,,,,2026-09-25,False,https://candidat.francetravail.fr/offres/recherche/detail/7350069
7378586,M1705,Responsable marketing,Chargé de projet marketing f/h (H/F),,31,31 - Labège,commune,Intérim,MIS,True,Expérience exigée,"Exigée, sans durée",,False,,,,,2026-09-25,False,https://candidat.francetravail.fr/offres/recherche/detail/7378586
7379851,M1705,Responsable marketing,Responsable Marketing (H/F),,67,67 - Strasbourg,commune,CDI,CDI,True,Débutant accepté,Débutant accepté,,False,Annuel de 40000.0 Euros à 50000.0 Euros,Annuel,40000,50000,2026-09-25,False,https://candidat.francetravail.fr/offres/recherche/detail/7379851
7380979,M1705,Responsable marketing,Alternance Chargé de marketing hôtelier - Paris (H/F),ISCOD,75,75 - Paris 17e Arrondissement,commune,CDD,CDD,True,1 An(s),1 an,,False,,,,,2026-09-25,False,https://candidat.francetravail.fr/offres/recherche/detail/7380979
7381011,M1705,Responsable marketing,Alternance Chargé-e de partenariats - Bièvres (H/F),ISCOD,91,91 - Bièvres,commune,CDD,CDD,True,1 An(s),1 an,,False,,,,,2026-09-25,False,https://candidat.francetravail.fr/offres/recherche/detail/7381011
7398232,M1705,Responsable marketing,RESPONSABLE GROWTH MARKETING ET ACQUISITION - H/F,Pleyce,07,07 - Saint-Agrève,commune,CDI,CDI,True,2 An(s),2 ans,,False,,,,,2026-09-25,False,https://candidat.francetravail.fr/offres/recherche/detail/7398232
7398633,M1705,Responsable marketing,CHARGÉ(E) TRADE MARKETING - H/F,MICROMANIA ZING,06,06 - Valbonne,commune,CDI,CDI,True,1 An(s),1 an,,False,,,,,2026-09-25,False,https://candidat.francetravail.fr/offres/recherche/detail/7398633
7406863,M1705,Responsable marketing,Chargé de projet média - (H/F),Forums Talents Handicap,75,75 - Paris 1er Arrondissement,commune,Intérim,MIS,True,Débutant accepté,Débutant accepté,,False,,,,,2026-09-26,False,https://candidat.francetravail.fr/offres/recherche/detail/7406863
7423192,M1705,Responsable marketing,Responsable D'affaires H/f (H/F),,77,77 - Champagne-sur-Seine,commune,CDI,CDI,True,Débutant accepté,Débutant accepté,,False,,,,,2026-09-26,False,https://candidat.francetravail.fr/offres/recherche/detail/7423192
7423196,M1705,Responsable marketing,Responsable D'affaires H/f (H/F),,94,94 - Saint-Maur-des-Fossés,commune,CDI,CDI,True,Débutant accepté,Débutant accepté,,False,,,,,2026-09-26,False,https://candidat.francetravail.fr/offres/recherche/detail/7423196
7425976,M1705,Responsable marketing,Chargé(e) / Chargé de modélisation et pilotage marketing H/F,,75,75 - Paris,commune,CDI,CDI,True,Débutant accepté,Débutant accepté,,False,,,,,2026-09-26,False,https://candidat.francetravail.fr/offres/recherche/detail/7425976
7425979,M1705,Responsable marketing,Chargé(e) / Chargé de planification et développement marketing H/F,,75,75 - Paris,commune,CDI,CDI,True,Débutant accepté,Débutant accepté,,False,,,,,2026-09-26,False,https://candidat.francetravail.fr/offres/recherche/detail/7425979
7431077,M1705,Responsable marketing,CHARGÉ DE MARKETING OPÉRATIONNEL - H/F,CPAM de la Sarthe,72,72 - Mans,commune,CDD,CDD,True,Débutant accepté,Débutant accepté,,False,Mensuel de 1917.0 Euros à 2002.0 Euros,Mensuel,23004,24024,2026-09-26,False,https://candidat.francetravail.fr/offres/recherche/detail/7431077
7436346,M1705,Responsable marketing,ALTERNANCE - Chargé de Marketing Opérationnel F/H,,92,92 - Saint-Cloud,commune,CDD,CDD,True,Débutant accepté,Débutant accepté,,False,,,,,2026-09-27,False,https://candidat.francetravail.fr/offres/recherche/detail/7436346
7471721,M1705,Responsable marketing,Responsable marketing (H/F),,22,22 - Côtes-d'Armor,departement,CDI,CDI,True,5 An(s),5 ans,,False,,,,,2026-09-28,False,https://candidat.francetravail.fr/offres/recherche/detail/7471721
7471769,M1705,Responsable marketing,Responsable marketing (H/F),,26,26 - Drôme,departement,CDI,CDI,True,5 An(s),5 ans,,False,Annuel de 45000.0 Euros à 65000.0 Euros - 13ème mois,Annuel,45000,65000,2026-09-28,False,https://candidat.francetravail.fr/offres/recherche/detail/7471769
7472435,M1705,Responsable marketing,Chargé Growth Marketing (H/F),,69,69 - Albigny-sur-Saône,commune,CDI,CDI,True,Débutant accepté,Débutant accepté,,True,,,,,2026-09-28,False,https://candidat.francetravail.fr/offres/recherche/detail/7472435
7487887,M1705,Responsable marketing,Chiffreur deviseur TCE & Agencement H/F,Temporis BTP Caen,14,14 - Verson,commune,CDI,CDI,True,2 An(s),2 ans,,False,,,,,2026-09-29,False,https://candidat.francetravail.fr/offres/recherche/detail/7487887
208SDYZ,M1706,Chef(fe) de promotion des ventes,Promoteur des Ventes Retail SDO Rasage H/F,PROCTER & GAMBLE FRANCE,57,57 - METZ ,offre,CDI,CDI,True,1 An(s),1 an,Bac+2,False,Annuel de 27400.00 Euros sur 12 mois,Annuel,27400,27400,2026-05-26,False,https://candidat.francetravail.fr/offres/recherche/detail/208SDYZ
210VSCX,M1706,Chef(fe) de promotion des ventes,Responsable de point de vente (f/h) (H/F),CEDEO,44,44 - Savenay,offre,CDI,CDI,True,3 An(s),3 ans,,False,Annuel de 22404.2 Euros,Annuel,22404,22404,2026-07-07,False,https://candidat.francetravail.fr/offres/recherche/detail/210VSCX
211YRWR,M1706,Chef(fe) de promotion des ventes,Directeur commercial matériel de chantier BTP (H/F),SRECRUTEMENT,94,94 - Créteil,offre,CDI,CDI,True,4 An(s),4 ans,Bac+2,False,Annuel de 74000.0 Euros à 78000.0 Euros,Annuel,74000,78000,2026-08-01,False,https://candidat.francetravail.fr/offres/recherche/detail/211YRWR
212CNYZ,M1706,Chef(fe) de promotion des ventes,Promoteur / Promotrice des ventes,JARDINS DU MIDI,69,69 - Lyon,commune,CDD,CDD,True,6 Mois,Moins d'un an,,False,Mensuel de 1950.0 Euros - +primes sur objectifs,Mensuel,23400,23400,2026-08-05,False,https://candidat.francetravail.fr/offres/recherche/detail/212CNYZ
212DMDC,M1706,Chef(fe) de promotion des ventes,Conseiller(e) dévelop.commercial/marché public auprès entreprises (H/F),CCIL OISE BEAUVAIS / LAHO OISE,60,60 - COMPIEGNE,offre,CDD,CDD,True,2 An(s),2 ans,Bac+3/4,False,,,,,2026-08-06,False,https://candidat.francetravail.fr/offres/recherche/detail/212DMDC
213GBQR,M1706,Chef(fe) de promotion des ventes,PROMOTEUR DES VENTES (H/F),SAINT BERNARD,,Bretagne,aucune,CDI,CDI,True,Débutant accepté,Débutant accepté,,False,Annuel de 23000.0 Euros à 27000.0 Euros sur 12 mois,Annuel,23000,27000,2026-09-01,False,https://candidat.francetravail.fr/offres/recherche/detail/213GBQR
213HGDQ,M1706,Chef(fe) de promotion des ventes,Promoteur / Promotrice des ventes - Metz (H/F),GENERAL MILLS FRANCE,57,57 - METZ,offre,CDI,CDI,True,1 An(s),1 an,,False,Annuel de 23800.0 Euros sur 12 mois,Annuel,23800,23800,2026-09-02,False,https://candidat.francetravail.fr/offres/recherche/detail/213HGDQ
213HGHG,M1706,Chef(fe) de promotion des ventes,Promoteur / Promotrice des ventes - Belfort (H/F),GENERAL MILLS FRANCE,90,90 - Belfort,offre,CDI,CDI,True,1 An(s),1 an,,False,Annuel de 23800.0 Euros sur 12 mois,Annuel,23800,23800,2026-09-02,False,https://candidat.francetravail.fr/offres/recherche/detail/213HGHG
213MDQK,M1706,Chef(fe) de promotion des ventes,Promoteur / Promotrice des ventes (H/F),MELITTA FRANCE,44,44 - Nantes,offre,CDI,CDI,True,2 An(s),2 ans,,False,Mensuel de 2000.0 Euros à 2220.0 Euros - VARIABLES SELON OBJECTIFS / 13EME MOIS,Mensuel,24000,26640,2026-09-07,False,https://candidat.francetravail.fr/offres/recherche/detail/213MDQK
213ZCHH,M1706,Chef(fe) de promotion des ventes,Promoteur / Promotrice des ventes - Toulon (H/F),GENERAL MILLS FRANCE,83,83 - Toulon,offre,CDI,CDI,True,1 An(s),1 an,,False,Annuel de 23800.0 Euros,Annuel,23800,23800,2026-09-17,False,https://candidat.francetravail.fr/offres/recherche/detail/213ZCHH
213ZHZK,M1706,Chef(fe) de promotion des ventes,Promoteur/trice des Ventes - PARIS SUD (H/F),CRYSTAL,92,92 - Colombes,offre,CDI,CDI,True,Débutant accepté,Débutant accepté,,False,Mensuel de 1875.0 Euros à 1900.0 Euros,Mensuel,22500,22800,2026-09-17,False,https://candidat.francetravail.fr/offres/recherche/detail/213ZHZK
214BFLN,M1706,Chef(fe) de promotion des ventes,PROMOTEUR DES VENTES H/F (H/F),AZUR PROMOTION,54,54 - Nancy,offre,CDD,CDD,True,Débutant accepté,Débutant accepté,Bac+2,False,Annuel de 22405.0 Euros à 26000.0 Euros - OUI,Annuel,22405,26000,2026-09-17,False,https://candidat.francetravail.fr/offres/recherche/detail/214BFLN
214GYGC,M1706,Chef(fe) de promotion des ventes,Responsable Promotion Post-Bac (F/H) (H/F),KEDGE BS,75,75 - PARIS,offre,CDI,CDI,True,2 An(s),2 ans,,False,Annuel de 51000.0 Euros à 54000.0 Euros - Prime et variable,Annuel,51000,54000,2026-09-23,False,https://candidat.francetravail.fr/offres/recherche/detail/214GYGC
214JKQP,M1706,Chef(fe) de promotion des ventes,Chargé(e) de communication et développement des ventes (H/F),MCB,75,75 - PARIS,offre,CDI,CDI,True,1 An(s),1 an,Bac,False,Mensuel de 2100.0 Euros à 2300.0 Euros,Mensuel,25200,27600,2026-09-24,False,https://candidat.francetravail.fr/offres/recherche/detail/214JKQP
214KJTQ,M1706,Chef(fe) de promotion des ventes,Promoteur des Ventes H/F (H/F),FDG GROUP,05,05 - Gap,offre,CDD,CDD,True,Débutant accepté,Débutant accepté,,False,Mensuel de 1868.0 Euros à 2100.0 Euros,Mensuel,22416,25200,2026-09-25,False,https://candidat.francetravail.fr/offres/recherche/detail/214KJTQ
214KSHD,M1706,Chef(fe) de promotion des ventes,Commercial sédentaire / télévendeur pharmacie (h/f) (H/F),IZIWORK,92,92 - Boulogne-Billancourt,offre,Intérim,MIS,True,2 An(s),2 ans,,False,Mensuel de 1868.0 Euros,Mensuel,22416,22416,2026-09-25,False,https://candidat.francetravail.fr/offres/recherche/detail/214KSHD
214LPYF,M1706,Chef(fe) de promotion des ventes,Chef / Cheffe de promotion des ventes (H/F),LIDL,92,92 - CHATENAY MALABRY,offre,CDD,CDD,True,1 An(s),1 an,Bac+5,True,Mensuel de 3406.0 Euros,Mensuel,40872,40872,2026-09-28,False,https://candidat.francetravail.fr/offres/recherche/detail/214LPYF
4570664,M1706,Chef(fe) de promotion des ventes,Frontend Engineer - Ecomm Pricing & Promotions (f/m/d) H/F,,59,59 - Villeneuve-d'Ascq,commune,CDI,CDI,True,Débutant accepté,Débutant accepté,,True,,,,,2026-07-04,False,https://candidat.francetravail.fr/offres/recherche/detail/4570664
5113339,M1706,Chef(fe) de promotion des ventes,Responsable des ventes magasin équipement de la maison H/F,Dhova,61,61 - Cerisé,offre,CDI,CDI,True,5 An(s),5 ans,,False,,,,,2026-07-18,False,https://candidat.francetravail.fr/offres/recherche/detail/5113339
5555956,M1706,Chef(fe) de promotion des ventes,Engineering Manager - BCP Pricing Promotion (f/m/d) H/F,,59,59 - Villeneuve-d'Ascq,commune,CDI,CDI,True,Débutant accepté,Débutant accepté,,False,,,,,2026-07-29,False,https://candidat.francetravail.fr/offres/recherche/detail/5555956
5587224,M1706,Chef(fe) de promotion des ventes,Alternance Chargé de prospection commerciale - Nantes (F/H),,44,44 - Nantes,commune,CDD,CDD,True,Débutant accepté,Débutant accepté,,False,,,,,2026-07-30,False,https://candidat.francetravail.fr/offres/recherche/detail/5587224
5587258,M1706,Chef(fe) de promotion des ventes,Alternance Chargé de Développement Commercial / Vendeur - Lyon (F/H),,69,69 - Lyon,commune,CDD,CDD,True,Débutant accepté,Débutant accepté,,False,,,,,2026-07-30,False,https://candidat.francetravail.fr/offres/recherche/detail/5587258
6269698,M1706,Chef(fe) de promotion des ventes,Promoteur / Promoteur(trice) des ventes H/F,,25,25 - Besançon,commune,Intérim,MIS,True,Débutant accepté,Débutant accepté,,False,,,,,2026-08-25,False,https://candidat.francetravail.fr/offres/recherche/detail/6269698
6269720,M1706,Chef(fe) de promotion des ventes,Promoteur / Promoteur(trice) des ventes H/F,,70,70 - Gray,commune,Intérim,MIS,True,Débutant accepté,Débutant accepté,,False,,,,,2026-08-25,False,https://candidat.francetravail.fr/offres/recherche/detail/6269720
6269727,M1706,Chef(fe) de promotion des ventes,Promoteur / Promoteur(trice) des ventes H/F,,25,25 - Pontarlier,commune,Intérim,MIS,True,Débutant accepté,Débutant accepté,,False,,,,,2026-08-25,False,https://candidat.francetravail.fr/offres/recherche/detail/6269727
6269734,M1706,Chef(fe) de promotion des ventes,Promoteur / Promoteur(trice) des ventes H/F,,39,39 - Salins-les-Bains,commune,Intérim,MIS,True,Débutant accepté,Débutant accepté,,False,,,,,2026-08-25,False,https://candidat.francetravail.fr/offres/recherche/detail/6269734
6347466,M1706,Chef(fe) de promotion des ventes,Chargé de commercialisation F/H H/F,,75,75 - Paris,commune,CDI,CDI,True,Débutant accepté,Débutant accepté,,False,,,,,2026-08-27,False,https://candidat.francetravail.fr/offres/recherche/detail/6347466
6382025,M1706,Chef(fe) de promotion des ventes,Alternance Account manager - Business Development en alternance - Paris (H/F),ISCOD,75,75 - Paris 8e Arrondissement,commune,CDD,CDD,True,1 An(s),1 an,,False,,,,,2026-08-28,False,https://candidat.francetravail.fr/offres/recherche/detail/6382025
6425112,M1706,Chef(fe) de promotion des ventes,Ingénieur d'affaires / Business manager (H/F),Eng'IN Technologies,06,06 - Cannes,commune,CDI,CDI,True,2 An(s),2 ans,,False,,,,,2026-08-30,False,https://candidat.francetravail.fr/offres/recherche/detail/6425112
6433888,M1706,Chef(fe) de promotion des ventes,Ingénieur / Ingénieure de promotion des ventes (H/F),,13,13 - Bouches-du-Rhône,departement,CDI,CDI,True,Débutant accepté,Débutant accepté,,False,,,,,2026-08-30,False,https://candidat.francetravail.fr/offres/recherche/detail/6433888
6498906,M1706,Chef(fe) de promotion des ventes,Promoteur des ventes F/H - CONSERVERIE CHANCERELLE,CONSERVERIE CHANCERELLE,75,75 - Paris,commune,CDI,CDI,True,1 An(s),1 an,,False,Annuel de 31700.0 Euros à 35100.0 Euros,Annuel,31700,35100,2026-09-01,False,https://candidat.francetravail.fr/offres/recherche/detail/6498906
6506087,M1706,Chef(fe) de promotion des ventes,Promoteur / Promotrice des ventes (H/F),CONSERVERIE CHANCERELLE,75,75 - Paris 9e Arrondissement,commune,CDI,CDI,True,Débutant accepté,Débutant accepté,,False,Annuel de 31700.0 Euros à 35100.0 Euros,Annuel,31700,35100,2026-09-02,False,https://candidat.francetravail.fr/offres/recherche/detail/6506087
6568895,M1706,Chef(fe) de promotion des ventes,Promoteur opérationnel / segment combat sur hélicoptères militaires (h/f) (H/F),,13,13 - Marseille,commune,CDI,CDI,True,Expérience exigée,"Exigée, sans durée",,False,,,,,2026-09-03,False,https://candidat.francetravail.fr/offres/recherche/detail/6568895
6576373,M1706,Chef(fe) de promotion des ventes,Alternance Technico Commercial - Saint-Laurent-du-Var (F/H),,06,06 - Saint-Laurent-du-Var,commune,CDD,CDD,True,Débutant accepté,Débutant accepté,,False,,,,,2026-09-03,False,https://candidat.francetravail.fr/offres/recherche/detail/6576373
6594755,M1706,Chef(fe) de promotion des ventes,Promoteur des Ventes Itinérant (H/F),DLSI,75,75 - Paris 9e Arrondissement,commune,CDI,CDI,True,1 An(s),1 an,,False,Annuel de 42000.0 Euros à 50000.0 Euros,Annuel,42000,50000,2026-09-04,False,https://candidat.francetravail.fr/offres/recherche/detail/6594755
6667923,M1706,Chef(fe) de promotion des ventes,Ingénieur des ventes - Secteur 59/62 (H/F/D),,60,60 - Beauvais,commune,CDI,CDI,True,Débutant accepté,Débutant accepté,,False,,,,,2026-09-05,False,https://candidat.francetravail.fr/offres/recherche/detail/6667923
6682592,M1706,Chef(fe) de promotion des ventes,Alternance Bachelor - Chargé de Communication & Conseiller de Vente H/F,,35,35 - Cesson-Sévigné,commune,CDD,CDD,True,Débutant accepté,Débutant accepté,,False,,,,,2026-09-06,False,https://candidat.francetravail.fr/offres/recherche/detail/6682592
6727628,M1706,Chef(fe) de promotion des ventes,Business Manager ESN secteur Energie/ Industrie (H/F),Red Hot Talents,75,75 - Paris 1er Arrondissement,commune,CDI,CDI,True,2 An(s),2 ans,,False,,,,,2026-09-08,False,https://candidat.francetravail.fr/offres/recherche/detail/6727628
6727642,M1706,Chef(fe) de promotion des ventes,Business manager LILLE (H/F),Red Hot Talents,59,59 - Lille,commune,CDI,CDI,True,2 An(s),2 ans,,False,,,,,2026-09-08,False,https://candidat.francetravail.fr/offres/recherche/detail/6727642
6727656,M1706,Chef(fe) de promotion des ventes,BUSINESS MANAGER TOULOUSE (H/F),Red Hot Talents,31,31 - Toulouse,commune,CDI,CDI,True,2 An(s),2 ans,,False,,,,,2026-09-08,False,https://candidat.francetravail.fr/offres/recherche/detail/6727656
6727683,M1706,Chef(fe) de promotion des ventes,BUSINESS UNIT DIRECTOR ESN (H/F),Red Hot Talents,75,75 - Paris 1er Arrondissement,commune,CDI,CDI,True,5 An(s),5 ans,,False,,,,,2026-09-08,False,https://candidat.francetravail.fr/offres/recherche/detail/6727683
6727709,M1706,Chef(fe) de promotion des ventes,Alternance Business Manager - Puteaux (H/F),ISCOD,92,92 - Puteaux,commune,CDD,CDD,True,1 An(s),1 an,,False,,,,,2026-09-08,False,https://candidat.francetravail.fr/offres/recherche/detail/6727709
6729288,M1706,Chef(fe) de promotion des ventes,Alternance Ingénieur d'affaires - Vitrolles (F/H),,05,05 - Vitrolles,commune,CDD,CDD,True,Débutant accepté,Débutant accepté,,False,,,,,2026-09-08,False,https://candidat.francetravail.fr/offres/recherche/detail/6729288
6740420,M1706,Chef(fe) de promotion des ventes,Promoteur des Ventes Itinérant (H/F),OLYDES,71,71 - Mâcon,commune,CDI,CDI,True,3 An(s),3 ans,,False,,,,,2026-09-09,False,https://candidat.francetravail.fr/offres/recherche/detail/6740420
6766090,M1706,Chef(fe) de promotion des ventes,Business Manager Junior (H/F),Equipaj,75,75 - Paris 9e Arrondissement,commune,CDI,CDI,True,2 An(s),2 ans,,False,,,,,2026-09-09,False,https://candidat.francetravail.fr/offres/recherche/detail/6766090
6797704,M1706,Chef(fe) de promotion des ventes,Business Manager Industrie (H/F),PARLYM,64,64 - Pau,commune,CDI,CDI,True,2 An(s),2 ans,,False,,,,,2026-09-10,False,https://candidat.francetravail.fr/offres/recherche/detail/6797704
6845848,M1706,Chef(fe) de promotion des ventes,Business Manager Confirmé(e) - Cybersécurité (H/F),Equipaj,31,31 - Toulouse,commune,CDI,CDI,True,2 An(s),2 ans,,False,,,,,2026-09-12,False,https://candidat.francetravail.fr/offres/recherche/detail/6845848
6846303,M1706,Chef(fe) de promotion des ventes,Business Manager nucléaire (H/F),PARLYM,92,92 - Rueil-Malmaison,commune,CDI,CDI,True,2 An(s),2 ans,,False,,,,,2026-09-12,False,https://candidat.francetravail.fr/offres/recherche/detail/6846303
6846410,M1706,Chef(fe) de promotion des ventes,Business // Account Manager Senior (H/F),THOMAS SEARCH CONSULTING,69,69 - Lyon 1er Arrondissement,commune,CDI,CDI,True,2 An(s),2 ans,,False,,,,,2026-09-12,False,https://candidat.francetravail.fr/offres/recherche/detail/6846410
6846422,M1706,Chef(fe) de promotion des ventes,Business Manager junior - Conseil en architecture (H/F),Equipaj,92,92 - Boulogne-Billancourt,commune,CDI,CDI,True,Débutant accepté,Débutant accepté,,False,,,,,2026-09-12,False,https://candidat.francetravail.fr/offres/recherche/detail/6846422
6846425,M1706,Chef(fe) de promotion des ventes,Business Manager Senior (H/F),THOMAS SEARCH CONSULTING,17,17 - Rochelle,commune,CDI,CDI,True,2 An(s),2 ans,,False,,,,,2026-09-12,False,https://candidat.francetravail.fr/offres/recherche/detail/6846425
6846428,M1706,Chef(fe) de promotion des ventes,Business Manager Junior (H/F),Equipaj,75,75 - Paris 1er Arrondissement,commune,CDI,CDI,True,2 An(s),2 ans,,False,,,,,2026-09-12,False,https://candidat.francetravail.fr/offres/recherche/detail/6846428
6846430,M1706,Chef(fe) de promotion des ventes,Business Manager IT - Lyon (H/F),Red Hot Talents,69,69 - Lyon 1er Arrondissement,commune,CDI,CDI,True,2 An(s),2 ans,,False,,,,,2026-09-12,False,https://candidat.francetravail.fr/offres/recherche/detail/6846430
6846433,M1706,Chef(fe) de promotion des ventes,Business Manager Confirmé(e) (H/F),Equipaj,69,69 - Lyon 1er Arrondissement,commune,CDI,CDI,True,2 An(s),2 ans,,True,,,,,2026-09-12,False,https://candidat.francetravail.fr/offres/recherche/detail/6846433
6846435,M1706,Chef(fe) de promotion des ventes,Business Manager Senior - Banque / Assurance / Finance (H/F),Equipaj,75,75 - Paris 17e Arrondissement,commune,CDI,CDI,True,2 An(s),2 ans,,False,,,,,2026-09-12,False,https://candidat.francetravail.fr/offres/recherche/detail/6846435
6846436,M1706,Chef(fe) de promotion des ventes,Business Manager (H/F),Equipaj,69,69 - Lyon 6e Arrondissement,commune,CDI,CDI,True,2 An(s),2 ans,,False,,,,,2026-09-12,False,https://candidat.francetravail.fr/offres/recherche/detail/6846436
6846452,M1706,Chef(fe) de promotion des ventes,"Business Manager Senior (Energie, BFA) (H/F)",Equipaj,92,92 - Bagneux,commune,CDI,CDI,True,2 An(s),2 ans,,False,,,,,2026-09-12,False,https://candidat.francetravail.fr/offres/recherche/detail/6846452
6911089,M1706,Chef(fe) de promotion des ventes,Promoteur des Ventes Itinérant (H/F),"CHRONOS INTERIM, SOCIETE COOPERATIVE ET ",03,03 - Montluçon,commune,CDI,CDI,True,3 An(s),3 ans,,False,Mensuel de 2000.0 Euros à 5000.0 Euros - repas + voiture de fonction + primes,Mensuel,24000,60000,2026-09-16,False,https://candidat.francetravail.fr/offres/recherche/detail/6911089
6963827,M1706,Chef(fe) de promotion des ventes,Ingénieur d'affaires / Business manager Confirmé (H/F),Act Digital France,78,78 - Versailles,commune,CDI,CDI,True,2 An(s),2 ans,,False,,,,,2026-09-17,False,https://candidat.francetravail.fr/offres/recherche/detail/6963827
7053232,M1706,Chef(fe) de promotion des ventes,Business Development Director (H/F),flowws,75,75 - Paris 9e Arrondissement,commune,CDI,CDI,True,5 An(s),5 ans,,False,,,,,2026-09-21,True,https://candidat.francetravail.fr/offres/recherche/detail/7053232
7053333,M1706,Chef(fe) de promotion des ventes,Alternance Assistant Business Development & Stratégie Digitale - Paris (H/F),ISCOD,75,75 - Paris 11e Arrondissement,commune,CDD,CDD,True,1 An(s),1 an,,False,,,,,2026-09-21,False,https://candidat.francetravail.fr/offres/recherche/detail/7053333
7053667,M1706,Chef(fe) de promotion des ventes,Business Development Director (H/F),flowws,75,75 - Paris 9e Arrondissement,commune,CDI,CDI,True,5 An(s),5 ans,,False,,,,,2026-09-21,True,https://candidat.francetravail.fr/offres/recherche/detail/7053667
7059859,M1706,Chef(fe) de promotion des ventes,Ingénieur Avant-Ventes - PLM (H/F),Forums Talents Handicap,78,78 - Vélizy-Villacoublay,commune,Intérim,MIS,True,Débutant accepté,Débutant accepté,,False,,,,,2026-09-21,False,https://candidat.francetravail.fr/offres/recherche/detail/7059859
7094104,M1706,Chef(fe) de promotion des ventes,Business Development Director (H/F),flowws,75,75 - Paris 9e Arrondissement,commune,CDI,CDI,True,5 An(s),5 ans,,False,,,,,2026-09-22,False,https://candidat.francetravail.fr/offres/recherche/detail/7094104
7112105,M1706,Chef(fe) de promotion des ventes,Promoteur de ventes Pharmacie et Parapharmacie (H/F),LECLERC VOYAGES,28,28 - Châteaudun,commune,CDI,CDI,True,3 An(s),3 ans,,False,,,,,2026-09-23,False,https://candidat.francetravail.fr/offres/recherche/detail/7112105
7132173,M1706,Chef(fe) de promotion des ventes,Ingénieur d'Affaires - Business Manager (H/F),Automatique et Industrie,69,69 - Lyon 1er Arrondissement,commune,CDI,CDI,True,Débutant accepté,Débutant accepté,,False,,,,,2026-09-23,False,https://candidat.francetravail.fr/offres/recherche/detail/7132173
7136673,M1706,Chef(fe) de promotion des ventes,Chargé d'Affaires CVC - Marchés P1 P2 P3 H/F,,54,54 - Nancy,commune,Intérim,MIS,True,Débutant accepté,Débutant accepté,,False,,,,,2026-09-23,False,https://candidat.francetravail.fr/offres/recherche/detail/7136673
7161989,M1706,Chef(fe) de promotion des ventes,Ingénieur / Ingénieure de promotion des ventes (H/F),,63,63 - Puy-de-Dôme,departement,CDI,CDI,True,3 An(s),3 ans,,True,,,,,2026-09-24,False,https://candidat.francetravail.fr/offres/recherche/detail/7161989
7164130,M1706,Chef(fe) de promotion des ventes,Ingénieur Commercial Avant-Vente H/F,,69,69 - Lyon,commune,CDI,CDI,True,Débutant accepté,Débutant accepté,,False,,,,,2026-09-24,False,https://candidat.francetravail.fr/offres/recherche/detail/7164130
7164955,M1706,Chef(fe) de promotion des ventes,ALTERNANCE BTS - VENTE H/F,,83,83 - Garde,commune,CDD,CDD,True,Débutant accepté,Débutant accepté,,False,,,,,2026-09-24,False,https://candidat.francetravail.fr/offres/recherche/detail/7164955
7378703,M1706,Chef(fe) de promotion des ventes,Trp nouvelle promotion : f/h (H/F),,,Île-de-France,aucune,CDI,CDI,True,Débutant accepté,Débutant accepté,,False,,,,,2026-09-25,False,https://candidat.francetravail.fr/offres/recherche/detail/7378703
7380364,M1706,Chef(fe) de promotion des ventes,Promoteur / Promotrice des ventes (H/F),,44,44 - Nantes,commune,CDI,CDI,True,Débutant accepté,Débutant accepté,,False,,,,,2026-09-25,False,https://candidat.francetravail.fr/offres/recherche/detail/7380364
7381206,M1706,Chef(fe) de promotion des ventes,Responsable Business Unit / Business Manager Senior (H/F),Act Digital France,75,75 - Paris 1er Arrondissement,commune,CDI,CDI,True,5 An(s),5 ans,,False,,,,,2026-09-25,False,https://candidat.francetravail.fr/offres/recherche/detail/7381206
7381207,M1706,Chef(fe) de promotion des ventes,BUSINESS MANAGER LYON (H/F),Red Hot Talents,69,69 - Lyon 1er Arrondissement,commune,CDI,CDI,True,2 An(s),2 ans,,False,,,,,2026-09-25,False,https://candidat.francetravail.fr/offres/recherche/detail/7381207
7381229,M1706,Chef(fe) de promotion des ventes,Business Manager Confirmé(e) / Senior (H/F),Equipaj,75,75 - Paris 16e Arrondissement,commune,CDI,CDI,True,2 An(s),2 ans,,False,,,,,2026-09-25,False,https://candidat.francetravail.fr/offres/recherche/detail/7381229
7381251,M1706,Chef(fe) de promotion des ventes,Consultant Business Development (H/F),KAIHROS CONSULTING,69,69 - Lyon 3e Arrondissement,commune,CDI,CDI,True,5 An(s),5 ans,,False,,,,,2026-09-25,False,https://candidat.francetravail.fr/offres/recherche/detail/7381251
7381261,M1706,Chef(fe) de promotion des ventes,Business Manager Confirmé(e) / Senior (H/F),Equipaj,44,44 - Nantes,commune,CDI,CDI,True,2 An(s),2 ans,,False,,,,,2026-09-25,False,https://candidat.francetravail.fr/offres/recherche/detail/7381261
7381262,M1706,Chef(fe) de promotion des ventes,Business Manager Confirmé(e) / Senior (H/F),Equipaj,69,69 - Lyon 1er Arrondissement,commune,CDI,CDI,True,2 An(s),2 ans,,False,,,,,2026-09-25,False,https://candidat.francetravail.fr/offres/recherche/detail/7381262
7422322,M1706,Chef(fe) de promotion des ventes,Business Manager industrie - Metz (H/F),HIREE,57,57 - Metz,commune,CDI,CDI,True,2 An(s),2 ans,,False,,,,,2026-09-26,False,https://candidat.francetravail.fr/offres/recherche/detail/7422322
7422341,M1706,Chef(fe) de promotion des ventes,Business Manager industrie - Strasbourg (H/F),HIREE,67,67 - Strasbourg,commune,CDI,CDI,True,2 An(s),2 ans,,False,,,,,2026-09-26,False,https://candidat.francetravail.fr/offres/recherche/detail/7422341
7422361,M1706,Chef(fe) de promotion des ventes,Business Manager IT - Lyon (H/F),HIREE,69,69 - Lyon 1er Arrondissement,commune,CDI,CDI,True,2 An(s),2 ans,,False,,,,,2026-09-26,False,https://candidat.francetravail.fr/offres/recherche/detail/7422361
7435489,M1706,Chef(fe) de promotion des ventes,Promoteur de ventes Événementiel et Animations Commerciales (H/F),ELIS,92,92 - Puteaux,commune,CDI,CDI,True,6 An(s),6 ans et plus,,False,,,,,2026-09-27,False,https://candidat.francetravail.fr/offres/recherche/detail/7435489
7435866,M1706,Chef(fe) de promotion des ventes,Promoteur des Ventes Itinérant (H/F),TEMPORIS FUNDATION,85,85 - Bellevigny,commune,CDI,CDI,True,6 An(s),6 ans et plus,,False,Mensuel de 1911.0 Euros - PRIMES,Mensuel,22932,22932,2026-09-27,False,https://candidat.francetravail.fr/offres/recherche/detail/7435866
7465437,M1706,Chef(fe) de promotion des ventes,Responsable de Service Promotion Immobilière - Rennes (35) (H/F),API CONSEIL,35,35 - Rennes,commune,CDI,CDI,True,2 An(s),2 ans,,False,,,,,2026-09-28,False,https://candidat.francetravail.fr/offres/recherche/detail/7465437
7476659,M1706,Chef(fe) de promotion des ventes,Promoteur des Ventes Itinérant (H/F),OXYGENE INTERIM,34,34 - Béziers,commune,CDI,CDI,True,1 An(s),1 an,,False,,,,,2026-09-29,False,https://candidat.francetravail.fr/offres/recherche/detail/7476659
7490505,M1706,Chef(fe) de promotion des ventes,Business manager ingénierie (H/F),Red Hot Talents,75,75 - Paris 1er Arrondissement,commune,CDI,CDI,True,2 An(s),2 ans,,False,,,,,2026-09-29,False,https://candidat.francetravail.fr/offres/recherche/detail/7490505
7490507,M1706,Chef(fe) de promotion des ventes,BUSINESS MANAGER INDUSTRIE/DEFENSE PARIS (H/F),Red Hot Talents,75,75 - Paris 1er Arrondissement,commune,CDI,CDI,True,2 An(s),2 ans,,False,,,,,2026-09-29,False,https://candidat.francetravail.fr/offres/recherche/detail/7490507
7490508,M1706,Chef(fe) de promotion des ventes,Business Development Manager Adobe (H/F),Red Hot Talents,75,75 - Paris 1er Arrondissement,commune,CDI,CDI,True,2 An(s),2 ans,,False,,,,,2026-09-29,False,https://candidat.francetravail.fr/offres/recherche/detail/7490508
7490516,M1706,Chef(fe) de promotion des ventes,Business Manager LUXE RETAIL (H/F),Red Hot Talents,75,75 - Paris 1er Arrondissement,commune,CDI,CDI,True,2 An(s),2 ans,,False,,,,,2026-09-29,False,https://candidat.francetravail.fr/offres/recherche/detail/7490516
7490531,M1706,Chef(fe) de promotion des ventes,Business Manager ESN - CONSEIL & DIGITAL (H/F),Red Hot Talents,75,75 - Paris 1er Arrondissement,commune,CDI,CDI,True,2 An(s),2 ans,,False,,,,,2026-09-29,False,https://candidat.francetravail.fr/offres/recherche/detail/7490531
7490535,M1706,Chef(fe) de promotion des ventes,Business Unit Manager Associé (H/F),Red Hot Talents,31,31 - Toulouse,commune,CDI,CDI,True,2 An(s),2 ans,,False,,,,,2026-09-29,False,https://candidat.francetravail.fr/offres/recherche/detail/7490535
212VKKF,M1711,Directeur(trice) du marketing,Directeur pricing et offre produits (H/F),SWOT CONSEILS RH,26,26 - Livron-sur-Drôme,offre,CDI,CDI,True,8 An(s),6 ans et plus,Bac+5,False,Annuel de 65000.0 Euros à 70000.0 Euros,Annuel,65000,70000,2026-08-24,False,https://candidat.francetravail.fr/offres/recherche/detail/212VKKF
213RPKV,M1711,Directeur(trice) du marketing,Responsable Trade Marketing H/F,ANDROS,46,46 - Biars-sur-Cère,offre,CDI,CDI,True,10 An(s),6 ans et plus,,False,,,,,2026-09-10,False,https://candidat.francetravail.fr/offres/recherche/detail/213RPKV
214CGKL,M1711,Directeur(trice) du marketing,Responsable génériques et marketing(h/f) (H/F),LHH RECRUITMENT SOLUTIONS,92,92 - Gennevilliers,offre,Intérim,MIS,True,5 An(s),5 ans,,False,Annuel de 50000.0 Euros à 60000.0 Euros,Annuel,50000,60000,2026-09-18,False,https://candidat.francetravail.fr/offres/recherche/detail/214CGKL
214HVVM,M1711,Directeur(trice) du marketing,Responsable Marketing Communication B2B (H/F),CHAUMEIL CENTRE FRANCE,63,63 - CLERMONT-FERRAND,offre,CDI,CDI,True,5 An(s),5 ans,,False,Annuel de 42000.0 Euros à 47000.0 Euros - 13.25mois,Annuel,42000,47000,2026-09-23,False,https://candidat.francetravail.fr/offres/recherche/detail/214HVVM
214MDJZ,M1711,Directeur(trice) du marketing,Responsable Marketing B to B - H/F (H/F),SCHMIDT GROUPE,67,67 - Ebersheim,offre,CDI,CDI,True,4 An(s),4 ans,,False,Annuel de 65000.0 Euros à 78000.0 Euros,Annuel,65000,78000,2026-09-28,False,https://candidat.francetravail.fr/offres/recherche/detail/214MDJZ
2944223,M1711,Directeur(trice) du marketing,Brand Content Manager F/H - Catana Group,Catana Group,11,11 - Leucate,offre,CDI,CDI,True,5 An(s),5 ans,,False,,,,,2026-05-22,False,https://candidat.francetravail.fr/offres/recherche/detail/2944223
3874715,M1711,Directeur(trice) du marketing,RESPONSABLE FICHIERS (MERCALYS -SAP) (H/F),,33,33 - Cestas,offre,CDI,CDI,True,Débutant accepté,Débutant accepté,,False,,,,,2026-06-17,False,https://candidat.francetravail.fr/offres/recherche/detail/3874715
5060261,M1711,Directeur(trice) du marketing,Responsable du marketing (H/F),,07,07 - Flaviac,commune,CDI,CDI,True,5 An(s),5 ans,,False,Annuel de 40000.0 Euros à 50000.0 Euros sur 12.0 mois,Annuel,40000,50000,2026-07-16,False,https://candidat.francetravail.fr/offres/recherche/detail/5060261
5083101,M1711,Directeur(trice) du marketing,Directeur Marketing (H/F),,,Île-de-France,aucune,CDI,CDI,True,Expérience exigée,"Exigée, sans durée",,False,,,,,2026-07-17,False,https://candidat.francetravail.fr/offres/recherche/detail/5083101
5083112,M1711,Directeur(trice) du marketing,Directeur Marketing (H/F),,,Pays de la Loire,aucune,CDI,CDI,True,Expérience exigée,"Exigée, sans durée",,False,,,,,2026-07-17,False,https://candidat.francetravail.fr/offres/recherche/detail/5083112
5083113,M1711,Directeur(trice) du marketing,Directeur Marketing (H/F),,,Île-de-France,aucune,CDI,CDI,True,Expérience exigée,"Exigée, sans durée",,False,,,,,2026-07-17,True,https://candidat.francetravail.fr/offres/recherche/detail/5083113
5083118,M1711,Directeur(trice) du marketing,Directeur Marketing (H/F),,,Provence-Alpes-Côte d'Azur,aucune,CDI,CDI,True,Expérience exigée,"Exigée, sans durée",,False,,,,,2026-07-17,False,https://candidat.francetravail.fr/offres/recherche/detail/5083118
5083121,M1711,Directeur(trice) du marketing,Directeur Marketing (H/F),,,Île-de-France,aucune,CDI,CDI,True,Expérience exigée,"Exigée, sans durée",,False,,,,,2026-07-17,True,https://candidat.francetravail.fr/offres/recherche/detail/5083121
5083122,M1711,Directeur(trice) du marketing,Directeur Marketing (H/F),,,Bretagne,aucune,CDI,CDI,True,Expérience exigée,"Exigée, sans durée",,False,,,,,2026-07-17,False,https://candidat.francetravail.fr/offres/recherche/detail/5083122
5083134,M1711,Directeur(trice) du marketing,Directeur Marketing (H/F),,,Île-de-France,aucune,CDI,CDI,True,Expérience exigée,"Exigée, sans durée",,False,,,,,2026-07-17,True,https://candidat.francetravail.fr/offres/recherche/detail/5083134
5083135,M1711,Directeur(trice) du marketing,Directeur Marketing (H/F),,,Île-de-France,aucune,CDI,CDI,True,Expérience exigée,"Exigée, sans durée",,False,,,,,2026-07-17,True,https://candidat.francetravail.fr/offres/recherche/detail/5083135
5083136,M1711,Directeur(trice) du marketing,Directeur Marketing (H/F),,,Île-de-France,aucune,CDI,CDI,True,Expérience exigée,"Exigée, sans durée",,False,,,,,2026-07-17,True,https://candidat.francetravail.fr/offres/recherche/detail/5083136
5117984,M1711,Directeur(trice) du marketing,Responsable du marketing (H/F),,11,11 - Aude,departement,CDI,CDI,True,2 An(s),2 ans,,False,Annuel de 28000.0 Euros à 35000.0 Euros sur 12.0 mois,Annuel,28000,35000,2026-07-18,False,https://candidat.francetravail.fr/offres/recherche/detail/5117984
5516847,M1711,Directeur(trice) du marketing,"Responsable Marketing, Communication et Événementiel F/H - Europe Technologies",Europe Technologies,44,44 - Carquefou,commune,CDI,CDI,True,6 An(s),6 ans et plus,,False,Annuel de 38000.0 Euros à 45000.0 Euros,Annuel,38000,45000,2026-07-28,False,https://candidat.francetravail.fr/offres/recherche/detail/5516847
5522935,M1711,Directeur(trice) du marketing,Directeur Search Marketing Multi-canal (H/F),,69,69 - Écully,commune,CDI,CDI,True,3 An(s),3 ans,,True,Annuel de 29000.0 Euros à 32000.0 Euros - 2 200€ - 2 400€,Annuel,29000,32000,2026-07-29,False,https://candidat.francetravail.fr/offres/recherche/detail/5522935
5698799,M1711,Directeur(trice) du marketing,CHEF DE PROJET MARKETING  H/F,BUBENDORFF VOLET ROULANT SAS,68,68 - Mulhouse,commune,CDI,CDI,True,3 An(s),3 ans,,False,Annuel de 45000.0 Euros à 50000.0 Euros sur 12.0 mois,Annuel,45000,50000,2026-08-05,False,https://candidat.francetravail.fr/offres/recherche/detail/5698799
5698808,M1711,Directeur(trice) du marketing,CHEF DE PROJET MARKETING  H/F,BUBENDORFF VOLET ROULANT SAS,68,68 - Mulhouse,commune,CDI,CDI,True,3 An(s),3 ans,,False,Annuel de 45000.0 Euros à 50000.0 Euros sur 12.0 mois,Annuel,45000,50000,2026-08-05,True,https://candidat.francetravail.fr/offres/recherche/detail/5698808
5715947,M1711,Directeur(trice) du marketing,Directeur / Directrice du marketing (H/F),,83,83 - Var,departement,CDI,CDI,True,10 An(s),6 ans et plus,,True,Annuel de 70000.0 Euros à 75000.0 Euros - Prime,Annuel,70000,75000,2026-08-05,False,https://candidat.francetravail.fr/offres/recherche/detail/5715947
6278413,M1711,Directeur(trice) du marketing,Trade Marketeur (H/F),SPIT,26,26 - Bourg-lès-Valence,commune,CDI,CDI,True,Débutant accepté,Débutant accepté,,False,Annuel de 55000.0 Euros à 60000.0 Euros sur 12.0 mois,Annuel,55000,60000,2026-08-26,False,https://candidat.francetravail.fr/offres/recherche/detail/6278413
6466372,M1711,Directeur(trice) du marketing,Chef(fe) de produits F/H - Biogroupe,Biogroupe,22,22 - Erquy,commune,CDI,CDI,True,3 An(s),3 ans,,False,,,,,2026-08-31,False,https://candidat.francetravail.fr/offres/recherche/detail/6466372
6530168,M1711,Directeur(trice) du marketing,CHEF DE GROUPE MARKETING H/F,HC RESOURCES,71,71 - Branges,commune,CDI,CDI,True,5 An(s),5 ans,,False,,,,,2026-09-02,False,https://candidat.francetravail.fr/offres/recherche/detail/6530168
6673117,M1711,Directeur(trice) du marketing,ALTERNANCE ASSISTANT CHEF DE PRODUIT PROBIOLOG - H/F,MAYOLY,92,92 - Rueil-Malmaison,commune,CDD,CDD,True,Débutant accepté,Débutant accepté,,False,,,,,2026-09-05,False,https://candidat.francetravail.fr/offres/recherche/detail/6673117
6727731,M1711,Directeur(trice) du marketing,Alternance Chef de Produit Marketing - Essarts-en-Bocage (H/F),ISCOD,85,85 - Vendée,departement,CDD,CDD,True,1 An(s),1 an,,False,,,,,2026-09-08,False,https://candidat.francetravail.fr/offres/recherche/detail/6727731
6887426,M1711,Directeur(trice) du marketing,Directeur Sales and Marketing Grande Consommation (H/F),AMP,92,92 - Boulogne-Billancourt,commune,CDI,CDI,True,6 An(s),6 ans et plus,,False,,,,,2026-09-15,False,https://candidat.francetravail.fr/offres/recherche/detail/6887426
6892197,M1711,Directeur(trice) du marketing,Directeur Sales and Marketing Hôtellerie et Tourisme (H/F),LE MERCATO DE L EMPLOI,97,972 - Trois-Îlets,commune,CDI,CDI,True,3 An(s),3 ans,,False,,,,,2026-09-15,False,https://candidat.francetravail.fr/offres/recherche/detail/6892197
6988009,M1711,Directeur(trice) du marketing,ALTERNANCE - SERVICE MARKETING & COMMUNICATION - H/F,,83,83 - Crau,commune,CDI,CDI,True,Débutant accepté,Débutant accepté,,False,,,,,2026-09-18,False,https://candidat.francetravail.fr/offres/recherche/detail/6988009
7053228,M1711,Directeur(trice) du marketing,Directeur marketing et communication (H/F),VOLUNTAE,75,75 - Paris 14e Arrondissement,commune,CDI,CDI,True,9 An(s),6 ans et plus,,True,,,,,2026-09-21,False,https://candidat.francetravail.fr/offres/recherche/detail/7053228
7112542,M1711,Directeur(trice) du marketing,Responsable Activation Marketing H/F,PONANT EXPLORATIONS,13,13 - Marseille 8e Arrondissement,commune,CDI,CDI,True,Expérience exigée,"Exigée, sans durée",,False,,,,,2026-09-23,False,https://candidat.francetravail.fr/offres/recherche/detail/7112542
7113368,M1711,Directeur(trice) du marketing,Responsable de Pôle Digital F/H,NEOMA BUSINESS SCHOOL,51,51 - Reims,commune,CDI,CDI,True,Expérience exigée,"Exigée, sans durée",,False,,,,,2026-09-23,False,https://candidat.francetravail.fr/offres/recherche/detail/7113368
7113448,M1711,Directeur(trice) du marketing,Directeur(trice) Marketing Programme F/H,NEOMA BUSINESS SCHOOL,51,51 - Reims,commune,CDI,CDI,True,Expérience exigée,"Exigée, sans durée",,False,,,,,2026-09-23,False,https://candidat.francetravail.fr/offres/recherche/detail/7113448
7113493,M1711,Directeur(trice) du marketing,Responsable de Pôle Digital F/H,NEOMA BUSINESS SCHOOL,76,76 - Rouen,commune,CDI,CDI,True,Expérience exigée,"Exigée, sans durée",,False,,,,,2026-09-23,False,https://candidat.francetravail.fr/offres/recherche/detail/7113493
7113522,M1711,Directeur(trice) du marketing,Directeur(trice) Marketing Programme F/H,NEOMA BUSINESS SCHOOL,76,76 - Rouen,commune,CDI,CDI,True,Expérience exigée,"Exigée, sans durée",,False,,,,,2026-09-23,False,https://candidat.francetravail.fr/offres/recherche/detail/7113522
7114729,M1711,Directeur(trice) du marketing,Responsable marketing offres de services h/f (H/F),Brain Work Office,75,75 - Paris 10e Arrondissement,commune,CDI,CDI,True,Expérience exigée,"Exigée, sans durée",,False,,,,,2026-09-23,False,https://candidat.francetravail.fr/offres/recherche/detail/7114729
7347048,M1711,Directeur(trice) du marketing,Responsable mercaticien / mercaticienne (H/F),Afev,75,75 - Paris,commune,CDD,CDD,True,Expérience exigée,"Exigée, sans durée",,False,,,,,2026-09-25,False,https://candidat.francetravail.fr/offres/recherche/detail/7347048
7348104,M1711,Directeur(trice) du marketing,Chef de groupe marketing (H/F),LECLERC VOYAGES,94,94 - Ivry-sur-Seine,commune,CDI,CDI,True,1 An(s),1 an,,False,,,,,2026-09-25,False,https://candidat.francetravail.fr/offres/recherche/detail/7348104
7348261,M1711,Directeur(trice) du marketing,Directeur Produit Gaming (H/F),NEW NET 3D,94,94 - Val-de-Marne,departement,CDI,CDI,True,3 An(s),3 ans,,False,,,,,2026-09-25,False,https://candidat.francetravail.fr/offres/recherche/detail/7348261
7352358,M1711,Directeur(trice) du marketing,Responsable marketing de l'offre H/F,Fournier Groupe,74,74 - Annecy,commune,CDI,CDI,True,Expérience exigée,"Exigée, sans durée",,False,Annuel de 90000.0 Euros à 100000.0 Euros,Annuel,90000,100000,2026-09-25,False,https://candidat.francetravail.fr/offres/recherche/detail/7352358
7352865,M1711,Directeur(trice) du marketing,Team Lead CRO / Data & Expérimentation (H/F),Mercato de l'emploi,75,75 - Paris 1er Arrondissement,commune,CDI,CDI,True,Expérience exigée,"Exigée, sans durée",,True,Annuel de 60000.0 Euros à 65000.0 Euros,Annuel,60000,65000,2026-09-25,False,https://candidat.francetravail.fr/offres/recherche/detail/7352865
7432747,M1711,Directeur(trice) du marketing, Responsable marketing - H/F , Numbr ,75,75 - Paris 9e Arrondissement,commune,CDI,CDI,True,Expérience exigée,"Exigée, sans durée",,True,Mensuel de 1.0 Euros,Mensuel,,,2026-09-27,False,https://candidat.francetravail.fr/offres/recherche/detail/7432747
7449314,M1711,Directeur(trice) du marketing,Chargé de Marketing H/F,,78,78 - Guyancourt,commune,CDI,CDI,True,Débutant accepté,Débutant accepté,,False,,,,,2026-09-27,False,https://candidat.francetravail.fr/offres/recherche/detail/7449314
7450817,M1711,Directeur(trice) du marketing,ALTERNANCE - Chargé de Marketing Opérationnel F/H,,92,92 - Nanterre,commune,CDD,CDD,True,Débutant accepté,Débutant accepté,,False,,,,,2026-09-27,False,https://candidat.francetravail.fr/offres/recherche/detail/7450817
7451943,M1711,Directeur(trice) du marketing,Chef de produit H/F,,13,13 - Fuveau,commune,CDI,CDI,True,Expérience exigée,"Exigée, sans durée",,False,,,,,2026-09-27,False,https://candidat.francetravail.fr/offres/recherche/detail/7451943
7477637,M1711,Directeur(trice) du marketing,Responsable Marketing et Commercial multisites H/F,CASINO DU BOULOU,66,66 - Boulou,commune,CDI,CDI,True,Débutant accepté,Débutant accepté,,False,Annuel de 33000.0 Euros à 38000.0 Euros,Annuel,33000,38000,2026-09-29,False,https://candidat.francetravail.fr/offres/recherche/detail/7477637
212SHRL,M1716,Directeur(trice) marketing digital,Head of Digital (H/F),LA CADETTE,75,75 - PARIS,commune,CDI,CDI,True,10 Mois,Moins d'un an,,False,Annuel de 100000.0 Euros,Annuel,100000,100000,2026-08-20,False,https://candidat.francetravail.fr/offres/recherche/detail/212SHRL
212STFY,M1716,Directeur(trice) marketing digital,Growth Marketeur(se) (H/F),SPREADING APPS,76,76 - Le Petit-Quevilly,offre,CDI,CDI,True,3 Mois,Moins d'un an,Bac+5,True,,,,,2026-08-21,False,https://candidat.francetravail.fr/offres/recherche/detail/212STFY
214LZDG,M1716,Directeur(trice) marketing digital,Responsable acquisition digitale (H/F),MURTERISO,44,44 - Nantes,offre,CDI,CDI,True,2 An(s),2 ans,,False,Mensuel de 2200.0 Euros à 2500.0 Euros,Mensuel,26400,30000,2026-09-28,False,https://candidat.francetravail.fr/offres/recherche/detail/214LZDG
3155884,M1716,Directeur(trice) marketing digital,Référent Outils Digitaux H/F,Crowe Fideliance ,77,77 - Avon,commune,CDI,CDI,True,Débutant accepté,Débutant accepté,,False,Annuel de 28000.0 Euros à 35000.0 Euros,Annuel,28000,35000,2026-05-29,False,https://candidat.francetravail.fr/offres/recherche/detail/3155884
3791176,M1716,Directeur(trice) marketing digital,Responsable marketing digital (H/F),"UPTOO
        ",75,75 - Paris 2e Arrondissement,commune,CDI,CDI,True,Expérience exigée,"Exigée, sans durée",,True,Annuel de 40000.0 Euros à 50000.0 Euros,Annuel,40000,50000,2026-06-16,False,https://candidat.francetravail.fr/offres/recherche/detail/3791176
4572224,M1716,Directeur(trice) marketing digital,Apprenti Assistant(e) Marketing/ Comm Brand Manager H/F,,78,78 - Montigny-le-Bretonneux,offre,CDD,CDD,True,Débutant accepté,Débutant accepté,,False,,,,,2026-07-05,False,https://candidat.francetravail.fr/offres/recherche/detail/4572224
4732649,M1716,Directeur(trice) marketing digital,Spécialiste en marketing digital (H/F),LECLERC VOYAGES,95,95 - Franconville,commune,CDD,CDD,True,1 An(s),1 an,,False,,,,,2026-07-09,False,https://candidat.francetravail.fr/offres/recherche/detail/4732649
5040495,M1716,Directeur(trice) marketing digital,Catalogue Manager E3D - H/F,,37,37 - Tours,offre,Intérim,MIS,True,Débutant accepté,Débutant accepté,,False,,,,,2026-07-16,False,https://candidat.francetravail.fr/offres/recherche/detail/5040495
5135832,M1716,Directeur(trice) marketing digital,Ambulancier / Ambulancière (H/F),"""""",16,16 - Couronne,commune,CDI,CDI,True,Débutant accepté,Débutant accepté,,False,,,,,2026-07-19,False,https://candidat.francetravail.fr/offres/recherche/detail/5135832
5202951,M1716,Directeur(trice) marketing digital,ALTERNANCE MASTER MARKETING / COMMUNICATION / DIGITAL 2 ANS - H/F,,95,95 - Franconville,offre,CDI,CDI,True,Débutant accepté,Débutant accepté,,False,,,,,2026-07-21,False,https://candidat.francetravail.fr/offres/recherche/detail/5202951
5221467,M1716,Directeur(trice) marketing digital,Responsable Marketing Digital E-commerce (H/F),OLCANI,75,75 - Paris 9e Arrondissement,offre,CDI,CDI,True,3 An(s),3 ans,Bac+5,False,,,,,2026-07-22,False,https://candidat.francetravail.fr/offres/recherche/detail/5221467
5553790,M1716,Directeur(trice) marketing digital,Digital Marketing Officer (F/H),,59,59 - Marcq-en-Barœul,offre,Intérim,MIS,True,Débutant accepté,Débutant accepté,,False,,,,,2026-07-29,False,https://candidat.francetravail.fr/offres/recherche/detail/5553790
5793047,M1716,Directeur(trice) marketing digital,Responsable Acquisition et Conversion Omnicanale F/H - CDI h/f,,92,92 - Nanterre,commune,CDI,CDI,True,Expérience exigée,"Exigée, sans durée",,True,,,,,2026-08-06,False,https://candidat.francetravail.fr/offres/recherche/detail/5793047
5801844,M1716,Directeur(trice) marketing digital,Responsable marketing digital (H/F),VISAMUNDI,44,44 - Nantes,commune,CDD,CDD,True,Débutant accepté,Débutant accepté,,False,,,,,2026-08-07,False,https://candidat.francetravail.fr/offres/recherche/detail/5801844
6108578,M1716,Directeur(trice) marketing digital,Alternance Assistant(e) Marketing Digital & Communication - Arles (F/H),,13,13 - Arles,commune,CDD,CDD,True,Débutant accepté,Débutant accepté,,False,,,,,2026-08-19,False,https://candidat.francetravail.fr/offres/recherche/detail/6108578
6206247,M1716,Directeur(trice) marketing digital,Alternance Assistant Marketing Digital - Valbonne (F/H),,06,06 - Valbonne,commune,CDD,CDD,True,Débutant accepté,Débutant accepté,,False,,,,,2026-08-22,False,https://candidat.francetravail.fr/offres/recherche/detail/6206247
6207921,M1716,Directeur(trice) marketing digital,Responsable Marketing Digital - Alternance H/F,,59,59 - Lille,commune,CDD,CDD,True,Débutant accepté,Débutant accepté,,False,,,,,2026-08-22,False,https://candidat.francetravail.fr/offres/recherche/detail/6207921
6231631,M1716,Directeur(trice) marketing digital,Alternance Assistant(e) marketing stratégique et digital - Vitrolles (H/F),ISCOD,13,13 - Vitrolles,commune,CDD,CDD,True,1 An(s),1 an,,False,,,,,2026-08-24,False,https://candidat.francetravail.fr/offres/recherche/detail/6231631
6318452,M1716,Directeur(trice) marketing digital,Responsable marketing digital (H/F),,93,93 - Seine-Saint-Denis,departement,CDI,CDI,True,5 An(s),5 ans,,False,,,,,2026-08-26,False,https://candidat.francetravail.fr/offres/recherche/detail/6318452
6460517,M1716,Directeur(trice) marketing digital,Alternance Chargé(e) de Marketing Digital - Serris (H/F),ISCOD,77,77 - Melun,commune,CDD,CDD,True,1 An(s),1 an,,False,,,,,2026-08-31,False,https://candidat.francetravail.fr/offres/recherche/detail/6460517
6533780,M1716,Directeur(trice) marketing digital,Contrôleur.euse de gestion H/F,,75,75 - Paris 8e Arrondissement,commune,CDI,CDI,True,6 An(s),6 ans et plus,,True,,,,,2026-09-02,False,https://candidat.francetravail.fr/offres/recherche/detail/6533780
6574080,M1716,Directeur(trice) marketing digital,Alternance Chargé de Projets Marketing digital - Paris (H/F),ISCOD,75,75 - Paris 10e Arrondissement,commune,CDD,CDD,True,1 An(s),1 an,,False,,,,,2026-09-03,False,https://candidat.francetravail.fr/offres/recherche/detail/6574080
6667398,M1716,Directeur(trice) marketing digital,Alternance Assistant Web Marketing - Le Haillan (F/H),,33,33 - Haillan,commune,CDD,CDD,True,Débutant accepté,Débutant accepté,,False,,,,,2026-09-05,False,https://candidat.francetravail.fr/offres/recherche/detail/6667398
6672305,M1716,Directeur(trice) marketing digital,Chef de projet marque employeur H/F- Levallois Perret,FONDATION SANTE SERVICE,92,92 - Levallois-Perret,commune,CDD,CDD,True,5 An(s),5 ans,,True,Annuel de 40000.0 Euros à 50000.0 Euros - Divers avantages,Annuel,40000,50000,2026-09-05,False,https://candidat.francetravail.fr/offres/recherche/detail/6672305
6682517,M1716,Directeur(trice) marketing digital,DIRECTEUR / DIRECteur(trice) COMMUNICATION ET MARKETING DIGITAL (H/F),,49,49 - Cholet,commune,CDI,CDI,True,Débutant accepté,Débutant accepté,,False,,,,,2026-09-06,False,https://candidat.francetravail.fr/offres/recherche/detail/6682517
6682540,M1716,Directeur(trice) marketing digital,DIRECTEUR / DIRECteur(trice) COMMUNICATION ET MARKETING DIGITAL (H/F),,44,44 - Nantes,commune,CDI,CDI,True,Débutant accepté,Débutant accepté,,False,,,,,2026-09-06,False,https://candidat.francetravail.fr/offres/recherche/detail/6682540
6682542,M1716,Directeur(trice) marketing digital,DIRECTEUR / DIRECteur(trice) COMMUNICATION ET MARKETING DIGITAL (H/F),,44,44 - Vallet,commune,CDI,CDI,True,Débutant accepté,Débutant accepté,,False,,,,,2026-09-06,False,https://candidat.francetravail.fr/offres/recherche/detail/6682542
6682543,M1716,Directeur(trice) marketing digital,DIRECTEUR / DIRECteur(trice) COMMUNICATION ET MARKETING DIGITAL (H/F),,44,44 - Machecoul-Saint-Même,commune,CDI,CDI,True,Débutant accepté,Débutant accepté,,False,,,,,2026-09-06,False,https://candidat.francetravail.fr/offres/recherche/detail/6682543
6682552,M1716,Directeur(trice) marketing digital,DIRECTEUR / DIRECteur(trice) COMMUNICATION ET MARKETING DIGITAL (H/F),,44,44 - Saint-Philbert-de-Grand-Lieu,commune,CDI,CDI,True,Débutant accepté,Débutant accepté,,False,,,,,2026-09-06,False,https://candidat.francetravail.fr/offres/recherche/detail/6682552
6682554,M1716,Directeur(trice) marketing digital,DIRECTEUR / DIRECteur(trice) COMMUNICATION ET MARKETING DIGITAL (H/F),,44,44 - Clisson,commune,CDI,CDI,True,Débutant accepté,Débutant accepté,,False,,,,,2026-09-06,False,https://candidat.francetravail.fr/offres/recherche/detail/6682554
6682816,M1716,Directeur(trice) marketing digital,DIRECTEUR / DIRECteur(trice) COMMUNICATION ET MARKETING DIGITAL (H/F),,29,29 - Morlaix,commune,CDI,CDI,True,Débutant accepté,Débutant accepté,,False,,,,,2026-09-06,False,https://candidat.francetravail.fr/offres/recherche/detail/6682816
6682831,M1716,Directeur(trice) marketing digital,DIRECTEUR / DIRECteur(trice) COMMUNICATION ET MARKETING DIGITAL (H/F),,29,29 - Quimper,commune,CDI,CDI,True,Débutant accepté,Débutant accepté,,False,,,,,2026-09-06,False,https://candidat.francetravail.fr/offres/recherche/detail/6682831
6682834,M1716,Directeur(trice) marketing digital,DIRECTEUR / DIRECteur(trice) COMMUNICATION ET MARKETING DIGITAL (H/F),,85,85 - Herbiers,commune,CDI,CDI,True,Débutant accepté,Débutant accepté,,False,,,,,2026-09-06,False,https://candidat.francetravail.fr/offres/recherche/detail/6682834
6682847,M1716,Directeur(trice) marketing digital,DIRECTEUR / DIRECteur(trice) COMMUNICATION ET MARKETING DIGITAL (H/F),,61,61 - Alençon,commune,CDI,CDI,True,Débutant accepté,Débutant accepté,,False,,,,,2026-09-06,False,https://candidat.francetravail.fr/offres/recherche/detail/6682847
6682848,M1716,Directeur(trice) marketing digital,DIRECTEUR / DIRECteur(trice) COMMUNICATION ET MARKETING DIGITAL (H/F),,50,50 - Saint-Lô,commune,CDI,CDI,True,Débutant accepté,Débutant accepté,,False,,,,,2026-09-06,False,https://candidat.francetravail.fr/offres/recherche/detail/6682848
6682856,M1716,Directeur(trice) marketing digital,DIRECTEUR / DIRECteur(trice) COMMUNICATION ET MARKETING DIGITAL (H/F),,49,49 - Saumur,commune,CDI,CDI,True,Débutant accepté,Débutant accepté,,False,,,,,2026-09-06,False,https://candidat.francetravail.fr/offres/recherche/detail/6682856
6682857,M1716,Directeur(trice) marketing digital,DIRECTEUR / DIRECteur(trice) COMMUNICATION ET MARKETING DIGITAL (H/F),,61,61 - Flers,commune,CDI,CDI,True,Débutant accepté,Débutant accepté,,False,,,,,2026-09-06,False,https://candidat.francetravail.fr/offres/recherche/detail/6682857
6682858,M1716,Directeur(trice) marketing digital,DIRECTEUR / DIRECteur(trice) COMMUNICATION ET MARKETING DIGITAL (H/F),,53,53 - Laval,commune,CDI,CDI,True,Débutant accepté,Débutant accepté,,False,,,,,2026-09-06,False,https://candidat.francetravail.fr/offres/recherche/detail/6682858
6692176,M1716,Directeur(trice) marketing digital,Assistant-e Marketing Digital & Infographie (La Possession) #TET14434 (H/F),Tetranergy Business School Réunion,97,974 - Possession,commune,CDD,CDD,True,1 An(s),1 an,,False,,,,,2026-09-07,False,https://candidat.francetravail.fr/offres/recherche/detail/6692176
6692711,M1716,Directeur(trice) marketing digital,Alternance Chargé(e) de Marketing Digital & Acquisition - Lyon (H/F),ISCOD,69,69 - Lyon 7e Arrondissement,commune,CDD,CDD,True,1 An(s),1 an,,False,,,,,2026-09-07,False,https://candidat.francetravail.fr/offres/recherche/detail/6692711
6697325,M1716,Directeur(trice) marketing digital,Alternance - Assistant(e) Marketing et Communication (H/F) - Digital4Better,Digital4Better,44,44 - Nantes,commune,CDD,CDD,True,1 An(s),1 an,,False,,,,,2026-09-07,False,https://candidat.francetravail.fr/offres/recherche/detail/6697325
6728178,M1716,Directeur(trice) marketing digital,Contrôleur de gestion retail et digital F/H,,93,93 - Saint-Ouen-sur-Seine,commune,CDI,CDI,True,Débutant accepté,Débutant accepté,,False,,,,,2026-09-08,False,https://candidat.francetravail.fr/offres/recherche/detail/6728178
6738741,M1716,Directeur(trice) marketing digital,Chef de projet SEO H/F,Robert Walters,93,93 - Saint-Ouen-sur-Seine,commune,CDI,CDI,True,4 An(s),4 ans,,False,Annuel de 49000.0 Euros à 53000.0 Euros - Package,Annuel,49000,53000,2026-09-09,False,https://candidat.francetravail.fr/offres/recherche/detail/6738741
6797599,M1716,Directeur(trice) marketing digital,Alternance Marketing Digital & E-commerce - Clamart (H/F),ISCOD,92,92 - Clamart,commune,CDD,CDD,True,1 An(s),1 an,,False,,,,,2026-09-10,False,https://candidat.francetravail.fr/offres/recherche/detail/6797599
6797602,M1716,Directeur(trice) marketing digital,Alternance Assistant(e) Marketing & Digital - Toulon (H/F),ISCOD,83,83 - Toulon,commune,CDD,CDD,True,1 An(s),1 an,,False,,,,,2026-09-10,False,https://candidat.francetravail.fr/offres/recherche/detail/6797602
6797635,M1716,Directeur(trice) marketing digital,Alternance Chargé.e de Marketing Digital - Antony (H/F),ISCOD,92,92 - Antony,commune,CDD,CDD,True,1 An(s),1 an,,False,,,,,2026-09-10,False,https://candidat.francetravail.fr/offres/recherche/detail/6797635
6825459,M1716,Directeur(trice) marketing digital,INGÉNIEUR DEVOPS / CLOUD H/F - CDI,Collective.work,75,75 - Paris,commune,CDI,CDI,True,Débutant accepté,Débutant accepté,,False,Annuel de 55000.0 Euros à 65000.0 Euros,Annuel,55000,65000,2026-09-11,False,https://candidat.francetravail.fr/offres/recherche/detail/6825459
6827346,M1716,Directeur(trice) marketing digital,Alternance Growth hacker - Aix-en-Provence (F/H),,13,13 - Aix-en-Provence,commune,CDD,CDD,True,Débutant accepté,Débutant accepté,,False,,,,,2026-09-11,False,https://candidat.francetravail.fr/offres/recherche/detail/6827346
6827360,M1716,Directeur(trice) marketing digital,Alternance Growth hacker - Marseille (F/H),,13,13 - Marseille,commune,CDD,CDD,True,Débutant accepté,Débutant accepté,,False,,,,,2026-09-11,False,https://candidat.francetravail.fr/offres/recherche/detail/6827360
6830770,M1716,Directeur(trice) marketing digital,Responsable Revenue Management & Distribution (H/F),,75,75 - Paris 8e Arrondissement,commune,CDI,CDI,True,6 An(s),6 ans et plus,,True,,,,,2026-09-11,False,https://candidat.francetravail.fr/offres/recherche/detail/6830770
6863135,M1716,Directeur(trice) marketing digital,Alternance Assistant Commercial et Marketing digital - Paris (H/F),ISCOD,75,75 - Paris 11e Arrondissement,commune,CDD,CDD,True,1 An(s),1 an,,False,,,,,2026-09-14,False,https://candidat.francetravail.fr/offres/recherche/detail/6863135
6863328,M1716,Directeur(trice) marketing digital,DIRECTEUR / DIRECTRICE COMMUNICATION ET MARKETING DIGITAL (H/F),Bras Droit des Dirigeants,34,34 - Montpellier,commune,Franchise,FRA,False,5 An(s),5 ans,,False,,,,,2026-09-14,False,https://candidat.francetravail.fr/offres/recherche/detail/6863328
6863380,M1716,Directeur(trice) marketing digital,DIRECTEUR / DIRECTRICE COMMUNICATION ET MARKETING DIGITAL (H/F),Bras Droit des Dirigeants,44,44 - Saint-Philbert-de-Grand-Lieu,commune,Franchise,FRA,False,5 An(s),5 ans,,False,,,,,2026-09-14,False,https://candidat.francetravail.fr/offres/recherche/detail/6863380
6863428,M1716,Directeur(trice) marketing digital,DIRECTEUR / DIRECTRICE COMMUNICATION ET MARKETING DIGITAL (H/F),Bras Droit des Dirigeants,44,44 - Clisson,commune,Franchise,FRA,False,5 An(s),5 ans,,False,,,,,2026-09-14,False,https://candidat.francetravail.fr/offres/recherche/detail/6863428
6863429,M1716,Directeur(trice) marketing digital,DIRECTEUR / DIRECTRICE COMMUNICATION ET MARKETING DIGITAL (H/F),Bras Droit des Dirigeants,49,49 - Cholet,commune,Franchise,FRA,False,5 An(s),5 ans,,False,,,,,2026-09-14,False,https://candidat.francetravail.fr/offres/recherche/detail/6863429
6863433,M1716,Directeur(trice) marketing digital,DIRECTEUR / DIRECTRICE COMMUNICATION ET MARKETING DIGITAL (H/F),Bras Droit des Dirigeants,44,44 - Machecoul-Saint-Même,commune,Franchise,FRA,False,5 An(s),5 ans,,False,,,,,2026-09-14,False,https://candidat.francetravail.fr/offres/recherche/detail/6863433
6863540,M1716,Directeur(trice) marketing digital,DIRECTEUR / DIRECTRICE COMMUNICATION ET MARKETING DIGITAL (H/F),Bras Droit des Dirigeants,14,14 - Bayeux,commune,Franchise,FRA,False,5 An(s),5 ans,,False,,,,,2026-09-14,False,https://candidat.francetravail.fr/offres/recherche/detail/6863540
6863547,M1716,Directeur(trice) marketing digital,DIRECTEUR / DIRECTRICE COMMUNICATION ET MARKETING DIGITAL (H/F),Bras Droit des Dirigeants,36,36 - Châteauroux,commune,Franchise,FRA,False,5 An(s),5 ans,,False,,,,,2026-09-14,False,https://candidat.francetravail.fr/offres/recherche/detail/6863547
6863548,M1716,Directeur(trice) marketing digital,DIRECTEUR / DIRECTRICE COMMUNICATION ET MARKETING DIGITAL (H/F),Bras Droit des Dirigeants,77,77 - Melun,commune,Franchise,FRA,False,5 An(s),5 ans,,False,,,,,2026-09-14,False,https://candidat.francetravail.fr/offres/recherche/detail/6863548
6863568,M1716,Directeur(trice) marketing digital,DIRECTEUR / DIRECTRICE COMMUNICATION ET MARKETING DIGITAL (H/F),Bras Droit des Dirigeants,44,44 - Nantes,commune,Franchise,FRA,False,5 An(s),5 ans,,False,,,,,2026-09-14,False,https://candidat.francetravail.fr/offres/recherche/detail/6863568
6863580,M1716,Directeur(trice) marketing digital,DIRECTEUR / DIRECTRICE COMMUNICATION ET MARKETING DIGITAL (H/F),Bras Droit des Dirigeants,44,44 - Vallet,commune,Franchise,FRA,False,5 An(s),5 ans,,False,,,,,2026-09-14,False,https://candidat.francetravail.fr/offres/recherche/detail/6863580
6863598,M1716,Directeur(trice) marketing digital,DIRECTEUR / DIRECTRICE COMMUNICATION ET MARKETING DIGITAL (H/F),Bras Droit des Dirigeants,68,68 - Mulhouse,commune,Franchise,FRA,False,5 An(s),5 ans,,False,,,,,2026-09-14,False,https://candidat.francetravail.fr/offres/recherche/detail/6863598
6863599,M1716,Directeur(trice) marketing digital,DIRECTEUR / DIRECTRICE COMMUNICATION ET MARKETING DIGITAL (H/F),Bras Droit des Dirigeants,91,91 - Évry-Courcouronnes,commune,Franchise,FRA,False,5 An(s),5 ans,,False,,,,,2026-09-14,False,https://candidat.francetravail.fr/offres/recherche/detail/6863599
6863601,M1716,Directeur(trice) marketing digital,DIRECTEUR / DIRECTRICE COMMUNICATION ET MARKETING DIGITAL (H/F),Bras Droit des Dirigeants,15,15 - Aurillac,commune,Franchise,FRA,False,5 An(s),5 ans,,False,,,,,2026-09-14,False,https://candidat.francetravail.fr/offres/recherche/detail/6863601
6863606,M1716,Directeur(trice) marketing digital,DIRECTEUR / DIRECTRICE COMMUNICATION ET MARKETING DIGITAL (H/F),Bras Droit des Dirigeants,51,51 - Reims,commune,Franchise,FRA,False,5 An(s),5 ans,,False,,,,,2026-09-14,False,https://candidat.francetravail.fr/offres/recherche/detail/6863606
6863609,M1716,Directeur(trice) marketing digital,DIRECTEUR / DIRECTRICE COMMUNICATION ET MARKETING DIGITAL (H/F),Bras Droit des Dirigeants,92,92 - Boulogne-Billancourt,commune,Franchise,FRA,False,5 An(s),5 ans,,False,,,,,2026-09-14,False,https://candidat.francetravail.fr/offres/recherche/detail/6863609
6863611,M1716,Directeur(trice) marketing digital,DIRECTEUR / DIRECTRICE COMMUNICATION ET MARKETING DIGITAL (H/F),Bras Droit des Dirigeants,26,26 - Montélimar,commune,Franchise,FRA,False,5 An(s),5 ans,,False,,,,,2026-09-14,False,https://candidat.francetravail.fr/offres/recherche/detail/6863611
6863613,M1716,Directeur(trice) marketing digital,DIRECTEUR / DIRECTRICE COMMUNICATION ET MARKETING DIGITAL (H/F),Bras Droit des Dirigeants,50,50 - Cherbourg-en-Cotentin,commune,Franchise,FRA,False,5 An(s),5 ans,,False,,,,,2026-09-14,False,https://candidat.francetravail.fr/offres/recherche/detail/6863613
6863617,M1716,Directeur(trice) marketing digital,DIRECTEUR / DIRECTRICE COMMUNICATION ET MARKETING DIGITAL (H/F),Bras Droit des Dirigeants,12,12 - Rodez,commune,Franchise,FRA,False,5 An(s),5 ans,,False,,,,,2026-09-14,False,https://candidat.francetravail.fr/offres/recherche/detail/6863617
6863620,M1716,Directeur(trice) marketing digital,DIRECTEUR / DIRECTRICE COMMUNICATION ET MARKETING DIGITAL (H/F),Bras Droit des Dirigeants,95,95 - Cergy,commune,Franchise,FRA,False,5 An(s),5 ans,,False,,,,,2026-09-14,False,https://candidat.francetravail.fr/offres/recherche/detail/6863620
6863622,M1716,Directeur(trice) marketing digital,DIRECTEUR / DIRECTRICE COMMUNICATION ET MARKETING DIGITAL (H/F),Bras Droit des Dirigeants,29,29 - Quimper,commune,Franchise,FRA,False,5 An(s),5 ans,,False,,,,,2026-09-14,False,https://candidat.francetravail.fr/offres/recherche/detail/6863622
6863626,M1716,Directeur(trice) marketing digital,DIRECTEUR / DIRECTRICE COMMUNICATION ET MARKETING DIGITAL (H/F),Bras Droit des Dirigeants,69,69 - Lyon,commune,Franchise,FRA,False,5 An(s),5 ans,,False,,,,,2026-09-14,False,https://candidat.francetravail.fr/offres/recherche/detail/6863626
6863630,M1716,Directeur(trice) marketing digital,DIRECTEUR / DIRECTRICE COMMUNICATION ET MARKETING DIGITAL (H/F),Bras Droit des Dirigeants,43,43 - Puy-en-Velay,commune,Franchise,FRA,False,5 An(s),5 ans,,False,,,,,2026-09-14,False,https://candidat.francetravail.fr/offres/recherche/detail/6863630
6863635,M1716,Directeur(trice) marketing digital,DIRECTEUR / DIRECTRICE COMMUNICATION ET MARKETING DIGITAL (H/F),Bras Droit des Dirigeants,87,87 - Limoges,commune,Franchise,FRA,False,5 An(s),5 ans,,False,,,,,2026-09-14,False,https://candidat.francetravail.fr/offres/recherche/detail/6863635
6863640,M1716,Directeur(trice) marketing digital,DIRECTEUR / DIRECTRICE COMMUNICATION ET MARKETING DIGITAL (H/F),Bras Droit des Dirigeants,76,76 - Havre,commune,Franchise,FRA,False,5 An(s),5 ans,,False,,,,,2026-09-14,False,https://candidat.francetravail.fr/offres/recherche/detail/6863640
6863646,M1716,Directeur(trice) marketing digital,DIRECTEUR / DIRECTRICE COMMUNICATION ET MARKETING DIGITAL (H/F),Bras Droit des Dirigeants,34,34 - Béziers,commune,Franchise,FRA,False,5 An(s),5 ans,,False,,,,,2026-09-14,False,https://candidat.francetravail.fr/offres/recherche/detail/6863646
6863650,M1716,Directeur(trice) marketing digital,DIRECTEUR / DIRECTRICE COMMUNICATION ET MARKETING DIGITAL (H/F),Bras Droit des Dirigeants,85,85 - Roche-sur-Yon,commune,Franchise,FRA,False,5 An(s),5 ans,,False,,,,,2026-09-14,False,https://candidat.francetravail.fr/offres/recherche/detail/6863650
6863652,M1716,Directeur(trice) marketing digital,DIRECTEUR / DIRECTRICE COMMUNICATION ET MARKETING DIGITAL (H/F),Bras Droit des Dirigeants,14,14 - Lisieux,commune,Franchise,FRA,False,5 An(s),5 ans,,False,,,,,2026-09-14,False,https://candidat.francetravail.fr/offres/recherche/detail/6863652
6863656,M1716,Directeur(trice) marketing digital,DIRECTEUR / DIRECTRICE COMMUNICATION ET MARKETING DIGITAL (H/F),Bras Droit des Dirigeants,84,84 - Cavaillon,commune,Franchise,FRA,False,5 An(s),5 ans,,False,,,,,2026-09-14,False,https://candidat.francetravail.fr/offres/recherche/detail/6863656
6863663,M1716,Directeur(trice) marketing digital,DIRECTEUR / DIRECTRICE COMMUNICATION ET MARKETING DIGITAL (H/F),Bras Droit des Dirigeants,16,16 - Angoulême,commune,Franchise,FRA,False,5 An(s),5 ans,,False,,,,,2026-09-14,False,https://candidat.francetravail.fr/offres/recherche/detail/6863663
6863664,M1716,Directeur(trice) marketing digital,DIRECTEUR / DIRECTRICE COMMUNICATION ET MARKETING DIGITAL (H/F),Bras Droit des Dirigeants,81,81 - Albi,commune,Franchise,FRA,False,5 An(s),5 ans,,False,,,,,2026-09-14,False,https://candidat.francetravail.fr/offres/recherche/detail/6863664
6863667,M1716,Directeur(trice) marketing digital,DIRECTEUR / DIRECTRICE COMMUNICATION ET MARKETING DIGITAL (H/F),Bras Droit des Dirigeants,07,07 - Annonay,commune,Franchise,FRA,False,5 An(s),5 ans,,False,,,,,2026-09-14,False,https://candidat.francetravail.fr/offres/recherche/detail/6863667
6863668,M1716,Directeur(trice) marketing digital,DIRECTEUR / DIRECTRICE COMMUNICATION ET MARKETING DIGITAL (H/F),Bras Droit des Dirigeants,53,53 - Laval,commune,Franchise,FRA,False,5 An(s),5 ans,,False,,,,,2026-09-14,False,https://candidat.francetravail.fr/offres/recherche/detail/6863668
6863677,M1716,Directeur(trice) marketing digital,DIRECTEUR / DIRECTRICE COMMUNICATION ET MARKETING DIGITAL (H/F),Bras Droit des Dirigeants,78,78 - Versailles,commune,Franchise,FRA,False,5 An(s),5 ans,,False,,,,,2026-09-14,False,https://candidat.francetravail.fr/offres/recherche/detail/6863677
6863679,M1716,Directeur(trice) marketing digital,DIRECTEUR / DIRECTRICE COMMUNICATION ET MARKETING DIGITAL (H/F),Bras Droit des Dirigeants,84,84 - Carpentras,commune,Franchise,FRA,False,5 An(s),5 ans,,False,,,,,2026-09-14,False,https://candidat.francetravail.fr/offres/recherche/detail/6863679
6863681,M1716,Directeur(trice) marketing digital,DIRECTEUR / DIRECTRICE COMMUNICATION ET MARKETING DIGITAL (H/F),Bras Droit des Dirigeants,12,12 - Villefranche-de-Rouergue,commune,Franchise,FRA,False,5 An(s),5 ans,,False,,,,,2026-09-14,False,https://candidat.francetravail.fr/offres/recherche/detail/6863681
6863685,M1716,Directeur(trice) marketing digital,DIRECTEUR / DIRECTRICE COMMUNICATION ET MARKETING DIGITAL (H/F),Bras Droit des Dirigeants,14,14 - Caen,commune,Franchise,FRA,False,5 An(s),5 ans,,False,,,,,2026-09-14,False,https://candidat.francetravail.fr/offres/recherche/detail/6863685
6863689,M1716,Directeur(trice) marketing digital,DIRECTEUR / DIRECTRICE COMMUNICATION ET MARKETING DIGITAL (H/F),Bras Droit des Dirigeants,29,29 - Morlaix,commune,Franchise,FRA,False,5 An(s),5 ans,,False,,,,,2026-09-14,False,https://candidat.francetravail.fr/offres/recherche/detail/6863689
6863692,M1716,Directeur(trice) marketing digital,DIRECTEUR / DIRECTRICE COMMUNICATION ET MARKETING DIGITAL (H/F),Bras Droit des Dirigeants,03,03 - Montluçon,commune,Franchise,FRA,False,5 An(s),5 ans,,False,,,,,2026-09-14,False,https://candidat.francetravail.fr/offres/recherche/detail/6863692
6863702,M1716,Directeur(trice) marketing digital,DIRECTEUR / DIRECTRICE COMMUNICATION ET MARKETING DIGITAL (H/F),Bras Droit des Dirigeants,62,62 - Lens,commune,Franchise,FRA,False,5 An(s),5 ans,,False,,,,,2026-09-14,False,https://candidat.francetravail.fr/offres/recherche/detail/6863702
6863704,M1716,Directeur(trice) marketing digital,DIRECTEUR / DIRECTRICE COMMUNICATION ET MARKETING DIGITAL (H/F),Bras Droit des Dirigeants,12,12 - Millau,commune,Franchise,FRA,False,5 An(s),5 ans,,False,,,,,2026-09-14,False,https://candidat.francetravail.fr/offres/recherche/detail/6863704
6863709,M1716,Directeur(trice) marketing digital,DIRECTEUR / DIRECTRICE COMMUNICATION ET MARKETING DIGITAL (H/F),Bras Droit des Dirigeants,55,55 - Bar-le-Duc,commune,Franchise,FRA,False,5 An(s),5 ans,,False,,,,,2026-09-14,False,https://candidat.francetravail.fr/offres/recherche/detail/6863709
6863712,M1716,Directeur(trice) marketing digital,DIRECTEUR / DIRECTRICE COMMUNICATION ET MARKETING DIGITAL (H/F),Bras Droit des Dirigeants,03,03 - Moulins,commune,Franchise,FRA,False,5 An(s),5 ans,,False,,,,,2026-09-14,False,https://candidat.francetravail.fr/offres/recherche/detail/6863712
6863716,M1716,Directeur(trice) marketing digital,DIRECTEUR / DIRECTRICE COMMUNICATION ET MARKETING DIGITAL (H/F),Bras Droit des Dirigeants,76,76 - Yvetot,commune,Franchise,FRA,False,5 An(s),5 ans,,False,,,,,2026-09-14,False,https://candidat.francetravail.fr/offres/recherche/detail/6863716
6863722,M1716,Directeur(trice) marketing digital,DIRECTEUR / DIRECTRICE COMMUNICATION ET MARKETING DIGITAL (H/F),Bras Droit des Dirigeants,08,08 - Charleville-Mézières,commune,Franchise,FRA,False,5 An(s),5 ans,,False,,,,,2026-09-14,False,https://candidat.francetravail.fr/offres/recherche/detail/6863722
6863725,M1716,Directeur(trice) marketing digital,DIRECTEUR / DIRECTRICE COMMUNICATION ET MARKETING DIGITAL (H/F),Bras Droit des Dirigeants,92,92 - Courbevoie,commune,Franchise,FRA,False,5 An(s),5 ans,,False,,,,,2026-09-14,False,https://candidat.francetravail.fr/offres/recherche/detail/6863725
6863726,M1716,Directeur(trice) marketing digital,DIRECTEUR / DIRECTRICE COMMUNICATION ET MARKETING DIGITAL (H/F),Bras Droit des Dirigeants,07,07 - Aubenas,commune,Franchise,FRA,False,5 An(s),5 ans,,False,,,,,2026-09-14,False,https://candidat.francetravail.fr/offres/recherche/detail/6863726
6863731,M1716,Directeur(trice) marketing digital,DIRECTEUR / DIRECTRICE COMMUNICATION ET MARKETING DIGITAL (H/F),Bras Droit des Dirigeants,13,13 - Arles,commune,Franchise,FRA,False,5 An(s),5 ans,,False,,,,,2026-09-14,False,https://candidat.francetravail.fr/offres/recherche/detail/6863731
6863734,M1716,Directeur(trice) marketing digital,DIRECTEUR / DIRECTRICE COMMUNICATION ET MARKETING DIGITAL (H/F),Bras Droit des Dirigeants,84,84 - Orange,commune,Franchise,FRA,False,5 An(s),5 ans,,False,,,,,2026-09-14,False,https://candidat.francetravail.fr/offres/recherche/detail/6863734
6863738,M1716,Directeur(trice) marketing digital,DIRECTEUR / DIRECTRICE COMMUNICATION ET MARKETING DIGITAL (H/F),Bras Droit des Dirigeants,76,76 - Rouen,commune,Franchise,FRA,False,5 An(s),5 ans,,False,,,,,2026-09-14,False,https://candidat.francetravail.fr/offres/recherche/detail/6863738
6863744,M1716,Directeur(trice) marketing digital,DIRECTEUR / DIRECTRICE COMMUNICATION ET MARKETING DIGITAL (H/F),Bras Droit des Dirigeants,84,84 - Avignon,commune,Franchise,FRA,False,5 An(s),5 ans,,False,,,,,2026-09-14,False,https://candidat.francetravail.fr/offres/recherche/detail/6863744
6863745,M1716,Directeur(trice) marketing digital,DIRECTEUR / DIRECTRICE COMMUNICATION ET MARKETING DIGITAL (H/F),Bras Droit des Dirigeants,92,92 - Nanterre,commune,Franchise,FRA,False,5 An(s),5 ans,,False,,,,,2026-09-14,False,https://candidat.francetravail.fr/offres/recherche/detail/6863745
6863746,M1716,Directeur(trice) marketing digital,DIRECTEUR / DIRECTRICE COMMUNICATION ET MARKETING DIGITAL (H/F),Bras Droit des Dirigeants,62,62 - Boulogne-sur-Mer,commune,Franchise,FRA,False,5 An(s),5 ans,,False,,,,,2026-09-14,False,https://candidat.francetravail.fr/offres/recherche/detail/6863746
6863754,M1716,Directeur(trice) marketing digital,DIRECTEUR / DIRECTRICE COMMUNICATION ET MARKETING DIGITAL (H/F),Bras Droit des Dirigeants,76,76 - Elbeuf,commune,Franchise,FRA,False,5 An(s),5 ans,,False,,,,,2026-09-14,False,https://candidat.francetravail.fr/offres/recherche/detail/6863754
6863772,M1716,Directeur(trice) marketing digital,DIRECTEUR / DIRECTRICE COMMUNICATION ET MARKETING DIGITAL (H/F),Bras Droit des Dirigeants,79,79 - Bressuire,commune,Franchise,FRA,False,5 An(s),5 ans,,False,,,,,2026-09-14,False,https://candidat.francetravail.fr/offres/recherche/detail/6863772
6863773,M1716,Directeur(trice) marketing digital,DIRECTEUR / DIRECTRICE COMMUNICATION ET MARKETING DIGITAL (H/F),Bras Droit des Dirigeants,62,62 - Béthune,commune,Franchise,FRA,False,5 An(s),5 ans,,False,,,,,2026-09-14,False,https://candidat.francetravail.fr/offres/recherche/detail/6863773
6863775,M1716,Directeur(trice) marketing digital,DIRECTEUR / DIRECTRICE COMMUNICATION ET MARKETING DIGITAL (H/F),Bras Droit des Dirigeants,76,76 - Dieppe,commune,Franchise,FRA,False,5 An(s),5 ans,,False,,,,,2026-09-14,False,https://candidat.francetravail.fr/offres/recherche/detail/6863775
6863777,M1716,Directeur(trice) marketing digital,DIRECTEUR / DIRECTRICE COMMUNICATION ET MARKETING DIGITAL (H/F),Bras Droit des Dirigeants,93,93 - Montreuil,commune,Franchise,FRA,False,5 An(s),5 ans,,False,,,,,2026-09-14,False,https://candidat.francetravail.fr/offres/recherche/detail/6863777
6863779,M1716,Directeur(trice) marketing digital,DIRECTEUR / DIRECTRICE COMMUNICATION ET MARKETING DIGITAL (H/F),Bras Droit des Dirigeants,77,77 - Meaux,commune,Franchise,FRA,False,5 An(s),5 ans,,False,,,,,2026-09-14,False,https://candidat.francetravail.fr/offres/recherche/detail/6863779
6863785,M1716,Directeur(trice) marketing digital,DIRECTEUR / DIRECTRICE COMMUNICATION ET MARKETING DIGITAL (H/F),Bras Droit des Dirigeants,62,62 - Saint-Omer,commune,Franchise,FRA,False,5 An(s),5 ans,,False,,,,,2026-09-14,False,https://candidat.francetravail.fr/offres/recherche/detail/6863785
6863786,M1716,Directeur(trice) marketing digital,DIRECTEUR / DIRECTRICE COMMUNICATION ET MARKETING DIGITAL (H/F),Bras Droit des Dirigeants,17,17 - Saintes,commune,Franchise,FRA,False,5 An(s),5 ans,,False,,,,,2026-09-14,False,https://candidat.francetravail.fr/offres/recherche/detail/6863786
6863788,M1716,Directeur(trice) marketing digital,DIRECTEUR / DIRECTRICE COMMUNICATION ET MARKETING DIGITAL (H/F),Bras Droit des Dirigeants,95,95 - Argenteuil,commune,Franchise,FRA,False,5 An(s),5 ans,,False,,,,,2026-09-14,False,https://candidat.francetravail.fr/offres/recherche/detail/6863788
6863792,M1716,Directeur(trice) marketing digital,DIRECTEUR / DIRECTRICE COMMUNICATION ET MARKETING DIGITAL (H/F),Bras Droit des Dirigeants,25,25 - Montbéliard,commune,Franchise,FRA,False,5 An(s),5 ans,,False,,,,,2026-09-14,False,https://candidat.francetravail.fr/offres/recherche/detail/6863792
6863795,M1716,Directeur(trice) marketing digital,DIRECTEUR / DIRECTRICE COMMUNICATION ET MARKETING DIGITAL (H/F),Bras Droit des Dirigeants,80,80 - Amiens,commune,Franchise,FRA,False,5 An(s),5 ans,,False,,,,,2026-09-14,False,https://candidat.francetravail.fr/offres/recherche/detail/6863795
6863800,M1716,Directeur(trice) marketing digital,DIRECTEUR / DIRECTRICE COMMUNICATION ET MARKETING DIGITAL (H/F),Bras Droit des Dirigeants,78,78 - Saint-Germain-en-Laye,commune,Franchise,FRA,False,5 An(s),5 ans,,False,,,,,2026-09-14,False,https://candidat.francetravail.fr/offres/recherche/detail/6863800
6863813,M1716,Directeur(trice) marketing digital,DIRECTEUR / DIRECTRICE COMMUNICATION ET MARKETING DIGITAL (H/F),Bras Droit des Dirigeants,80,80 - Abbeville,commune,Franchise,FRA,False,5 An(s),5 ans,,False,,,,,2026-09-14,False,https://candidat.francetravail.fr/offres/recherche/detail/6863813
6863814,M1716,Directeur(trice) marketing digital,DIRECTEUR / DIRECTRICE COMMUNICATION ET MARKETING DIGITAL (H/F),Bras Droit des Dirigeants,83,83 - Toulon,commune,Franchise,FRA,False,5 An(s),5 ans,,False,,,,,2026-09-14,False,https://candidat.francetravail.fr/offres/recherche/detail/6863814
6863817,M1716,Directeur(trice) marketing digital,DIRECTEUR / DIRECTRICE COMMUNICATION ET MARKETING DIGITAL (H/F),Bras Droit des Dirigeants,97,974 - Saint-Denis,commune,Franchise,FRA,False,5 An(s),5 ans,,False,,,,,2026-09-14,False,https://candidat.francetravail.fr/offres/recherche/detail/6863817
6863819,M1716,Directeur(trice) marketing digital,DIRECTEUR / DIRECTRICE COMMUNICATION ET MARKETING DIGITAL (H/F),Bras Droit des Dirigeants,82,82 - Montauban,commune,Franchise,FRA,False,5 An(s),5 ans,,False,,,,,2026-09-14,False,https://candidat.francetravail.fr/offres/recherche/detail/6863819
6863829,M1716,Directeur(trice) marketing digital,DIRECTEUR / DIRECTRICE COMMUNICATION ET MARKETING DIGITAL (H/F),Bras Droit des Dirigeants,73,73 - Chambéry,commune,Franchise,FRA,False,5 An(s),5 ans,,False,,,,,2026-09-14,False,https://candidat.francetravail.fr/offres/recherche/detail/6863829
6863831,M1716,Directeur(trice) marketing digital,DIRECTEUR / DIRECTRICE COMMUNICATION ET MARKETING DIGITAL (H/F),Bras Droit des Dirigeants,91,91 - Palaiseau,commune,Franchise,FRA,False,5 An(s),5 ans,,False,,,,,2026-09-14,False,https://candidat.francetravail.fr/offres/recherche/detail/6863831
6863834,M1716,Directeur(trice) marketing digital,DIRECTEUR / DIRECTRICE COMMUNICATION ET MARKETING DIGITAL (H/F),Bras Droit des Dirigeants,97,974 - Sainte-Marie,commune,Franchise,FRA,False,5 An(s),5 ans,,False,,,,,2026-09-14,False,https://candidat.francetravail.fr/offres/recherche/detail/6863834
6863835,M1716,Directeur(trice) marketing digital,DIRECTEUR / DIRECTRICE COMMUNICATION ET MARKETING DIGITAL (H/F),Bras Droit des Dirigeants,11,11 - Narbonne,commune,Franchise,FRA,False,5 An(s),5 ans,,False,,,,,2026-09-14,False,https://candidat.francetravail.fr/offres/recherche/detail/6863835
6863839,M1716,Directeur(trice) marketing digital,DIRECTEUR / DIRECTRICE COMMUNICATION ET MARKETING DIGITAL (H/F),Bras Droit des Dirigeants,75,75 - Paris,commune,Franchise,FRA,False,5 An(s),5 ans,,False,,,,,2026-09-14,False,https://candidat.francetravail.fr/offres/recherche/detail/6863839
6863842,M1716,Directeur(trice) marketing digital,DIRECTEUR / DIRECTRICE COMMUNICATION ET MARKETING DIGITAL (H/F),Bras Droit des Dirigeants,97,974 - Saint-Pierre,commune,Franchise,FRA,False,5 An(s),5 ans,,False,,,,,2026-09-14,False,https://candidat.francetravail.fr/offres/recherche/detail/6863842
6863851,M1716,Directeur(trice) marketing digital,DIRECTEUR / DIRECTRICE COMMUNICATION ET MARKETING DIGITAL (H/F),Bras Droit des Dirigeants,11,11 - Carcassonne,commune,Franchise,FRA,False,5 An(s),5 ans,,False,,,,,2026-09-14,False,https://candidat.francetravail.fr/offres/recherche/detail/6863851
6863852,M1716,Directeur(trice) marketing digital,DIRECTEUR / DIRECTRICE COMMUNICATION ET MARKETING DIGITAL (H/F),Bras Droit des Dirigeants,91,91 - Épinay-sur-Orge,commune,Franchise,FRA,False,5 An(s),5 ans,,False,,,,,2026-09-14,False,https://candidat.francetravail.fr/offres/recherche/detail/6863852
6863854,M1716,Directeur(trice) marketing digital,DIRECTEUR / DIRECTRICE COMMUNICATION ET MARKETING DIGITAL (H/F),Bras Droit des Dirigeants,74,74 - Annecy,commune,Franchise,FRA,False,5 An(s),5 ans,,False,,,,,2026-09-14,False,https://candidat.francetravail.fr/offres/recherche/detail/6863854
6863855,M1716,Directeur(trice) marketing digital,DIRECTEUR / DIRECTRICE COMMUNICATION ET MARKETING DIGITAL (H/F),Bras Droit des Dirigeants,10,10 - Troyes,commune,Franchise,FRA,False,5 An(s),5 ans,,False,,,,,2026-09-14,False,https://candidat.francetravail.fr/offres/recherche/detail/6863855
6863857,M1716,Directeur(trice) marketing digital,DIRECTEUR / DIRECTRICE COMMUNICATION ET MARKETING DIGITAL (H/F),Bras Droit des Dirigeants,79,79 - Niort,commune,Franchise,FRA,False,5 An(s),5 ans,,False,,,,,2026-09-14,False,https://candidat.francetravail.fr/offres/recherche/detail/6863857
6863861,M1716,Directeur(trice) marketing digital,DIRECTEUR / DIRECTRICE COMMUNICATION ET MARKETING DIGITAL (H/F),Bras Droit des Dirigeants,82,82 - Caussade,commune,Franchise,FRA,False,5 An(s),5 ans,,False,,,,,2026-09-14,False,https://candidat.francetravail.fr/offres/recherche/detail/6863861
6863864,M1716,Directeur(trice) marketing digital,DIRECTEUR / DIRECTRICE COMMUNICATION ET MARKETING DIGITAL (H/F),Bras Droit des Dirigeants,62,62 - Montreuil-sur-Mer,commune,Franchise,FRA,False,5 An(s),5 ans,,False,,,,,2026-09-14,False,https://candidat.francetravail.fr/offres/recherche/detail/6863864
6863867,M1716,Directeur(trice) marketing digital,DIRECTEUR / DIRECTRICE COMMUNICATION ET MARKETING DIGITAL (H/F),Bras Droit des Dirigeants,97,974 - Port,commune,Franchise,FRA,False,5 An(s),5 ans,,False,,,,,2026-09-14,False,https://candidat.francetravail.fr/offres/recherche/detail/6863867
6863868,M1716,Directeur(trice) marketing digital,DIRECTEUR / DIRECTRICE COMMUNICATION ET MARKETING DIGITAL (H/F),Bras Droit des Dirigeants,89,89 - Auxerre,commune,Franchise,FRA,False,5 An(s),5 ans,,False,,,,,2026-09-14,False,https://candidat.francetravail.fr/offres/recherche/detail/6863868
6863871,M1716,Directeur(trice) marketing digital,DIRECTEUR / DIRECTRICE COMMUNICATION ET MARKETING DIGITAL (H/F),Bras Droit des Dirigeants,78,78 - Mantes-la-Jolie,commune,Franchise,FRA,False,5 An(s),5 ans,,False,,,,,2026-09-14,False,https://candidat.francetravail.fr/offres/recherche/detail/6863871
6863876,M1716,Directeur(trice) marketing digital,DIRECTEUR / DIRECTRICE COMMUNICATION ET MARKETING DIGITAL (H/F),Bras Droit des Dirigeants,82,82 - Castelsarrasin,commune,Franchise,FRA,False,5 An(s),5 ans,,False,,,,,2026-09-14,False,https://candidat.francetravail.fr/offres/recherche/detail/6863876
6863884,M1716,Directeur(trice) marketing digital,DIRECTEUR / DIRECTRICE COMMUNICATION ET MARKETING DIGITAL (H/F),Bras Droit des Dirigeants,91,91 - Étampes,commune,Franchise,FRA,False,5 An(s),5 ans,,False,,,,,2026-09-14,False,https://candidat.francetravail.fr/offres/recherche/detail/6863884
6863905,M1716,Directeur(trice) marketing digital,DIRECTEUR / DIRECTRICE COMMUNICATION ET MARKETING DIGITAL (H/F),Bras Droit des Dirigeants,94,94 - Vitry-sur-Seine,commune,Franchise,FRA,False,5 An(s),5 ans,,False,,,,,2026-09-14,False,https://candidat.francetravail.fr/offres/recherche/detail/6863905
6863908,M1716,Directeur(trice) marketing digital,DIRECTEUR / DIRECTRICE COMMUNICATION ET MARKETING DIGITAL (H/F),Bras Droit des Dirigeants,78,78 - Guyancourt,commune,Franchise,FRA,False,5 An(s),5 ans,,False,,,,,2026-09-14,False,https://candidat.francetravail.fr/offres/recherche/detail/6863908
6863917,M1716,Directeur(trice) marketing digital,DIRECTEUR / DIRECTRICE COMMUNICATION ET MARKETING DIGITAL (H/F),Bras Droit des Dirigeants,64,64 - Pau,commune,Franchise,FRA,False,5 An(s),5 ans,,False,,,,,2026-09-14,False,https://candidat.francetravail.fr/offres/recherche/detail/6863917
6863934,M1716,Directeur(trice) marketing digital,DIRECTEUR / DIRECTRICE COMMUNICATION ET MARKETING DIGITAL (H/F),Bras Droit des Dirigeants,88,88 - Épinal,commune,Franchise,FRA,False,5 An(s),5 ans,,False,,,,,2026-09-14,False,https://candidat.francetravail.fr/offres/recherche/detail/6863934
6863939,M1716,Directeur(trice) marketing digital,DIRECTEUR / DIRECTRICE COMMUNICATION ET MARKETING DIGITAL (H/F),Bras Droit des Dirigeants,83,83 - Hyères,commune,Franchise,FRA,False,5 An(s),5 ans,,False,,,,,2026-09-14,False,https://candidat.francetravail.fr/offres/recherche/detail/6863939
6863940,M1716,Directeur(trice) marketing digital,DIRECTEUR / DIRECTRICE COMMUNICATION ET MARKETING DIGITAL (H/F),Bras Droit des Dirigeants,78,78 - Poissy,commune,Franchise,FRA,False,5 An(s),5 ans,,False,,,,,2026-09-14,False,https://candidat.francetravail.fr/offres/recherche/detail/6863940
6863941,M1716,Directeur(trice) marketing digital,DIRECTEUR / DIRECTRICE COMMUNICATION ET MARKETING DIGITAL (H/F),Bras Droit des Dirigeants,93,93 - Saint-Denis,commune,Franchise,FRA,False,5 An(s),5 ans,,False,,,,,2026-09-14,False,https://candidat.francetravail.fr/offres/recherche/detail/6863941
6863946,M1716,Directeur(trice) marketing digital,DIRECTEUR / DIRECTRICE COMMUNICATION ET MARKETING DIGITAL (H/F),Bras Droit des Dirigeants,77,77 - Coulommiers,commune,Franchise,FRA,False,5 An(s),5 ans,,False,,,,,2026-09-14,False,https://candidat.francetravail.fr/offres/recherche/detail/6863946
6863949,M1716,Directeur(trice) marketing digital,DIRECTEUR / DIRECTRICE COMMUNICATION ET MARKETING DIGITAL (H/F),Bras Droit des Dirigeants,97,974 - Saint-Paul,commune,Franchise,FRA,False,5 An(s),5 ans,,False,,,,,2026-09-14,False,https://candidat.francetravail.fr/offres/recherche/detail/6863949
6863962,M1716,Directeur(trice) marketing digital,DIRECTEUR / DIRECTRICE COMMUNICATION ET MARKETING DIGITAL (H/F),Bras Droit des Dirigeants,85,85 - Herbiers,commune,Franchise,FRA,False,5 An(s),5 ans,,False,,,,,2026-09-14,False,https://candidat.francetravail.fr/offres/recherche/detail/6863962
6863965,M1716,Directeur(trice) marketing digital,DIRECTEUR / DIRECTRICE COMMUNICATION ET MARKETING DIGITAL (H/F),Bras Droit des Dirigeants,77,77 - Provins,commune,Franchise,FRA,False,5 An(s),5 ans,,False,,,,,2026-09-14,False,https://candidat.francetravail.fr/offres/recherche/detail/6863965
6863988,M1716,Directeur(trice) marketing digital,DIRECTEUR / DIRECTRICE COMMUNICATION ET MARKETING DIGITAL (H/F),Bras Droit des Dirigeants,93,93 - Aulnay-sous-Bois,commune,Franchise,FRA,False,5 An(s),5 ans,,False,,,,,2026-09-14,False,https://candidat.francetravail.fr/offres/recherche/detail/6863988
6863990,M1716,Directeur(trice) marketing digital,DIRECTEUR / DIRECTRICE COMMUNICATION ET MARKETING DIGITAL (H/F),Bras Droit des Dirigeants,63,63 - Clermont-Ferrand,commune,Franchise,FRA,False,5 An(s),5 ans,,False,,,,,2026-09-14,False,https://candidat.francetravail.fr/offres/recherche/detail/6863990
6863994,M1716,Directeur(trice) marketing digital,DIRECTEUR / DIRECTRICE COMMUNICATION ET MARKETING DIGITAL (H/F),Bras Droit des Dirigeants,77,77 - Samois-sur-Seine,commune,Franchise,FRA,False,5 An(s),5 ans,,False,,,,,2026-09-14,False,https://candidat.francetravail.fr/offres/recherche/detail/6863994
6864006,M1716,Directeur(trice) marketing digital,DIRECTEUR / DIRECTRICE COMMUNICATION ET MARKETING DIGITAL (H/F),Bras Droit des Dirigeants,68,68 - Colmar,commune,Franchise,FRA,False,5 An(s),5 ans,,False,,,,,2026-09-14,False,https://candidat.francetravail.fr/offres/recherche/detail/6864006
6864013,M1716,Directeur(trice) marketing digital,DIRECTEUR / DIRECTRICE COMMUNICATION ET MARKETING DIGITAL (H/F),Bras Droit des Dirigeants,86,86 - Poitiers,commune,Franchise,FRA,False,5 An(s),5 ans,,False,,,,,2026-09-14,False,https://candidat.francetravail.fr/offres/recherche/detail/6864013
6864014,M1716,Directeur(trice) marketing digital,DIRECTEUR / DIRECTRICE COMMUNICATION ET MARKETING DIGITAL (H/F),Bras Droit des Dirigeants,94,94 - Champigny-sur-Marne,commune,Franchise,FRA,False,5 An(s),5 ans,,False,,,,,2026-09-14,False,https://candidat.francetravail.fr/offres/recherche/detail/6864014
6864015,M1716,Directeur(trice) marketing digital,DIRECTEUR / DIRECTRICE COMMUNICATION ET MARKETING DIGITAL (H/F),Bras Droit des Dirigeants,61,61 - Flers,commune,Franchise,FRA,False,5 An(s),5 ans,,False,,,,,2026-09-14,False,https://candidat.francetravail.fr/offres/recherche/detail/6864015
6864016,M1716,Directeur(trice) marketing digital,DIRECTEUR / DIRECTRICE COMMUNICATION ET MARKETING DIGITAL (H/F),Bras Droit des Dirigeants,61,61 - Alençon,commune,Franchise,FRA,False,5 An(s),5 ans,,False,,,,,2026-09-14,False,https://candidat.francetravail.fr/offres/recherche/detail/6864016
6864017,M1716,Directeur(trice) marketing digital,DIRECTEUR / DIRECTRICE COMMUNICATION ET MARKETING DIGITAL (H/F),Bras Droit des Dirigeants,47,47 - Agen,commune,Franchise,FRA,False,5 An(s),5 ans,,False,,,,,2026-09-14,False,https://candidat.francetravail.fr/offres/recherche/detail/6864017
6864023,M1716,Directeur(trice) marketing digital,DIRECTEUR / DIRECTRICE COMMUNICATION ET MARKETING DIGITAL (H/F),Bras Droit des Dirigeants,38,38 - Bourgoin-Jallieu,commune,Franchise,FRA,False,5 An(s),5 ans,,False,,,,,2026-09-14,False,https://candidat.francetravail.fr/offres/recherche/detail/6864023
6864024,M1716,Directeur(trice) marketing digital,DIRECTEUR / DIRECTRICE COMMUNICATION ET MARKETING DIGITAL (H/F),Bras Droit des Dirigeants,49,49 - Saumur,commune,Franchise,FRA,False,5 An(s),5 ans,,False,,,,,2026-09-14,False,https://candidat.francetravail.fr/offres/recherche/detail/6864024
6864025,M1716,Directeur(trice) marketing digital,DIRECTEUR / DIRECTRICE COMMUNICATION ET MARKETING DIGITAL (H/F),Bras Droit des Dirigeants,39,39 - Lons-le-Saunier,commune,Franchise,FRA,False,5 An(s),5 ans,,False,,,,,2026-09-14,False,https://candidat.francetravail.fr/offres/recherche/detail/6864025
6864031,M1716,Directeur(trice) marketing digital,DIRECTEUR / DIRECTRICE COMMUNICATION ET MARKETING DIGITAL (H/F),Bras Droit des Dirigeants,50,50 - Saint-Lô,commune,Franchise,FRA,False,5 An(s),5 ans,,False,,,,,2026-09-14,False,https://candidat.francetravail.fr/offres/recherche/detail/6864031
6864034,M1716,Directeur(trice) marketing digital,DIRECTEUR / DIRECTRICE COMMUNICATION ET MARKETING DIGITAL (H/F),Bras Droit des Dirigeants,05,05 - Gap,commune,Franchise,FRA,False,5 An(s),5 ans,,False,,,,,2026-09-14,False,https://candidat.francetravail.fr/offres/recherche/detail/6864034
6864038,M1716,Directeur(trice) marketing digital,DIRECTEUR / DIRECTRICE COMMUNICATION ET MARKETING DIGITAL (H/F),Bras Droit des Dirigeants,26,26 - Valence,commune,Franchise,FRA,False,5 An(s),5 ans,,False,,,,,2026-09-14,False,https://candidat.francetravail.fr/offres/recherche/detail/6864038
6864039,M1716,Directeur(trice) marketing digital,DIRECTEUR / DIRECTRICE COMMUNICATION ET MARKETING DIGITAL (H/F),Bras Droit des Dirigeants,65,65 - Tarbes,commune,Franchise,FRA,False,5 An(s),5 ans,,False,,,,,2026-09-14,False,https://candidat.francetravail.fr/offres/recherche/detail/6864039
6864041,M1716,Directeur(trice) marketing digital,DIRECTEUR / DIRECTRICE COMMUNICATION ET MARKETING DIGITAL (H/F),Bras Droit des Dirigeants,04,04 - Digne-les-Bains,commune,Franchise,FRA,False,5 An(s),5 ans,,False,,,,,2026-09-14,False,https://candidat.francetravail.fr/offres/recherche/detail/6864041
6864054,M1716,Directeur(trice) marketing digital,DIRECTEUR / DIRECTRICE COMMUNICATION ET MARKETING DIGITAL (H/F),Bras Droit des Dirigeants,67,67 - Sélestat,commune,Franchise,FRA,False,5 An(s),5 ans,,False,,,,,2026-09-14,False,https://candidat.francetravail.fr/offres/recherche/detail/6864054
6864068,M1716,Directeur(trice) marketing digital,DIRECTEUR / DIRECTRICE COMMUNICATION ET MARKETING DIGITAL (H/F),Bras Droit des Dirigeants,46,46 - Cahors,commune,Franchise,FRA,False,5 An(s),5 ans,,False,,,,,2026-09-14,False,https://candidat.francetravail.fr/offres/recherche/detail/6864068
6864069,M1716,Directeur(trice) marketing digital,DIRECTEUR / DIRECTRICE COMMUNICATION ET MARKETING DIGITAL (H/F),Bras Droit des Dirigeants,60,60 - Compiègne,commune,Franchise,FRA,False,5 An(s),5 ans,,False,,,,,2026-09-14,False,https://candidat.francetravail.fr/offres/recherche/detail/6864069
6864078,M1716,Directeur(trice) marketing digital,DIRECTEUR / DIRECTRICE COMMUNICATION ET MARKETING DIGITAL (H/F),Bras Droit des Dirigeants,57,57 - Vic-sur-Seille,commune,Franchise,FRA,False,5 An(s),5 ans,,False,,,,,2026-09-14,False,https://candidat.francetravail.fr/offres/recherche/detail/6864078
6864085,M1716,Directeur(trice) marketing digital,DIRECTEUR / DIRECTRICE COMMUNICATION ET MARKETING DIGITAL (H/F),Bras Droit des Dirigeants,58,58 - Nevers,commune,Franchise,FRA,False,5 An(s),5 ans,,False,,,,,2026-09-14,False,https://candidat.francetravail.fr/offres/recherche/detail/6864085
6864158,M1716,Directeur(trice) marketing digital,DIRECTEUR / DIRECTRICE COMMUNICATION ET MARKETING DIGITAL (H/F),Bras Droit des Dirigeants,33,33 - Bordeaux,commune,Franchise,FRA,False,5 An(s),5 ans,,False,,,,,2026-09-14,False,https://candidat.francetravail.fr/offres/recherche/detail/6864158
6864170,M1716,Directeur(trice) marketing digital,DIRECTEUR / DIRECTRICE COMMUNICATION ET MARKETING DIGITAL (H/F),Bras Droit des Dirigeants,18,18 - Bourges,commune,Franchise,FRA,False,5 An(s),5 ans,,False,,,,,2026-09-14,False,https://candidat.francetravail.fr/offres/recherche/detail/6864170
6864218,M1716,Directeur(trice) marketing digital,DIRECTEUR / DIRECTRICE COMMUNICATION ET MARKETING DIGITAL (H/F),Bras Droit des Dirigeants,59,59 - Valenciennes,commune,Franchise,FRA,False,5 An(s),5 ans,,False,,,,,2026-09-14,False,https://candidat.francetravail.fr/offres/recherche/detail/6864218
6864260,M1716,Directeur(trice) marketing digital,DIRECTEUR / DIRECTRICE COMMUNICATION ET MARKETING DIGITAL (H/F),Bras Droit des Dirigeants,57,57 - Metz,commune,Franchise,FRA,False,5 An(s),5 ans,,False,,,,,2026-09-14,False,https://candidat.francetravail.fr/offres/recherche/detail/6864260
6864302,M1716,Directeur(trice) marketing digital,DIRECTEUR / DIRECTRICE COMMUNICATION ET MARKETING DIGITAL (H/F),Bras Droit des Dirigeants,49,49 - Segré-en-Anjou Bleu,commune,Franchise,FRA,False,5 An(s),5 ans,,False,,,,,2026-09-14,False,https://candidat.francetravail.fr/offres/recherche/detail/6864302
6864303,M1716,Directeur(trice) marketing digital,DIRECTEUR / DIRECTRICE COMMUNICATION ET MARKETING DIGITAL (H/F),Bras Droit des Dirigeants,59,59 - Villeneuve-d'Ascq,commune,Franchise,FRA,False,5 An(s),5 ans,,False,,,,,2026-09-14,False,https://candidat.francetravail.fr/offres/recherche/detail/6864303
6864335,M1716,Directeur(trice) marketing digital,DIRECTEUR / DIRECTRICE COMMUNICATION ET MARKETING DIGITAL (H/F),Bras Droit des Dirigeants,59,59 - Cambrai,commune,Franchise,FRA,False,5 An(s),5 ans,,False,,,,,2026-09-14,False,https://candidat.francetravail.fr/offres/recherche/detail/6864335
6864348,M1716,Directeur(trice) marketing digital,DIRECTEUR / DIRECTRICE COMMUNICATION ET MARKETING DIGITAL (H/F),Bras Droit des Dirigeants,35,35 - Rennes,commune,Franchise,FRA,False,5 An(s),5 ans,,False,,,,,2026-09-14,False,https://candidat.francetravail.fr/offres/recherche/detail/6864348
6864354,M1716,Directeur(trice) marketing digital,DIRECTEUR / DIRECTRICE COMMUNICATION ET MARKETING DIGITAL (H/F),Bras Droit des Dirigeants,59,59 - Douai,commune,Franchise,FRA,False,5 An(s),5 ans,,False,,,,,2026-09-14,False,https://candidat.francetravail.fr/offres/recherche/detail/6864354
6864371,M1716,Directeur(trice) marketing digital,DIRECTEUR / DIRECTRICE COMMUNICATION ET MARKETING DIGITAL (H/F),Bras Droit des Dirigeants,54,54 - Nancy,commune,Franchise,FRA,False,5 An(s),5 ans,,False,,,,,2026-09-14,False,https://candidat.francetravail.fr/offres/recherche/detail/6864371
6864375,M1716,Directeur(trice) marketing digital,DIRECTEUR / DIRECTRICE COMMUNICATION ET MARKETING DIGITAL (H/F),Bras Droit des Dirigeants,32,32 - Auch,commune,Franchise,FRA,False,5 An(s),5 ans,,False,,,,,2026-09-14,False,https://candidat.francetravail.fr/offres/recherche/detail/6864375
6864379,M1716,Directeur(trice) marketing digital,DIRECTEUR / DIRECTRICE COMMUNICATION ET MARKETING DIGITAL (H/F),Bras Droit des Dirigeants,28,28 - Chartres,commune,Franchise,FRA,False,5 An(s),5 ans,,False,,,,,2026-09-14,False,https://candidat.francetravail.fr/offres/recherche/detail/6864379
6864383,M1716,Directeur(trice) marketing digital,DIRECTEUR / DIRECTRICE COMMUNICATION ET MARKETING DIGITAL (H/F),Bras Droit des Dirigeants,32,32 - Fleurance,commune,Franchise,FRA,False,5 An(s),5 ans,,False,,,,,2026-09-14,False,https://candidat.francetravail.fr/offres/recherche/detail/6864383
6864388,M1716,Directeur(trice) marketing digital,DIRECTEUR / DIRECTRICE COMMUNICATION ET MARKETING DIGITAL (H/F),Bras Droit des Dirigeants,01,01 - Bourg-en-Bresse,commune,Franchise,FRA,False,5 An(s),5 ans,,False,,,,,2026-09-14,False,https://candidat.francetravail.fr/offres/recherche/detail/6864388
6864389,M1716,Directeur(trice) marketing digital,DIRECTEUR / DIRECTRICE COMMUNICATION ET MARKETING DIGITAL (H/F),Bras Droit des Dirigeants,27,27 - Louviers,commune,Franchise,FRA,False,5 An(s),5 ans,,False,,,,,2026-09-14,False,https://candidat.francetravail.fr/offres/recherche/detail/6864389
6864396,M1716,Directeur(trice) marketing digital,DIRECTEUR / DIRECTRICE COMMUNICATION ET MARKETING DIGITAL (H/F),Bras Droit des Dirigeants,27,27 - Gisors,commune,Franchise,FRA,False,5 An(s),5 ans,,False,,,,,2026-09-14,False,https://candidat.francetravail.fr/offres/recherche/detail/6864396
6864402,M1716,Directeur(trice) marketing digital,DIRECTEUR / DIRECTRICE COMMUNICATION ET MARKETING DIGITAL (H/F),Bras Droit des Dirigeants,27,27 - Évreux,commune,Franchise,FRA,False,5 An(s),5 ans,,False,,,,,2026-09-14,False,https://candidat.francetravail.fr/offres/recherche/detail/6864402
6864411,M1716,Directeur(trice) marketing digital,DIRECTEUR / DIRECTRICE COMMUNICATION ET MARKETING DIGITAL (H/F),Bras Droit des Dirigeants,32,32 - Nogaro,commune,Franchise,FRA,False,5 An(s),5 ans,,False,,,,,2026-09-14,False,https://candidat.francetravail.fr/offres/recherche/detail/6864411
6864421,M1716,Directeur(trice) marketing digital,DIRECTEUR / DIRECTRICE COMMUNICATION ET MARKETING DIGITAL (H/F),Bras Droit des Dirigeants,38,38 - Grenoble,commune,Franchise,FRA,False,5 An(s),5 ans,,False,,,,,2026-09-14,False,https://candidat.francetravail.fr/offres/recherche/detail/6864421
6864427,M1716,Directeur(trice) marketing digital,DIRECTEUR / DIRECTRICE COMMUNICATION ET MARKETING DIGITAL (H/F),Bras Droit des Dirigeants,32,32 - Mirande,commune,Franchise,FRA,False,5 An(s),5 ans,,False,,,,,2026-09-14,False,https://candidat.francetravail.fr/offres/recherche/detail/6864427
6864435,M1716,Directeur(trice) marketing digital,DIRECTEUR / DIRECTRICE COMMUNICATION ET MARKETING DIGITAL (H/F),Bras Droit des Dirigeants,27,27 - Vernon,commune,Franchise,FRA,False,5 An(s),5 ans,,False,,,,,2026-09-14,False,https://candidat.francetravail.fr/offres/recherche/detail/6864435
6864440,M1716,Directeur(trice) marketing digital,DIRECTEUR / DIRECTRICE COMMUNICATION ET MARKETING DIGITAL (H/F),Bras Droit des Dirigeants,31,31 - Toulouse,commune,Franchise,FRA,False,5 An(s),5 ans,,False,,,,,2026-09-14,False,https://candidat.francetravail.fr/offres/recherche/detail/6864440
6864459,M1716,Directeur(trice) marketing digital,DIRECTEUR / DIRECTRICE COMMUNICATION ET MARKETING DIGITAL (H/F),Bras Droit des Dirigeants,31,31 - Labège,commune,Franchise,FRA,False,5 An(s),5 ans,,False,,,,,2026-09-14,False,https://candidat.francetravail.fr/offres/recherche/detail/6864459
6864465,M1716,Directeur(trice) marketing digital,DIRECTEUR / DIRECTRICE COMMUNICATION ET MARKETING DIGITAL (H/F),Bras Droit des Dirigeants,40,40 - Mont-de-Marsan,commune,Franchise,FRA,False,5 An(s),5 ans,,False,,,,,2026-09-14,False,https://candidat.francetravail.fr/offres/recherche/detail/6864465
6864473,M1716,Directeur(trice) marketing digital,DIRECTEUR / DIRECTRICE COMMUNICATION ET MARKETING DIGITAL (H/F),Bras Droit des Dirigeants,22,22 - Saint-Brieuc,commune,Franchise,FRA,False,5 An(s),5 ans,,False,,,,,2026-09-14,False,https://candidat.francetravail.fr/offres/recherche/detail/6864473
6864487,M1716,Directeur(trice) marketing digital,DIRECTEUR / DIRECTRICE COMMUNICATION ET MARKETING DIGITAL (H/F),Bras Droit des Dirigeants,02,02 - Saint-Quentin,commune,Franchise,FRA,False,5 An(s),5 ans,,False,,,,,2026-09-14,False,https://candidat.francetravail.fr/offres/recherche/detail/6864487
6864491,M1716,Directeur(trice) marketing digital,DIRECTEUR / DIRECTRICE COMMUNICATION ET MARKETING DIGITAL (H/F),Bras Droit des Dirigeants,31,31 - Balma,commune,Franchise,FRA,False,5 An(s),5 ans,,False,,,,,2026-09-14,False,https://candidat.francetravail.fr/offres/recherche/detail/6864491
6864541,M1716,Directeur(trice) marketing digital,DIRECTEUR / DIRECTRICE COMMUNICATION ET MARKETING DIGITAL (H/F),Bras Droit des Dirigeants,59,59 - Douai,commune,Franchise,FRA,False,5 An(s),5 ans,,False,,,,,2026-09-14,True,https://candidat.francetravail.fr/offres/recherche/detail/6864541
6864711,M1716,Directeur(trice) marketing digital,DIRECTEUR / DIRECTRICE COMMUNICATION ET MARKETING DIGITAL (H/F),Bras Droit des Dirigeants,22,22 - Saint-Brieuc,commune,Franchise,FRA,False,5 An(s),5 ans,,False,,,,,2026-09-14,True,https://candidat.francetravail.fr/offres/recherche/detail/6864711
6864718,M1716,Directeur(trice) marketing digital,DIRECTEUR / DIRECTRICE COMMUNICATION ET MARKETING DIGITAL (H/F),Bras Droit des Dirigeants,02,02 - Saint-Quentin,commune,Franchise,FRA,False,5 An(s),5 ans,,False,,,,,2026-09-14,True,https://candidat.francetravail.fr/offres/recherche/detail/6864718
6907951,M1716,Directeur(trice) marketing digital,Responsable Marketing & CRM (H/F),,67,67 - Bischheim,commune,CDI,CDI,True,6 An(s),6 ans et plus,,False,,,,,2026-09-15,False,https://candidat.francetravail.fr/offres/recherche/detail/6907951
6911506,M1716,Directeur(trice) marketing digital,Digital Marketing Manager (H/F),HeyTeam,75,75 - Paris,commune,CDI,CDI,True,Expérience exigée,"Exigée, sans durée",,False,,,,,2026-09-16,False,https://candidat.francetravail.fr/offres/recherche/detail/6911506
6927331,M1716,Directeur(trice) marketing digital,Développeur Golang - Écosystème Kubernetes/OpenShift - Freelance (H/F),Collective.work,75,75 - Paris,commune,Profession libérale,LIB,False,Débutant accepté,Débutant accepté,,False,,,,,2026-09-16,False,https://candidat.francetravail.fr/offres/recherche/detail/6927331
6928070,M1716,Directeur(trice) marketing digital,Chef de projet marketing digital / Campaign owner (H/F),KLANIK,13,13 - Marseille 8e Arrondissement,commune,CDI,CDI,True,5 An(s),5 ans,,False,,,,,2026-09-16,False,https://candidat.francetravail.fr/offres/recherche/detail/6928070
6947467,M1716,Directeur(trice) marketing digital,Responsable Marketing Acquisition & Performance (H/F),LHH RECRUITMENT SOLUTIONS,92,92 - Levallois-Perret,commune,CDI,CDI,True,6 An(s),6 ans et plus,,False,,,,,2026-09-17,False,https://candidat.francetravail.fr/offres/recherche/detail/6947467
7030413,M1716,Directeur(trice) marketing digital,Expert GitHub (Administration de plateforme) - Freelance (H/F),Collective.work,75,75 - Paris,commune,Profession libérale,LIB,False,Débutant accepté,Débutant accepté,,True,,,,,2026-09-19,False,https://candidat.francetravail.fr/offres/recherche/detail/7030413
7043516,M1716,Directeur(trice) marketing digital,Responsable Pricing - IA & Solutions Digitales (F/H),,78,78 - Prunay-en-Yvelines,commune,CDI,CDI,True,Débutant accepté,Débutant accepté,,False,,,,,2026-09-20,False,https://candidat.francetravail.fr/offres/recherche/detail/7043516
7053130,M1716,Directeur(trice) marketing digital,"Chargé(e) de marketing, communication et digital « ».(Saint-Georges de Luzençon) #TET12731 (H/F)",Tetranergy Business School Rodez,12,12 - Creissels,commune,CDD,CDD,True,1 An(s),1 an,,False,,,,,2026-09-21,False,https://candidat.francetravail.fr/offres/recherche/detail/7053130
7074198,M1716,Directeur(trice) marketing digital,Responsable marketing digital SEO SEA Specialist  (H/F),Manpower,75,75 - Paris,commune,CDD,CDD,True,Expérience exigée,"Exigée, sans durée",,False,,,,,2026-09-22,False,https://candidat.francetravail.fr/offres/recherche/detail/7074198
7093771,M1716,Directeur(trice) marketing digital,Alternance Chargé(e) de Marketing digital - Mardié (H/F),ISCOD,45,45 - Mardié,commune,CDD,CDD,True,1 An(s),1 an,,False,,,,,2026-09-22,False,https://candidat.francetravail.fr/offres/recherche/detail/7093771
7094057,M1716,Directeur(trice) marketing digital,ASSISTANT.E marketing digital & IA « ».(Rodez) #TET14182 (H/F),Tetranergy Business School Rodez,12,12 - Rodez,commune,CDD,CDD,True,1 An(s),1 an,,False,,,,,2026-09-22,False,https://candidat.francetravail.fr/offres/recherche/detail/7094057
7132277,M1716,Directeur(trice) marketing digital,Alternance Assistant(e) Commercial(e) & Marketing Digital - Paris (H/F),ISCOD,75,75 - Paris 8e Arrondissement,commune,CDD,CDD,True,1 An(s),1 an,,False,,,,,2026-09-23,False,https://candidat.francetravail.fr/offres/recherche/detail/7132277
7132286,M1716,Directeur(trice) marketing digital,Alternance Chargé(e) de marketing digital - Ayse (H/F),ISCOD,74,74 - Vougy,commune,CDD,CDD,True,1 An(s),1 an,,False,,,,,2026-09-23,False,https://candidat.francetravail.fr/offres/recherche/detail/7132286
7132309,M1716,Directeur(trice) marketing digital,Alternance Office Manager Commerce & Digital - Argenteuil (H/F),ISCOD,95,95 - Argenteuil,commune,CDD,CDD,True,1 An(s),1 an,,False,,,,,2026-09-23,False,https://candidat.francetravail.fr/offres/recherche/detail/7132309
7135010,M1716,Directeur(trice) marketing digital,Alternance Chargé(e) de marketing digital - Ayse (F/H),,74,74 - Ayse,commune,CDD,CDD,True,Débutant accepté,Débutant accepté,,False,,,,,2026-09-23,False,https://candidat.francetravail.fr/offres/recherche/detail/7135010
7136534,M1716,Directeur(trice) marketing digital,Alternant(e) Marketing et Communication Bac+4/5 - Produits Digitaux H/F,,94,94 - Saint-Maurice,commune,CDD,CDD,True,Débutant accepté,Débutant accepté,,False,,,,,2026-09-23,False,https://candidat.francetravail.fr/offres/recherche/detail/7136534
7161871,M1716,Directeur(trice) marketing digital,Expert Déploiement MCP - IA générative - Freelance (H/F),Collective.work,59,59 - Lille,commune,Profession libérale,LIB,False,2 An(s),2 ans,,False,,,,,2026-09-24,False,https://candidat.francetravail.fr/offres/recherche/detail/7161871
7165212,M1716,Directeur(trice) marketing digital,Directeur Marketing Digital Global F/H - MARSEILLETTE,,11,11 - Marseillette,commune,CDI,CDI,True,Débutant accepté,Débutant accepté,,False,,,,,2026-09-24,False,https://candidat.francetravail.fr/offres/recherche/detail/7165212
7168293,M1716,Directeur(trice) marketing digital,CRM Manager / Expert HubSpot H/F,WINSEARCH - MONTPELLIER INDUSTRIE,35,35 - Rennes,commune,CDI,CDI,True,5 An(s),5 ans,,False,"Annuel de 40000.0 Euros à 45000.0 Euros - chèques vacances, chèques cadeaux...",Annuel,40000,45000,2026-09-24,False,https://candidat.francetravail.fr/offres/recherche/detail/7168293
7346039,M1716,Directeur(trice) marketing digital,Store Manager H/F CDI 37H SAINT GENIS 2,,69,69 - Sainte-Paule,commune,CDI,CDI,True,3 An(s),3 ans,,False,,,,,2026-09-24,False,https://candidat.francetravail.fr/offres/recherche/detail/7346039
7400303,M1716,Directeur(trice) marketing digital,"Chargé(e) de Marketing Digital, E-commerce et CRM (H/F)",,33,33 - Canéjan,commune,CDI,CDI,True,2 An(s),2 ans,,False,,,,,2026-09-25,False,https://candidat.francetravail.fr/offres/recherche/detail/7400303
7403937,M1716,Directeur(trice) marketing digital,Responsable Marketing Digital E-commerce (H/F),OLYDES,47,47 - Brax,commune,CDI,CDI,True,3 An(s),3 ans,,False,Annuel de 35000.0 Euros à 40000.0 Euros - Votre rémunération sera composée d'u,Annuel,35000,40000,2026-09-26,False,https://candidat.francetravail.fr/offres/recherche/detail/7403937
7425083,M1716,Directeur(trice) marketing digital,"Alternance Marketing digital, contenu & création - Marseille (F/H)",,13,13 - Marseille,commune,CDD,CDD,True,Débutant accepté,Débutant accepté,,False,,,,,2026-09-26,False,https://candidat.francetravail.fr/offres/recherche/detail/7425083
7425113,M1716,Directeur(trice) marketing digital,CDD - RESPONSABLE ACQUISITION PAYANT (H/F),,91,91 - Bondoufle,commune,CDD,CDD,True,Débutant accepté,Débutant accepté,,True,,,,,2026-09-26,False,https://candidat.francetravail.fr/offres/recherche/detail/7425113
7431486,M1716,Directeur(trice) marketing digital,Digital Acquisition Manager H/F,,75,75 - Paris,departement,CDI,CDI,True,5 An(s),5 ans,,True,,,,,2026-09-26,False,https://candidat.francetravail.fr/offres/recherche/detail/7431486
7465449,M1716,Directeur(trice) marketing digital,"Alternance Marketing digital, contenu & création - Marseille (H/F)",ISCOD,13,13 - Marseille 1er Arrondissement,commune,CDD,CDD,True,1 An(s),1 an,,False,,,,,2026-09-28,False,https://candidat.francetravail.fr/offres/recherche/detail/7465449
7472114,M1716,Directeur(trice) marketing digital,Acheteur / Responsable Fabrication Print et Marketing H/F,,06,06 - Alpes-Maritimes,departement,CDI,CDI,True,Débutant accepté,Débutant accepté,,True,,,,,2026-09-28,False,https://candidat.francetravail.fr/offres/recherche/detail/7472114
2026828,M1718,Chargé(e) de marketing digital,Web marketer (H/F),LECLERC VOYAGES,29,29 - Scaër,commune,CDD,CDD,True,Débutant accepté,Débutant accepté,,False,,,,,2026-04-28,False,https://candidat.francetravail.fr/offres/recherche/detail/2026828
209FNBG,M1718,Chargé(e) de marketing digital,Chef(fe) de produit marketing junior (H/F),CENTRE VAL DE LOIRE EATT,45,45 - CHILLEURS AUX BOIS,offre,Intérim,MIS,True,Débutant accepté,Débutant accepté,,False,Horaire de 12.31 Euros - selon profil,Horaire,19782,19782,2026-06-03,False,https://candidat.francetravail.fr/offres/recherche/detail/209FNBG
210MQLM,M1718,Chargé(e) de marketing digital,Senior User Acquisition Manager (H/F),MILLION VICTORIES,69,69 - LYON,offre,CDI,CDI,True,6 An(s) - Dans le secteur du JV,6 ans et plus,,True,Annuel de 50000.0 Euros à 60000.0 Euros sur 12 mois,Annuel,50000,60000,2026-06-30,False,https://candidat.francetravail.fr/offres/recherche/detail/210MQLM
211HCPS,M1718,Chargé(e) de marketing digital,Customer Growth & Intelligence Manager (H/F/X) (H/F),EDITIONS TECHNIQUES POUR L'AUTOMOBILE ET,94,94 - GENTILLY,offre,CDI,CDI,True,8 An(s),6 ans et plus,,False,,,,,2026-07-16,False,https://candidat.francetravail.fr/offres/recherche/detail/211HCPS
211HCSM,M1718,Chargé(e) de marketing digital,Demand Generation Manager (H/F/X) (H/F),EDITIONS TECHNIQUES POUR L'AUTOMOBILE ET,94,94 - GENTILLY,offre,CDI,CDI,True,8 An(s),6 ans et plus,,False,,,,,2026-07-16,False,https://candidat.francetravail.fr/offres/recherche/detail/211HCSM
212DLSM,M1718,Chargé(e) de marketing digital,Chef de projet Marketing F/H,SAS EQUIPEMENT DE LA MAISON,91,91 - Vert-le-Grand,offre,CDI,CDI,True,3 An(s),3 ans,,True,Annuel de 40000.0 Euros à 43000.0 Euros,Annuel,40000,43000,2026-08-06,False,https://candidat.francetravail.fr/offres/recherche/detail/212DLSM
212PFYN,M1718,Chargé(e) de marketing digital,CHARGE D ACQUISITION DIGITALE MARKETPLACE H/F (H/F),LEBRUN SA,62,62 - ARQUES,offre,CDI,CDI,True,Débutant accepté,Débutant accepté,,False,,,,,2026-08-18,False,https://candidat.francetravail.fr/offres/recherche/detail/212PFYN
212SVDP,M1718,Chargé(e) de marketing digital,Chargé(e) de Marketing Solutions Digitales - CDI - H/F (H/F),ARCANES,13,13 - Marseille 8e Arrondissement,offre,CDI,CDI,True,Débutant accepté,Débutant accepté,Bac+3/4,False,Annuel de 26000.0 Euros à 29000.0 Euros sur 12.0 mois,Annuel,26000,29000,2026-08-21,False,https://candidat.francetravail.fr/offres/recherche/detail/212SVDP
212WVFS,M1718,Chargé(e) de marketing digital,Senior Product Marketing Manager (F/H/X) (H/F),EDITIONS TECHNIQUES POUR L'AUTOMOBILE ET,94,94 - GENTILLY,offre,CDI,CDI,True,3 An(s),3 ans,,False,,,,,2026-08-25,False,https://candidat.francetravail.fr/offres/recherche/detail/212WVFS
213DRLV,M1718,Chargé(e) de marketing digital,Responsable acquisition digitale et growth (H/F),ASS FONDATION ETUDIANTE POUR LA VILLE,75,75 - PARIS,offre,CDD,CDD,True,3 An(s),3 ans,,False,Mensuel de 2892.0 Euros à 3032.0 Euros,Mensuel,34704,36384,2026-08-31,False,https://candidat.francetravail.fr/offres/recherche/detail/213DRLV
213FWFF,M1718,Chargé(e) de marketing digital,Chargé / Chargée marketing digital (H/F),AHM BAT,93,93 - DRANCY,offre,CDI,CDI,True,2 An(s),2 ans,,False,Mensuel de 1900.0 Euros,Mensuel,22800,22800,2026-09-01,False,https://candidat.francetravail.fr/offres/recherche/detail/213FWFF
213GCBP,M1718,Chargé(e) de marketing digital,Chargé / Chargée marketing digital (H/F),LEAD & CONNECT,69,69 - Saint-Genis-Laval,offre,CDI,CDI,True,1 Mois,Moins d'un an,,False,,,,,2026-09-01,False,https://candidat.francetravail.fr/offres/recherche/detail/213GCBP
213GXCL,M1718,Chargé(e) de marketing digital,Chargé / Chargée marketing digital (H/F),EDITIONS TECHNIQUES POUR L'AUTOMOBILE ET,94,94 - GENTILLY,offre,CDI,CDI,True,2 An(s),2 ans,,False,,,,,2026-09-02,False,https://candidat.francetravail.fr/offres/recherche/detail/213GXCL
213MPNQ,M1718,Chargé(e) de marketing digital,Business Analyst Digital (H/F),CWF CHILDREN WORLDWIDE FASHION,85,85 - LES HERBIERS,offre,CDI,CDI,True,3 An(s),3 ans,,False,,,,,2026-09-07,False,https://candidat.francetravail.fr/offres/recherche/detail/213MPNQ
213MTFK,M1718,Chargé(e) de marketing digital,CHARGE D'ACQUISITION DIGITIALE (H/F),PLANET FITNESS,13,13 - AIX EN PROVENCE,offre,CDI,CDI,True,2 An(s),2 ans,,False,Mensuel de 2800.0 Euros à 2820.0 Euros,Mensuel,33600,33840,2026-09-07,False,https://candidat.francetravail.fr/offres/recherche/detail/213MTFK
213NPQQ,M1718,Chargé(e) de marketing digital,Coordinateur/trice en communication et marketing digital - 16h (H/F),ASS CENT VEDANT RAMAKRICHNA,77,77 - GRETZ-ARMAINVILLIERS,offre,CDI,CDI,True,Débutant accepté,Débutant accepté,Bac+2,False,Mensuel de 900.0 Euros,Mensuel,10800,10800,2026-09-08,False,https://candidat.francetravail.fr/offres/recherche/detail/213NPQQ
213QKXN,M1718,Chargé(e) de marketing digital,Analyste Solutions digitales Service Clients (H/F),NEXTLINK FRANCE,92,92 - Issy-les-Moulineaux,offre,CDD,CDD,True,3 An(s),3 ans,,False,Annuel de 35000.0 Euros à 45000.0 Euros,Annuel,35000,45000,2026-09-09,False,https://candidat.francetravail.fr/offres/recherche/detail/213QKXN
213QTHS,M1718,Chargé(e) de marketing digital,Chargé / Chargée marketing digital (H/F),,28,28 - NOGENT LE PHAYE,offre,CDI,CDI,True,24 Mois - Marketing direct multicanal,2 ans,Bac+5,False,Annuel de 30000.0 Euros à 32500.0 Euros,Annuel,30000,32500,2026-09-09,False,https://candidat.francetravail.fr/offres/recherche/detail/213QTHS
213RGGD,M1718,Chargé(e) de marketing digital,Chargé / Chargée marketing digital (H/F),BLIESDENTAIRE,57,57 - SARREGUEMINES,offre,CDI,CDI,True,3 An(s),3 ans,,False,,,,,2026-09-10,False,https://candidat.francetravail.fr/offres/recherche/detail/213RGGD
213SCPM,M1718,Chargé(e) de marketing digital,Assistant(e) Communication & Marketing Digital (H/F),THE BRIDGE ECOLE ENTREPRISES,92,92 - NANTERRE,offre,CDD,CDD,True,Débutant accepté,Débutant accepté,,False,Mensuel de 800.0 Euros à 2300.0 Euros,Mensuel,9600,27600,2026-09-10,False,https://candidat.francetravail.fr/offres/recherche/detail/213SCPM
213VQXG,M1718,Chargé(e) de marketing digital,Chargé / Chargée marketing digital (H/F),PLEZI SOFTWARE,34,34 - MONTPELLIER,offre,CDI,CDI,True,2 An(s),2 ans,,False,Annuel de 32000.0 Euros à 38000.0 Euros,Annuel,32000,38000,2026-09-14,False,https://candidat.francetravail.fr/offres/recherche/detail/213VQXG
213YBWR,M1718,Chargé(e) de marketing digital,GROWTH MARKETER H/F (H/F),JUNGHEINRICH FRANCE,78,78 - Vélizy-Villacoublay,offre,CDI,CDI,True,2 An(s),2 ans,,False,,,,,2026-09-16,False,https://candidat.francetravail.fr/offres/recherche/detail/213YBWR
214BJLW,M1718,Chargé(e) de marketing digital,"Chargé, Chargée de marketing (F/H) (H/F)",ESSCA,49,49 - Angers,offre,CDI,CDI,True,2 An(s),2 ans,,True,Annuel de 35000.0 Euros à 38500.0 Euros,Annuel,35000,38500,2026-09-17,False,https://candidat.francetravail.fr/offres/recherche/detail/214BJLW
214CTPQ,M1718,Chargé(e) de marketing digital,Chargé(e) de développement commercial et communication digitale (H/F),S.R.C.,,France,aucune,CDI,CDI,True,Débutant accepté,Débutant accepté,,False,Mensuel de 1865.0 Euros,Mensuel,22380,22380,2026-09-19,False,https://candidat.francetravail.fr/offres/recherche/detail/214CTPQ
214CYRG,M1718,Chargé(e) de marketing digital,Chargé.e de webmarketing H/F (H/F),VANS THEAULT,50,50 - PONTS,offre,CDI,CDI,True,5 An(s),5 ans,Bac+3/4,False,,,,,2026-09-21,False,https://candidat.francetravail.fr/offres/recherche/detail/214CYRG
214DRFL,M1718,Chargé(e) de marketing digital,Chargé commercial & marketing digital (H/F),SOCIETE PATISSERIE MASMOUDI FRANCE,69,69 - LYON,offre,CDI,CDI,True,Débutant accepté,Débutant accepté,Bac+5,False,,,,,2026-09-21,False,https://candidat.francetravail.fr/offres/recherche/detail/214DRFL
214FDLM,M1718,Chargé(e) de marketing digital,Chargé / Chargée marketing digital (H/F),NOKARA,13,13 - ARLES,offre,CDI,CDI,True,Débutant accepté,Débutant accepté,Bac+2,False,Annuel de 28000.0 Euros à 33000.0 Euros,Annuel,28000,33000,2026-09-21,False,https://candidat.francetravail.fr/offres/recherche/detail/214FDLM
214JJPB,M1718,Chargé(e) de marketing digital,Chargé(e) d'acquisition et développement commercial (H/F),MAISON SAVARY,60,60 - CHAMBLY,offre,CDI,CDI,True,Débutant accepté,Débutant accepté,Bac+2,False,,,,,2026-09-24,False,https://candidat.francetravail.fr/offres/recherche/detail/214JJPB
214LLTN,M1718,Chargé(e) de marketing digital,Chargé / Chargée marketing digital (H/F),FIRDAOUS CHARITY FRANCE,93,93 - BOBIGNY,offre,CDI,CDI,True,24 Mois,2 ans,,False,Annuel de 28000.0 Euros,Annuel,28000,28000,2026-09-26,False,https://candidat.francetravail.fr/offres/recherche/detail/214LLTN
214LXFC,M1718,Chargé(e) de marketing digital,ALTERNANT CHARGE DE MARKETING DIGITAL H/F (H/F),JUNGHEINRICH FRANCE,78,78 - Vélizy-Villacoublay,offre,CDD,CDD,True,Débutant accepté,Débutant accepté,Bac+5,False,,,,,2026-09-28,False,https://candidat.francetravail.fr/offres/recherche/detail/214LXFC
214LXQP,M1718,Chargé(e) de marketing digital,Assistant(e) Traffic Manager / Acquisition Digitale (H/F),THE BRIDGE ECOLE ENTREPRISES,92,92 - NANTERRE,offre,CDD,CDD,True,Débutant accepté,Débutant accepté,,False,Mensuel de 800.0 Euros à 2300.0 Euros,Mensuel,9600,27600,2026-09-28,False,https://candidat.francetravail.fr/offres/recherche/detail/214LXQP
214NKDB,M1718,Chargé(e) de marketing digital,Gestionnaire Digital - (H/F),CAISSE EPARGNE PREVOYANCE LANGUEDOC ROUS,34,34 - Montpellier,offre,CDI,CDI,True,Débutant accepté,Débutant accepté,,False,Annuel de 26000.0 Euros à 35000.0 Euros,Annuel,26000,35000,2026-09-29,False,https://candidat.francetravail.fr/offres/recherche/detail/214NKDB
2427329,M1718,Chargé(e) de marketing digital,Head of Talent Acquisition & Development (H/F) / Leiter Talent Acquisition & Development (m/w/d),,,Luxembourg,aucune,CDI,CDI,True,Expérience exigée,"Exigée, sans durée",,True,,,,,2026-05-08,False,https://candidat.francetravail.fr/offres/recherche/detail/2427329
4422057,M1718,Chargé(e) de marketing digital,COMMERCIAL TERRAIN MOBILE MONEY H/F - Guédiawaye Dakar,,,France,aucune,CDI,CDI,True,Débutant accepté,Débutant accepté,,False,,,,,2026-07-01,False,https://candidat.francetravail.fr/offres/recherche/detail/4422057
4526719,M1718,Chargé(e) de marketing digital,Chargé Marketing Digital & Communication H/F,Maison du Talent,06,06 - Nice,offre,CDI,CDI,True,3 An(s),3 ans,,False,Annuel de 35000.0 Euros à 45000.0 Euros,Annuel,35000,45000,2026-07-03,False,https://candidat.francetravail.fr/offres/recherche/detail/4526719
4706918,M1718,Chargé(e) de marketing digital,ADMINISTRATEUR CRM H/F,EJ PICARDIE,60,60 - Saint-Crépin-Ibouvillers,commune,CDI,CDI,True,3 An(s),3 ans,,False,Annuel de 30000.0 Euros à 40000.0 Euros,Annuel,30000,40000,2026-07-09,False,https://candidat.francetravail.fr/offres/recherche/detail/4706918
5193363,M1718,Chargé(e) de marketing digital,Chargé / Chargée marketing digital (H/F),SECTIO-TECH,62,62 - Leulinghem,commune,CDD,CDD,True,Débutant accepté,Débutant accepté,,False,,,,,2026-07-21,False,https://candidat.francetravail.fr/offres/recherche/detail/5193363
5403894,M1718,Chargé(e) de marketing digital,Chargé / Chargée marketing digital (H/F),NANTES EVASION,85,85 - Dompierre-sur-Yon,commune,CDD,CDD,True,Débutant accepté,Débutant accepté,,False,,,,,2026-07-24,False,https://candidat.francetravail.fr/offres/recherche/detail/5403894
5424884,M1718,Chargé(e) de marketing digital,"Alternance Chargé marketing, data et IA - Marseille (F/H)",,13,13 - Marseille,commune,CDD,CDD,True,Débutant accepté,Débutant accepté,,False,,,,,2026-07-24,False,https://candidat.francetravail.fr/offres/recherche/detail/5424884
5503385,M1718,Chargé(e) de marketing digital,Chargé / Chargée marketing digital (H/F),ASSOCIATION IMC ALTERNANCE,93,93 - Saint-Denis,commune,CDD,CDD,True,Débutant accepté,Débutant accepté,,False,,,,,2026-07-28,False,https://candidat.francetravail.fr/offres/recherche/detail/5503385
5688028,M1718,Chargé(e) de marketing digital,Chef / Cheffe de projet marketing digital (H/F),MSD,97,971 - Basse-Terre,commune,CDD,CDD,True,Débutant accepté,Débutant accepté,,False,,,,,2026-08-03,False,https://candidat.francetravail.fr/offres/recherche/detail/5688028
5690951,M1718,Chargé(e) de marketing digital,Alternance - Chargé de marketing et de communication digitale F/H,,01,01 - Saint-Marcel,commune,CDD,CDD,True,Débutant accepté,Débutant accepté,,False,,,,,2026-08-04,False,https://candidat.francetravail.fr/offres/recherche/detail/5690951
5706230,M1718,Chargé(e) de marketing digital,Alternance Chargé(e) de Marketing Digital & E-commerce - Paris (F/H),,75,75 - Paris,commune,CDD,CDD,True,Débutant accepté,Débutant accepté,,False,,,,,2026-08-05,False,https://candidat.francetravail.fr/offres/recherche/detail/5706230
5718443,M1718,Chargé(e) de marketing digital,Web marketer (H/F),TEMMOS HOTELS,74,74 - Chamonix-Mont-Blanc,commune,CDD,CDD,True,Débutant accepté,Débutant accepté,,False,,,,,2026-08-05,False,https://candidat.francetravail.fr/offres/recherche/detail/5718443
5857224,M1718,Chargé(e) de marketing digital,Expert Growth Acquisition F/H - Nanterre - CDI h/f,,92,92 - Nanterre,commune,CDI,CDI,True,Expérience exigée,"Exigée, sans durée",,False,,,,,2026-08-08,False,https://candidat.francetravail.fr/offres/recherche/detail/5857224
6170114,M1718,Chargé(e) de marketing digital,Talent Acquisition Officer H/F,,50,50 - Cherbourg-en-Cotentin,commune,Intérim,MIS,True,Débutant accepté,Débutant accepté,,False,,,,,2026-08-21,False,https://candidat.francetravail.fr/offres/recherche/detail/6170114
6206090,M1718,Chargé(e) de marketing digital,Business Consultant - Transformation Digitale H/F,,92,92 - Courbevoie,commune,Intérim,MIS,True,Débutant accepté,Débutant accepté,,False,,,,,2026-08-22,False,https://candidat.francetravail.fr/offres/recherche/detail/6206090
6207918,M1718,Chargé(e) de marketing digital,ALTERNANCE - Chargé de Marketing Digital & Communication F/H,,59,59 - Lille,commune,CDD,CDD,True,Débutant accepté,Débutant accepté,,False,,,,,2026-08-22,False,https://candidat.francetravail.fr/offres/recherche/detail/6207918
6398590,M1718,Chargé(e) de marketing digital,Chef de projet marketing (H/F),GROUPE PEOPLE AND BABY,75,75 - Paris 9e Arrondissement,commune,CDI,CDI,True,3 An(s),3 ans,,False,Annuel de 35000.0 Euros à 40000.0 Euros,Annuel,35000,40000,2026-08-29,False,https://candidat.francetravail.fr/offres/recherche/detail/6398590
6418399,M1718,Chargé(e) de marketing digital,Business Consultant - Transformation Digitale & Secteur Nucléaire H/F,,92,92 - Courbevoie,commune,Intérim,MIS,True,Débutant accepté,Débutant accepté,,False,,,,,2026-08-29,False,https://candidat.francetravail.fr/offres/recherche/detail/6418399
6445510,M1718,Chargé(e) de marketing digital,Chargé / Chargée marketing digital (H/F),TDV MEDIA,31,31 - Toulouse,commune,CDD,CDD,True,Débutant accepté,Débutant accepté,,False,,,,,2026-08-31,False,https://candidat.francetravail.fr/offres/recherche/detail/6445510
6445528,M1718,Chargé(e) de marketing digital,Chargé / Chargée d'acquisition online (H/F),CN FINANCE GESTION,06,06 - Mougins,commune,CDD,CDD,True,Débutant accepté,Débutant accepté,,False,,,,,2026-08-31,True,https://candidat.francetravail.fr/offres/recherche/detail/6445528
6445550,M1718,Chargé(e) de marketing digital,Chef / Cheffe de projet marketing digital (H/F),NOMAD FORMATION,59,59 - Tourcoing,commune,CDD,CDD,True,Débutant accepté,Débutant accepté,,False,,,,,2026-08-31,False,https://candidat.francetravail.fr/offres/recherche/detail/6445550
6445554,M1718,Chargé(e) de marketing digital,Chargé / Chargée marketing digital (H/F),MP NETTOYAGE,84,84 - Avignon,commune,CDD,CDD,True,Débutant accepté,Débutant accepté,,False,,,,,2026-08-31,False,https://candidat.francetravail.fr/offres/recherche/detail/6445554
6445558,M1718,Chargé(e) de marketing digital,Chargé / Chargée marketing digital (H/F),ASTON.AI,92,92 - Neuilly-sur-Seine,commune,CDD,CDD,True,Débutant accepté,Débutant accepté,,False,,,,,2026-08-31,False,https://candidat.francetravail.fr/offres/recherche/detail/6445558
6478487,M1718,Chargé(e) de marketing digital,Chargé / Chargée d'acquisition online (H/F),CN FINANCE GESTION,06,06 - Mougins,commune,CDD,CDD,True,Débutant accepté,Débutant accepté,,False,,,,,2026-09-01,False,https://candidat.francetravail.fr/offres/recherche/detail/6478487
6505988,M1718,Chargé(e) de marketing digital,Spécialiste en marketing digital (H/F),,35,35 - Saint-Malo,commune,CDI,CDI,True,Débutant accepté,Débutant accepté,,False,Annuel de 28000.0 Euros à 32000.0 Euros,Annuel,28000,32000,2026-09-02,False,https://candidat.francetravail.fr/offres/recherche/detail/6505988
6512105,M1718,Chargé(e) de marketing digital,ALTERNANT(E) EN CREATION DE CONTENU UGC I INFLUENCE I ACQUISITION (H/F),,,Luxembourg,aucune,CDI,CDI,True,Débutant accepté,Débutant accepté,,True,,,,,2026-09-02,False,https://candidat.francetravail.fr/offres/recherche/detail/6512105
6539995,M1718,Chargé(e) de marketing digital,Web marketer (H/F),YONIS DISTRIBUTION,33,33 - Mérignac,commune,CDD,CDD,True,Débutant accepté,Débutant accepté,,False,,,,,2026-09-03,False,https://candidat.francetravail.fr/offres/recherche/detail/6539995
6576371,M1718,Chargé(e) de marketing digital,Alternance Chargé de Projets Marketing digital - Paris (F/H),,75,75 - Paris,commune,CDD,CDD,True,Débutant accepté,Débutant accepté,,False,,,,,2026-09-03,False,https://candidat.francetravail.fr/offres/recherche/detail/6576371
6598654,M1718,Chargé(e) de marketing digital,Chargé / Chargée marketing digital (H/F),M LACE COLLECTION,97,972 - Fort-de-France,commune,CDD,CDD,True,Débutant accepté,Débutant accepté,,False,,,,,2026-09-04,False,https://candidat.francetravail.fr/offres/recherche/detail/6598654
6598657,M1718,Chargé(e) de marketing digital,Chargé / Chargée marketing digital (H/F),GESTION ENTREPRISE CONSEIL TRANSMISSION GECT,89,89 - Paron,commune,CDD,CDD,True,Débutant accepté,Débutant accepté,,False,,,,,2026-09-04,False,https://candidat.francetravail.fr/offres/recherche/detail/6598657
6625400,M1718,Chargé(e) de marketing digital,Consultant Senior Capital markets & accounting advisory 26-27 (H/F),,92,92 - Levallois-Perret,commune,Intérim,MIS,True,Débutant accepté,Débutant accepté,,False,,,,,2026-09-04,False,https://candidat.francetravail.fr/offres/recherche/detail/6625400
6639382,M1718,Chargé(e) de marketing digital,Chargé de marketing digital (H/F),,69,69 - Lyon 5e Arrondissement,commune,CDI,CDI,True,3 An(s),3 ans,,False,,,,,2026-09-05,False,https://candidat.francetravail.fr/offres/recherche/detail/6639382
6644267,M1718,Chargé(e) de marketing digital,Chargé / Chargée marketing digital (H/F),COTE D'AZUR VILLAS,06,06 - Valbonne,commune,CDD,CDD,True,Débutant accepté,Débutant accepté,,False,,,,,2026-09-05,False,https://candidat.francetravail.fr/offres/recherche/detail/6644267
6667404,M1718,Chargé(e) de marketing digital,Alternance Chargé(e) de Marketing Digital & Acquisition - Lyon (F/H),,69,69 - Lyon,commune,CDD,CDD,True,Débutant accepté,Débutant accepté,,False,,,,,2026-09-05,False,https://candidat.francetravail.fr/offres/recherche/detail/6667404
6682593,M1718,Chargé(e) de marketing digital,Alternance - Community Manager - Bachelor Marketing Digital H/F,,35,35 - Betton,commune,CDD,CDD,True,Débutant accepté,Débutant accepté,,False,,,,,2026-09-06,False,https://candidat.francetravail.fr/offres/recherche/detail/6682593
6682640,M1718,Chargé(e) de marketing digital,Alternance - Chargé de Marketing Digital - Bachelor H/F,,35,35 - Bruz,commune,CDD,CDD,True,Débutant accepté,Débutant accepté,,False,,,,,2026-09-06,False,https://candidat.francetravail.fr/offres/recherche/detail/6682640
6697892,M1718,Chargé(e) de marketing digital,Burger King France - Chef / Cheffe de projet marketing digital (H/F),Burger King France,92,92 - Clichy,commune,CDI,CDI,True,2 An(s),2 ans,,True,,,,,2026-09-07,False,https://candidat.francetravail.fr/offres/recherche/detail/6697892
6707404,M1718,Chargé(e) de marketing digital,Web marketer (H/F),CLEER,75,75 - Paris 17e Arrondissement,commune,CDD,CDD,True,Débutant accepté,Débutant accepté,,False,,,,,2026-09-08,False,https://candidat.francetravail.fr/offres/recherche/detail/6707404
6707413,M1718,Chargé(e) de marketing digital,Chef / Cheffe de projet marketing digital (H/F),MIND ME AND CO,57,57 - Sarreguemines,commune,CDD,CDD,True,Débutant accepté,Débutant accepté,,False,,,,,2026-09-08,False,https://candidat.francetravail.fr/offres/recherche/detail/6707413
6707431,M1718,Chargé(e) de marketing digital,Chargé / Chargée d'acquisition online (H/F),MARBLE  I,75,75 - Paris 11e Arrondissement,commune,CDD,CDD,True,Débutant accepté,Débutant accepté,,False,,,,,2026-09-08,False,https://candidat.francetravail.fr/offres/recherche/detail/6707431
6707441,M1718,Chargé(e) de marketing digital,Chargé / Chargée d'acquisition online (H/F),MARBLE  I,75,75 - Paris 11e Arrondissement,commune,CDD,CDD,True,Débutant accepté,Débutant accepté,,False,,,,,2026-09-08,True,https://candidat.francetravail.fr/offres/recherche/detail/6707441
6728911,M1718,Chargé(e) de marketing digital,Business Consultant - Transformation Digitale & Secteur Nucléaire H/F,,69,69 - Lyon,commune,Intérim,MIS,True,Débutant accepté,Débutant accepté,,False,,,,,2026-09-08,False,https://candidat.francetravail.fr/offres/recherche/detail/6728911
6738153,M1718,Chargé(e) de marketing digital,Chef de projet SEO et Marketing Digital H/F h/f,,41,41 - Saint-Ouen,commune,CDI,CDI,True,2 An(s),2 ans,,False,,,,,2026-09-08,False,https://candidat.francetravail.fr/offres/recherche/detail/6738153
6775796,M1718,Chargé(e) de marketing digital,MEDIAPOSTE - Chargé / Chargée de marketing digital (H/F),MEDIAPOSTE,75,75 - Paris 14e Arrondissement,commune,CDD,CDD,True,2 An(s),2 ans,,True,Annuel de 32000.0 Euros à 35000.0 Euros - + 2000€ de variable / an,Annuel,32000,35000,2026-09-09,False,https://candidat.francetravail.fr/offres/recherche/detail/6775796
6824651,M1718,Chargé(e) de marketing digital,Campaign Manager Digital - (H/F) - Freelance,Collective.work,94,94 - Rungis,commune,Profession libérale,LIB,False,3 An(s),3 ans,,False,,,,,2026-09-11,False,https://candidat.francetravail.fr/offres/recherche/detail/6824651
6824998,M1718,Chargé(e) de marketing digital,Data Analyst Digital - Web Analyst (F/H) - Freelance,Collective.work,34,34 - Montpellier,commune,Profession libérale,LIB,False,Débutant accepté,Débutant accepté,,True,,,,,2026-09-11,False,https://candidat.francetravail.fr/offres/recherche/detail/6824998
6825195,M1718,Chargé(e) de marketing digital,Business Analyst Digital Marketing & IA (F/H) - Freelance,Collective.work,75,75 - Paris,commune,Profession libérale,LIB,False,Débutant accepté,Débutant accepté,,False,,,,,2026-09-11,False,https://candidat.francetravail.fr/offres/recherche/detail/6825195
6825445,M1718,Chargé(e) de marketing digital,Software Engineer iOS H/F - Shopping App (Paris ou Lille) - Freelance,Collective.work,75,75 - Paris,commune,Profession libérale,LIB,False,Débutant accepté,Débutant accepté,,False,,,,,2026-09-11,False,https://candidat.francetravail.fr/offres/recherche/detail/6825445
6825452,M1718,Chargé(e) de marketing digital,Digital Analyst / Web Analyst - Freelance - Région lilloise - Freelance (H/F),Collective.work,59,59 - Roubaix,commune,Profession libérale,LIB,False,Débutant accepté,Débutant accepté,,True,,,,,2026-09-11,False,https://candidat.francetravail.fr/offres/recherche/detail/6825452
6825697,M1718,Chargé(e) de marketing digital,Product Owner - Échanges de Données (Fichiers & Messages) Freelance - Freelance (H/F),Collective.work,92,92 - Châtillon,commune,Profession libérale,LIB,False,3 An(s),3 ans,,True,,,,,2026-09-11,False,https://candidat.francetravail.fr/offres/recherche/detail/6825697
6825887,M1718,Chargé(e) de marketing digital,Tech Recruiter / Talent Acquisition Partner - RPO - Freelance (H/F),Collective.work,75,75 - Paris,commune,Profession libérale,LIB,False,Débutant accepté,Débutant accepté,,False,,,,,2026-09-11,False,https://candidat.francetravail.fr/offres/recherche/detail/6825887
6827348,M1718,Chargé(e) de marketing digital,Alternance Business Developer & Communication (Marketing Digital & IA) H/F - Vitry-sur-Seine (F/H),,94,94 - Vitry-sur-Seine,commune,CDD,CDD,True,Débutant accepté,Débutant accepté,,False,,,,,2026-09-11,False,https://candidat.francetravail.fr/offres/recherche/detail/6827348
6848568,M1718,Chargé(e) de marketing digital,"Consultant.e Data - Luxe, Retail, Hospitalité, Services - CDI H/F",,92,92 - Nanterre,commune,CDI,CDI,True,Débutant accepté,Débutant accepté,,False,,,,,2026-09-12,False,https://candidat.francetravail.fr/offres/recherche/detail/6848568
6866174,M1718,Chargé(e) de marketing digital,Consultant Senior CRM - Marketing Automation Senior (H/F),Fed Group,92,92 - Issy-les-Moulineaux,commune,CDI,CDI,True,5 An(s),5 ans,Bac+5,True,Annuel de 50000.0 Euros à 55000.0 Euros - Package +10%,Annuel,50000,55000,2026-09-15,False,https://candidat.francetravail.fr/offres/recherche/detail/6866174
6895171,M1718,Chargé(e) de marketing digital,Digital Analyst / Web Analyst - Lille - Freelance (H/F),Collective.work,59,59 - Lille,commune,Profession libérale,LIB,False,Débutant accepté,Débutant accepté,,True,,,,,2026-09-15,False,https://candidat.francetravail.fr/offres/recherche/detail/6895171
6895789,M1718,Chargé(e) de marketing digital,Alternance Talent Acquisition et chargé(e) de Relations Ecoles - Paris (H/F),ISCOD,75,75 - Paris 15e Arrondissement,commune,CDD,CDD,True,1 An(s),1 an,,False,,,,,2026-09-15,False,https://candidat.francetravail.fr/offres/recherche/detail/6895789
6928591,M1718,Chargé(e) de marketing digital,Conseiller Clientèle Digital Business H/F,,79,79 - Niort,commune,CDD,CDD,True,Débutant accepté,Débutant accepté,,False,,,,,2026-09-16,False,https://candidat.francetravail.fr/offres/recherche/detail/6928591
7030258,M1718,Chargé(e) de marketing digital,Chargé(e) d'Acquisition Digital (SEA/Paid Média) - CDI // Aix-en-Provence - CDI (H/F),Collective.work,13,13 - Aix-en-Provence,commune,CDI,CDI,True,2 An(s),2 ans,,False,Annuel de 36000.0 Euros à 39000.0 Euros,Annuel,36000,39000,2026-09-19,False,https://candidat.francetravail.fr/offres/recherche/detail/7030258
7030273,M1718,Chargé(e) de marketing digital,Consultant Data Analytics/ Data Marketing - Freelance (H/F),Collective.work,75,75 - Paris,commune,Profession libérale,LIB,False,2 An(s),2 ans,,False,,,,,2026-09-19,False,https://candidat.francetravail.fr/offres/recherche/detail/7030273
7030362,M1718,Chargé(e) de marketing digital,Traffic Manager - 5J sem - Lille - Freelance (H/F),Collective.work,59,59 - Lille,commune,Profession libérale,LIB,False,Débutant accepté,Débutant accepté,,False,,,,,2026-09-19,False,https://candidat.francetravail.fr/offres/recherche/detail/7030362
7032653,M1718,Chargé(e) de marketing digital,Alternance Assistant Business Development & Stratégie Digitale - Paris (F/H),,75,75 - Paris,commune,CDD,CDD,True,Débutant accepté,Débutant accepté,,False,,,,,2026-09-19,False,https://candidat.francetravail.fr/offres/recherche/detail/7032653
7059865,M1718,Chargé(e) de marketing digital,Chargé de marketing (H/F),Forums Talents Handicap,78,78 - Vélizy-Villacoublay,commune,Intérim,MIS,True,Débutant accepté,Débutant accepté,,False,,,,,2026-09-21,False,https://candidat.francetravail.fr/offres/recherche/detail/7059865
7092800,M1718,Chargé(e) de marketing digital,FREELANCE - Consultant Web & Marketing Digital (H/F) - Freelance,Collective.work,59,59 - Villeneuve-d'Ascq,commune,Profession libérale,LIB,False,2 An(s),2 ans,,False,,,,,2026-09-22,False,https://candidat.francetravail.fr/offres/recherche/detail/7092800
7092853,M1718,Chargé(e) de marketing digital,Data Analyse  Sénior - Freelance (H/F),Collective.work,91,91 - Massy,commune,Profession libérale,LIB,False,Débutant accepté,Débutant accepté,,False,,,,,2026-09-22,False,https://candidat.francetravail.fr/offres/recherche/detail/7092853
7125917,M1718,Chargé(e) de marketing digital,Tracking Specialist - E-commerce Mobile & Web - Freelance (H/F),Collective.work,59,59 - Lille,commune,Profession libérale,LIB,False,Débutant accepté,Débutant accepté,,False,,,,,2026-09-23,False,https://candidat.francetravail.fr/offres/recherche/detail/7125917
7126106,M1718,Chargé(e) de marketing digital,Consultant Brand Analytics & Marketing Insights - Freelance (H/F),Collective.work,75,75 - Paris,commune,Profession libérale,LIB,False,2 An(s),2 ans,,False,,,,,2026-09-23,False,https://candidat.francetravail.fr/offres/recherche/detail/7126106
7134849,M1718,Chargé(e) de marketing digital,Talent Acquisition Specialist & Employer Branding (H/F) - PARIS SOCIETY,,81,81 - Parisot,commune,Intérim,MIS,True,Débutant accepté,Débutant accepté,,False,,,,,2026-09-23,False,https://candidat.francetravail.fr/offres/recherche/detail/7134849
7135042,M1718,Chargé(e) de marketing digital,Alternance Assistant(e) Commercial(e) & Marketing Digital - Paris (F/H),,75,75 - Paris,commune,CDD,CDD,True,Débutant accepté,Débutant accepté,,False,,,,,2026-09-23,False,https://candidat.francetravail.fr/offres/recherche/detail/7135042
7161758,M1718,Chargé(e) de marketing digital,Data Visualization Expert - CDI (H/F),Collective.work,91,91 - Massy,commune,CDI,CDI,True,Débutant accepté,Débutant accepté,,False,Annuel de 52000.0 Euros à 52000.0 Euros,Annuel,52000,52000,2026-09-24,False,https://candidat.francetravail.fr/offres/recherche/detail/7161758
7161783,M1718,Chargé(e) de marketing digital,Consultant Marketing Analytics/Brand Performance - Freelance (H/F),Collective.work,75,75 - Paris,commune,Profession libérale,LIB,False,Débutant accepté,Débutant accepté,,False,,,,,2026-09-24,False,https://candidat.francetravail.fr/offres/recherche/detail/7161783
7421751,M1718,Chargé(e) de marketing digital,Développeur Android Confirmé - Freelance (H/F),Collective.work,59,59 - Lille,commune,Profession libérale,LIB,False,2 An(s),2 ans,,True,,,,,2026-09-26,False,https://candidat.francetravail.fr/offres/recherche/detail/7421751
7424511,M1718,Chargé(e) de marketing digital,CRM Webmarketing Assistant H/F,,81,81 - Parisot,commune,Intérim,MIS,True,Débutant accepté,Débutant accepté,,False,,,,,2026-09-26,False,https://candidat.francetravail.fr/offres/recherche/detail/7424511
7430865,M1718,Chargé(e) de marketing digital,CHARGÉ DE MARKETING DIGITAL - H/F,Hexanet,51,51 - Reims,commune,CDI,CDI,True,2 An(s),2 ans,,True,Annuel de 3.5E+7 Euros à 4.5E+7 Euros,Annuel,,,2026-09-26,False,https://candidat.francetravail.fr/offres/recherche/detail/7430865
7430866,M1718,Chargé(e) de marketing digital,CHARGÉ DE MARKETING DIGITAL - H/F,Hexanet,77,77 - Serris,commune,CDI,CDI,True,2 An(s),2 ans,,True,Annuel de 3.5E+7 Euros à 4.5E+7 Euros,Annuel,,,2026-09-26,False,https://candidat.francetravail.fr/offres/recherche/detail/7430866
7449344,M1718,Chargé(e) de marketing digital,Head of Marketing Production H/F - B2B2C & International,,35,35 - Rennes,commune,CDI,CDI,True,Débutant accepté,Débutant accepté,,False,,,,,2026-09-27,False,https://candidat.francetravail.fr/offres/recherche/detail/7449344
7489621,M1718,Chargé(e) de marketing digital,Data Analyst Marketing Digital - Freelance (H/F),Collective.work,75,75 - Paris,commune,Profession libérale,LIB,False,3 An(s),3 ans,,False,,,,,2026-09-29,False,https://candidat.francetravail.fr/offres/recherche/detail/7489621
7489624,M1718,Chargé(e) de marketing digital,QA Automaticien - CDI (H/F),Collective.work,75,75 - Paris,commune,CDI,CDI,True,4 An(s),4 ans,,False,Annuel de 55000.0 Euros à 65000.0 Euros,Annuel,55000,65000,2026-09-29,False,https://candidat.francetravail.fr/offres/recherche/detail/7489624
